# Blender 4.3.2
# www.blender.org
mtllib lodka.mtl
o СёрфОкружность.002
v 4.750286 0.504912 -0.010896
v 4.638716 0.270949 -0.000000
v 4.638716 0.270696 -0.003650
v 4.638716 0.270949 -0.007538
v 4.638716 0.277274 -0.024050
v 4.638716 0.240553 -0.021904
v 4.638716 0.239501 -0.018187
v 4.638716 0.238001 -0.011387
v 4.638716 0.237374 -0.006702
v 4.638716 0.237088 -0.002217
v 4.638716 0.237121 -0.000000
v 4.638716 0.238277 0.009354
v 4.638716 0.239048 0.012320
v 4.333095 0.317878 0.411581
v 4.333095 0.360811 0.436433
v 4.333095 0.396472 0.455656
v 4.333095 0.423467 0.468299
v 4.333095 0.440463 0.473471
v 4.333095 0.446262 0.470396
v 4.333095 0.439894 0.458479
v 4.333094 0.420694 0.437357
v 4.333095 0.388380 0.406949
v 4.333094 0.343087 0.367477
v 4.333095 0.285392 0.319475
v 4.333095 0.216285 0.263762
v 4.333095 0.137118 0.201399
v 4.333095 0.049518 0.133623
v 4.333095 -0.044716 0.061770
v 4.333095 -0.053213 0.051349
v 4.333094 -0.060112 0.041493
v 4.333095 -0.065570 0.032072
v 4.333095 -0.069704 0.022976
v 4.333095 -0.072599 0.014104
v 4.333095 -0.074314 0.005365
v 4.333095 -0.074881 -0.003327
v 4.333095 -0.074314 -0.012057
v 4.333095 -0.072599 -0.020910
v 4.333095 -0.148293 -0.020699
v 4.333095 -0.149360 -0.013601
v 4.333095 -0.150041 -0.006760
v 4.333095 -0.150343 -0.000000
v 4.333095 -0.150267 0.006418
v 4.333095 -0.149808 0.012881
v 4.333095 -0.148950 0.019343
v 4.333095 -0.147673 0.025870
v 4.333095 -0.145942 0.032532
v 4.333095 -0.143712 0.039406
v 4.333095 -0.122464 0.061462
v 4.333094 -0.097626 0.085812
v 4.333095 -0.069421 0.112174
v 4.333095 -0.038197 0.140180
v 4.333095 -0.004419 0.169394
v 4.333095 0.031361 0.199334
v 4.333095 0.068524 0.229496
v 4.333095 0.106428 0.259386
v 4.333095 0.144437 0.288541
v 4.333095 0.181957 0.316553
v 4.333095 0.218458 0.343084
v 4.333095 0.253498 0.367874
v 4.333095 0.286724 0.390742
v 4.047729 0.204938 0.612587
v 4.047729 0.268644 0.649463
v 4.047729 0.321558 0.677987
v 4.047729 0.361616 0.696748
v 4.047729 0.386835 0.704421
v 4.047729 0.395440 0.699859
v 4.047729 0.385990 0.682175
v 4.047729 0.357501 0.650834
v 4.047729 0.309551 0.605713
v 4.047729 0.242344 0.547144
v 4.047729 0.156733 0.475916
v 4.047729 0.054190 0.393247
v 4.047729 -0.063281 0.300710
v 4.047729 -0.193267 0.200140
v 4.047729 -0.333095 0.093523
v 4.047729 -0.345702 0.078059
v 4.047729 -0.355939 0.063434
v 4.047729 -0.364038 0.049455
v 4.047729 -0.370172 0.035958
v 4.047729 -0.374468 0.022793
v 4.047729 -0.377012 0.009826
v 4.047729 -0.377855 -0.003072
v 4.047729 -0.377012 -0.016026
v 4.047729 -0.488370 -0.018316
v 4.047729 -0.489380 -0.008165
v 4.047729 -0.489828 0.001705
v 4.047729 -0.489715 0.011389
v 4.047729 -0.489034 0.020979
v 4.047729 -0.487762 0.030568
v 4.047729 -0.485866 0.040253
v 4.047729 -0.483297 0.050137
v 4.047729 -0.479989 0.060338
v 4.047729 -0.448461 0.093065
v 4.047729 -0.411605 0.129197
v 4.047729 -0.369752 0.168314
v 4.047729 -0.323422 0.209870
v 4.047729 -0.273299 0.253219
v 4.047729 -0.220208 0.297645
v 4.047729 -0.165064 0.342402
v 4.047729 -0.108820 0.386754
v 4.047729 -0.052421 0.430015
v 4.047729 0.003253 0.471580
v 4.047729 0.057415 0.510948
v 4.047729 0.109408 0.547732
v 4.047729 0.158710 0.581665
v 3.782619 0.106801 0.784156
v 3.782619 0.188241 0.831297
v 3.782619 0.255886 0.867762
v 3.782620 0.307094 0.891745
v 3.782619 0.339333 0.901555
v 3.782619 0.350333 0.895722
v 3.782619 0.338253 0.873117
v 3.782619 0.301834 0.833051
v 3.782619 0.240536 0.775369
v 3.782619 0.154620 0.700495
v 3.782619 0.045178 0.609440
v 3.782619 -0.085910 0.503759
v 3.782619 -0.236082 0.385462
v 3.782619 -0.402252 0.256896
v 3.782619 -0.581004 0.120599
v 3.782619 -0.597122 0.100831
v 3.782620 -0.610208 0.082135
v 3.782620 -0.620561 0.064265
v 3.782619 -0.628403 0.047010
v 3.782619 -0.633895 0.030181
v 3.782619 -0.637148 0.013604
v 3.782619 -0.638225 -0.002884
v 3.782619 -0.637148 -0.019444
v 3.782619 -0.779504 -0.022372
v 3.782619 -0.780795 -0.009395
v 3.782619 -0.781367 0.003222
v 3.782619 -0.781224 0.015602
v 3.782619 -0.780352 0.027861
v 3.782619 -0.778726 0.040120
v 3.782619 -0.776302 0.052501
v 3.782619 -0.773019 0.065137
v 3.782619 -0.768790 0.078177
v 3.782619 -0.728485 0.120015
v 3.782619 -0.681369 0.166205
v 3.782619 -0.627866 0.216210
v 3.782619 -0.568639 0.269334
v 3.782619 -0.504564 0.324751
v 3.782619 -0.436694 0.381543
v 3.782619 -0.366198 0.438759
v 3.782619 -0.294298 0.495457
v 3.782620 -0.222199 0.550761
v 3.782619 -0.151028 0.603897
v 3.782619 -0.081788 0.654224
v 3.782619 -0.015322 0.701247
v 3.782619 0.047705 0.744626
v 3.537766 0.023467 0.926290
v 3.537766 0.119602 0.981936
v 3.537766 0.199453 1.024981
v 3.537766 0.259901 1.053292
v 3.537766 0.297957 1.064871
v 3.537766 0.310942 1.057986
v 3.537766 0.296682 1.031302
v 3.537766 0.253692 0.984007
v 3.537766 0.181333 0.915917
v 3.537766 0.079914 0.827533
v 3.537766 -0.049275 0.720048
v 3.537766 -0.204017 0.595297
v 3.537766 -0.381285 0.455655
v 3.537766 -0.577439 0.303891
v 3.537766 -0.788445 0.143001
v 3.537766 -0.807471 0.119666
v 3.537766 -0.822919 0.097596
v 3.537766 -0.835140 0.076502
v 3.537766 -0.844396 0.056133
v 3.537766 -0.850879 0.036267
v 3.537766 -0.854719 0.016700
v 3.537766 -0.855991 -0.002764
v 3.537766 -0.854719 -0.022312
v 3.537766 -1.024285 -0.010450
v 3.537766 -1.024961 0.004444
v 3.537766 -1.024792 0.019057
v 3.537766 -1.023764 0.033529
v 3.537766 -1.021844 0.048000
v 3.537766 -1.018983 0.062615
v 3.537766 -1.015107 0.077531
v 3.537766 -1.010115 0.092924
v 3.537766 -0.962537 0.142310
v 3.537766 -0.906920 0.196835
v 3.537766 -0.843763 0.255864
v 3.537766 -0.773848 0.318574
v 3.537766 -0.698212 0.383989
v 3.537766 -0.618095 0.451030
v 3.537766 -0.534880 0.518569
v 3.537766 -0.450006 0.585498
v 3.537766 -0.364897 0.650781
v 3.537766 -0.280884 0.713505
v 3.537766 -0.199150 0.772912
v 3.537766 -0.120692 0.828421
v 3.537766 -0.046292 0.879627
v 3.313169 -0.045063 1.038987
v 3.313169 0.062728 1.101381
v 3.313169 0.152260 1.149644
v 3.313169 0.220037 1.181387
v 3.313169 0.262707 1.194371
v 3.313169 0.277267 1.186652
v 3.313169 0.261278 1.156731
v 3.313169 0.213076 1.103702
v 3.313169 0.131943 1.027356
v 3.313169 0.018228 0.928256
v 3.313169 -0.126625 0.807739
v 3.313169 -0.300129 0.667863
v 3.313169 -0.498890 0.511289
v 3.313169 -0.718827 0.341124
v 3.313169 -0.955417 0.160727
v 3.313169 -0.976750 0.134562
v 3.313169 -0.994071 0.109817
v 3.313169 -1.007774 0.086165
v 3.313169 -1.018152 0.063327
v 3.313169 -1.025422 0.041052
v 3.313169 -1.029727 0.019112
v 3.313169 -1.031152 -0.002711
v 3.313169 -1.029727 -0.024630
v 3.313169 -1.219853 -0.011330
v 3.313169 -1.220611 0.005370
v 3.313169 -1.220421 0.021756
v 3.313169 -1.219267 0.037982
v 3.313169 -1.217115 0.054207
v 3.313169 -1.213907 0.070594
v 3.313169 -1.209561 0.087319
v 3.313169 -1.203964 0.104578
v 3.313169 -1.150617 0.159953
v 3.313169 -1.088257 0.221088
v 3.313169 -1.017442 0.287274
v 3.313169 -0.939050 0.357587
v 3.313169 -0.854243 0.430934
v 3.313169 -0.764413 0.506103
v 3.313169 -0.671108 0.581832
v 3.313169 -0.575943 0.656875
v 3.313169 -0.480515 0.730074
v 3.313169 -0.386316 0.800402
v 3.313169 -0.294672 0.867013
v 3.313169 -0.206701 0.929252
v 3.313169 -0.123281 0.986666
v 3.108828 -0.098790 1.122248
v 3.108828 0.017618 1.189630
v 3.108828 0.114308 1.241751
v 3.108828 0.187503 1.276032
v 3.108827 0.233584 1.290054
v 3.108828 0.249308 1.281717
v 3.108827 0.232041 1.249405
v 3.108827 0.179985 1.192136
v 3.108828 0.092367 1.109688
v 3.108828 -0.030439 1.002665
v 3.108828 -0.186873 0.872514
v 3.108828 -0.374246 0.721455
v 3.108827 -0.588898 0.552365
v 3.108828 -0.826417 0.368596
v 3.108828 -1.081921 0.173777
v 3.108828 -1.104958 0.145521
v 3.108827 -1.123664 0.118797
v 3.108828 -1.138462 0.093255
v 3.108828 -1.149671 0.068591
v 3.108828 -1.157521 0.044536
v 3.108828 -1.162170 0.020842
v 3.108828 -1.163710 -0.002726
v 3.108827 -1.367495 -0.012034
v 3.108828 -1.368314 0.006001
v 3.108828 -1.368109 0.023696
v 3.108828 -1.366863 0.041220
v 3.108828 -1.364539 0.058742
v 3.108828 -1.361075 0.076439
v 3.108827 -1.356381 0.094501
v 3.108828 -1.350336 0.113140
v 3.108828 -1.292725 0.172941
v 3.108828 -1.225379 0.238964
v 3.108828 -1.148904 0.310441
v 3.108828 -1.064245 0.386375
v 3.108827 -0.972658 0.465586
v 3.108827 -0.875647 0.546764
v 3.108828 -0.774883 0.628546
v 3.108828 -0.672111 0.709590
v 3.108828 -0.569053 0.788639
v 3.108828 -0.467323 0.864590
v 3.108828 -0.368354 0.936526
v 3.108827 -0.273350 1.003740
v 3.108828 -0.183261 1.065745
v 2.924742 -0.137714 1.176073
v 2.924742 -0.015727 1.246684
v 2.924742 0.085595 1.301303
v 2.924742 0.162298 1.337226
v 2.924742 0.210588 1.351920
v 2.924742 0.227065 1.343184
v 2.924742 0.208971 1.309323
v 2.924742 0.154420 1.249311
v 2.924742 0.062603 1.162911
v 2.924742 -0.066088 1.050760
v 2.924742 -0.230017 0.914371
v 2.924742 -0.426370 0.756074
v 2.924742 -0.651307 0.578882
v 2.924742 -0.900208 0.386307
v 2.924742 -1.167955 0.182152
v 2.924742 -1.192096 0.152542
v 2.924742 -1.211699 0.124538
v 2.924742 -1.227206 0.097771
v 2.924742 -1.238952 0.071926
v 2.924742 -1.247178 0.046718
v 2.924742 -1.252050 0.021888
v 2.924742 -1.253664 -0.002809
v 2.924742 -1.467215 -0.012563
v 2.924742 -1.468072 0.006337
v 2.924742 -1.467858 0.024880
v 2.924742 -1.466552 0.043243
v 2.924742 -1.464117 0.061605
v 2.924742 -1.460486 0.080150
v 2.924742 -1.455568 0.099077
v 2.924742 -1.449233 0.118610
v 2.924742 -1.388862 0.181276
v 2.924742 -1.318288 0.250463
v 2.924742 -1.238148 0.325365
v 2.924742 -1.149433 0.404938
v 2.924742 -1.053457 0.487944
v 2.924742 -0.951797 0.573012
v 2.924742 -0.846204 0.658714
v 2.924742 -0.738507 0.743640
v 2.924742 -0.630512 0.826478
v 2.924742 -0.523907 0.906069
v 2.924742 -0.420195 0.981451
v 2.924742 -0.320638 1.051886
v 2.924742 -0.226232 1.116862
v 2.758942 -0.162672 1.202625
v 2.758942 -0.037924 1.274834
v 2.758942 0.065693 1.330690
v 2.758942 0.144133 1.367427
v 2.758942 0.193516 1.382453
v 2.758942 0.210366 1.373519
v 2.758942 0.191862 1.338892
v 2.758942 0.136076 1.277520
v 2.758942 0.042180 1.189164
v 2.758942 -0.089424 1.074474
v 2.758942 -0.257066 0.934997
v 2.758942 -0.457864 0.773116
v 2.758942 -0.687894 0.591911
v 2.758942 -0.942431 0.394977
v 2.758942 -1.216240 0.186200
v 2.758942 -1.240928 0.155919
v 2.758942 -1.260974 0.127280
v 2.758942 -1.276833 0.099908
v 2.758942 -1.288844 0.073477
v 2.758942 -1.297257 0.047699
v 2.758942 -1.302239 0.022307
v 2.758942 -1.303889 -0.002950
v 2.758942 -1.522275 -0.012924
v 2.758942 -1.523152 0.006403
v 2.758942 -1.522933 0.025366
v 2.758942 -1.521598 0.044145
v 2.758942 -1.519107 0.062923
v 2.758942 -1.515394 0.081888
v 2.758942 -1.510365 0.101243
v 2.758942 -1.503887 0.121218
v 2.758942 -1.442148 0.185304
v 2.758942 -1.369977 0.256057
v 2.758942 -1.288023 0.332655
v 2.758942 -1.197299 0.414030
v 2.758942 -1.099150 0.498915
v 2.758942 -0.995188 0.585909
v 2.758942 -0.887204 0.673551
v 2.758942 -0.777069 0.760401
v 2.758942 -0.666628 0.845114
v 2.758942 -0.557609 0.926507
v 2.758942 -0.451549 1.003596
v 2.758942 -0.349738 1.075626
v 2.758942 -0.253195 1.142073
v 2.595440 -0.180461 1.219445
v 2.595440 -0.053960 1.292668
v 2.595440 0.051113 1.349309
v 2.595440 0.130654 1.386562
v 2.595440 0.180731 1.401800
v 2.595440 0.197818 1.392740
v 2.595440 0.179054 1.357626
v 2.595440 0.122484 1.295392
v 2.595440 0.027269 1.205795
v 2.595440 -0.106184 1.089494
v 2.595440 -0.276181 0.948058
v 2.595440 -0.479800 0.783902
v 2.595440 -0.713062 0.600151
v 2.595440 -0.971174 0.400450
v 2.595440 -1.248830 0.188740
v 2.595440 -1.273865 0.158034
v 2.595440 -1.294193 0.128993
v 2.595440 -1.310274 0.101236
v 2.595440 -1.322455 0.074434
v 2.595440 -1.330985 0.048293
v 2.595440 -1.336038 0.022544
v 2.595440 -1.337711 -0.003067
v 2.595440 -1.559165 -0.013181
v 2.595440 -1.560055 0.006417
v 2.595440 -1.559832 0.025647
v 2.595440 -1.558478 0.044690
v 2.595440 -1.555952 0.063731
v 2.595440 -1.552187 0.082962
v 2.595440 -1.547087 0.102590
v 2.595440 -1.540518 0.122846
v 2.595440 -1.477912 0.187832
v 2.595440 -1.404727 0.259579
v 2.595440 -1.321621 0.337253
v 2.595440 -1.229622 0.419770
v 2.595440 -1.130095 0.505849
v 2.595440 -1.024673 0.594065
v 2.595440 -0.915172 0.682938
v 2.595440 -0.803489 0.771008
v 2.595440 -0.691497 0.856912
v 2.595440 -0.580947 0.939447
v 2.595440 -0.473397 1.017620
v 2.595440 -0.370155 1.090662
v 2.595440 -0.272256 1.158042
v 2.430732 -0.192570 1.230378
v 2.430732 -0.064930 1.304260
v 2.430732 0.041089 1.361411
v 2.430732 0.121347 1.399000
v 2.430732 0.171875 1.414375
v 2.430732 0.189116 1.405234
v 2.430732 0.170183 1.369804
v 2.430732 0.113104 1.307009
v 2.430732 0.017031 1.216605
v 2.430732 -0.117624 1.099257
v 2.430732 -0.289151 0.956547
v 2.430732 -0.494604 0.790913
v 2.430732 -0.729967 0.605507
v 2.430732 -0.990404 0.404007
v 2.430732 -1.270560 0.190391
v 2.430732 -1.295821 0.159409
v 2.430732 -1.316331 0.130106
v 2.430732 -1.332558 0.102099
v 2.430732 -1.344848 0.075055
v 2.430732 -1.353455 0.048679
v 2.430732 -1.358553 0.022699
v 2.430732 -1.360241 -0.003143
v 2.430732 -1.583689 -0.013349
v 2.430732 -1.584587 0.006427
v 2.430732 -1.584362 0.025829
v 2.430732 -1.582996 0.045044
v 2.430732 -1.580448 0.064256
v 2.430732 -1.576649 0.083661
v 2.430732 -1.571503 0.103465
v 2.430732 -1.564875 0.123903
v 2.430732 -1.501705 0.189474
v 2.430732 -1.427861 0.261868
v 2.430732 -1.344007 0.340241
v 2.430732 -1.251179 0.423502
v 2.430732 -1.150755 0.510355
v 2.430732 -1.044384 0.599366
v 2.430732 -0.933897 0.689040
v 2.430732 -0.821209 0.777902
v 2.430732 -0.708207 0.864580
v 2.430732 -0.596662 0.947859
v 2.430732 -0.488143 1.026735
v 2.430732 -0.383972 1.100435
v 2.430732 -0.285191 1.168422
v 2.264819 -0.198999 1.235423
v 2.264819 -0.070833 1.309611
v 2.264819 0.035623 1.366997
v 2.264819 0.116211 1.404740
v 2.264819 0.166947 1.420179
v 2.264819 0.184259 1.411000
v 2.264819 0.165248 1.375424
v 2.264819 0.107934 1.312371
v 2.264819 0.011466 1.221594
v 2.264819 -0.123744 1.103762
v 2.264819 -0.295978 0.960465
v 2.264819 -0.502277 0.794148
v 2.264819 -0.738609 0.607979
v 2.264819 -1.000119 0.405650
v 2.264819 -1.281429 0.191153
v 2.264819 -1.306794 0.160043
v 2.264819 -1.327389 0.130620
v 2.264819 -1.343682 0.102497
v 2.264819 -1.356023 0.075342
v 2.264819 -1.364666 0.048858
v 2.264819 -1.369784 0.022770
v 2.264819 -1.371480 -0.003178
v 2.264819 -1.595849 -0.013426
v 2.264819 -1.596750 0.006431
v 2.264819 -1.596524 0.025913
v 2.264819 -1.595153 0.045207
v 2.264819 -1.592594 0.064499
v 2.264819 -1.588779 0.083983
v 2.264819 -1.583612 0.103869
v 2.264819 -1.576956 0.124391
v 2.264819 -1.513527 0.190233
v 2.264819 -1.439378 0.262924
v 2.264819 -1.355178 0.341620
v 2.264819 -1.261969 0.425224
v 2.264819 -1.161131 0.512435
v 2.264819 -1.054321 0.601813
v 2.264819 -0.943379 0.691856
v 2.264818 -0.830227 0.781084
v 2.264819 -0.716760 0.868119
v 2.264819 -0.604755 0.951741
v 2.264819 -0.495790 1.030942
v 2.264819 -0.391189 1.104946
v 2.264819 -0.292001 1.173213
v 2.097699 -0.199748 1.234582
v 2.097699 -0.071669 1.308719
v 2.097699 0.034714 1.366066
v 2.097699 0.115247 1.403784
v 2.097699 0.165948 1.419211
v 2.097699 0.183248 1.410039
v 2.097699 0.164250 1.374487
v 2.097699 0.106975 1.311477
v 2.097699 0.010573 1.220763
v 2.097699 -0.124544 1.103011
v 2.097699 -0.296661 0.959811
v 2.097699 -0.502819 0.793609
v 2.097699 -0.738989 0.607567
v 2.097699 -1.000320 0.405376
v 2.097699 -1.281438 0.191026
v 2.097699 -1.306785 0.159937
v 2.097699 -1.327367 0.130534
v 2.097699 -1.343648 0.102431
v 2.097699 -1.355981 0.075295
v 2.097699 -1.364617 0.048828
v 2.097699 -1.369733 0.022758
v 2.097699 -1.371427 -0.003172
v 2.097699 -1.595642 -0.013413
v 2.097699 -1.596543 0.006430
v 2.097699 -1.596318 0.025899
v 2.097699 -1.594947 0.045180
v 2.097699 -1.592390 0.064458
v 2.097699 -1.588578 0.083929
v 2.097699 -1.583414 0.103802
v 2.097699 -1.576763 0.124310
v 2.097699 -1.513377 0.190106
v 2.097699 -1.439279 0.262748
v 2.097699 -1.355137 0.341390
v 2.097699 -1.261991 0.424937
v 2.097699 -1.161222 0.512089
v 2.097699 -1.054485 0.601405
v 2.097699 -0.943619 0.691386
v 2.097699 -0.830544 0.780554
v 2.097699 -0.717155 0.867529
v 2.097699 -0.605227 0.951094
v 2.097699 -0.496336 1.030241
v 2.097699 -0.391807 1.104194
v 2.097699 -0.292687 1.172414
v 1.929373 -0.194816 1.227855
v 1.929374 -0.067439 1.301585
v 1.929374 0.038361 1.358618
v 1.929374 0.118454 1.396129
v 1.929374 0.168878 1.411473
v 1.929374 0.186083 1.402350
v 1.929374 0.167189 1.366994
v 1.929374 0.110228 1.304328
v 1.929374 0.014353 1.214111
v 1.929374 -0.120025 1.097004
v 1.929374 -0.291199 0.954587
v 1.929374 -0.496229 0.789295
v 1.929374 -0.731106 0.604271
v 1.929374 -0.991007 0.403187
v 1.929374 -1.270586 0.190010
v 1.929374 -1.295795 0.159091
v 1.929374 -1.316263 0.129849
v 1.929374 -1.332456 0.101900
v 1.929374 -1.344721 0.074912
v 1.929374 -1.353311 0.048590
v 1.929374 -1.358398 0.022663
v 1.929374 -1.360083 -0.003126
v 1.929373 -1.583071 -0.013310
v 1.929373 -1.583966 0.006425
v 1.929373 -1.583742 0.025787
v 1.929373 -1.582379 0.044962
v 1.929373 -1.579836 0.064135
v 1.929373 -1.576045 0.083500
v 1.929373 -1.570909 0.103263
v 1.929373 -1.564295 0.123659
v 1.929373 -1.501255 0.189095
v 1.929373 -1.427563 0.261340
v 1.929373 -1.343882 0.339551
v 1.929373 -1.251245 0.422641
v 1.929373 -1.151028 0.509315
v 1.929373 -1.044876 0.598143
v 1.929373 -0.934617 0.687632
v 1.929373 -0.822160 0.776311
v 1.929373 -0.709392 0.862810
v 1.929373 -0.598076 0.945918
v 1.929373 -0.489781 1.024632
v 1.929373 -0.385824 1.098180
v 1.929373 -0.287247 1.166027
v 1.759842 -0.184205 1.215240
v 1.759842 -0.058142 1.288209
v 1.759842 0.046566 1.344654
v 1.759842 0.125832 1.381778
v 1.759842 0.175736 1.396963
v 1.759842 0.192764 1.387935
v 1.759842 0.174064 1.352943
v 1.759842 0.117691 1.290924
v 1.759842 0.022806 1.201638
v 1.759842 -0.110186 1.085739
v 1.759842 -0.279593 0.944793
v 1.759842 -0.482507 0.781206
v 1.759842 -0.714961 0.598091
v 1.759842 -0.972180 0.399082
v 1.759842 -1.248874 0.188105
v 1.759842 -1.273823 0.157505
v 1.759842 -1.294080 0.128565
v 1.759842 -1.310105 0.100904
v 1.759842 -1.322244 0.074195
v 1.759842 -1.330745 0.048144
v 1.759842 -1.335780 0.022485
v 1.759842 -1.337447 -0.003038
v 1.759842 -1.558134 -0.013117
v 1.759842 -1.559020 0.006414
v 1.759842 -1.558799 0.025577
v 1.759842 -1.557450 0.044554
v 1.759842 -1.554933 0.063529
v 1.759842 -1.551180 0.082694
v 1.759842 -1.546098 0.102253
v 1.759842 -1.539552 0.122439
v 1.759842 -1.477163 0.187200
v 1.759842 -1.404231 0.258698
v 1.759842 -1.321413 0.336103
v 1.759842 -1.229733 0.418335
v 1.759842 -1.130550 0.504115
v 1.759842 -1.025493 0.592026
v 1.759842 -0.916371 0.680591
v 1.759842 -0.805075 0.768356
v 1.759842 -0.693471 0.853962
v 1.759842 -0.583304 0.936212
v 1.759842 -0.476126 1.014114
v 1.759842 -0.373242 1.086903
v 1.759842 -0.275682 1.154050
v 1.589105 -0.167914 1.196738
v 1.589105 -0.043779 1.268592
v 1.589105 0.059328 1.324173
v 1.589105 0.137382 1.360729
v 1.589105 0.186522 1.375682
v 1.589105 0.203290 1.366792
v 1.589105 0.184877 1.332335
v 1.589105 0.129365 1.271265
v 1.589105 0.035931 1.183344
v 1.589105 -0.095026 1.069217
v 1.589105 -0.261843 0.930427
v 1.589105 -0.461654 0.769341
v 1.589105 -0.690553 0.589028
v 1.589105 -0.943838 0.393061
v 1.589105 -1.216301 0.185311
v 1.589105 -1.240868 0.155179
v 1.589105 -1.260816 0.126681
v 1.589105 -1.276596 0.099443
v 1.589105 -1.288548 0.073142
v 1.589105 -1.296920 0.047491
v 1.589105 -1.301878 0.022224
v 1.589105 -1.303520 -0.002909
v 1.589105 -1.520832 -0.012834
v 1.589105 -1.521705 0.006398
v 1.589105 -1.521486 0.025268
v 1.589105 -1.520158 0.043955
v 1.589105 -1.517679 0.062640
v 1.589105 -1.513985 0.081511
v 1.589105 -1.508980 0.100772
v 1.589105 -1.502534 0.120649
v 1.589105 -1.441099 0.184419
v 1.589105 -1.369283 0.254825
v 1.589105 -1.287731 0.331046
v 1.589105 -1.197453 0.412020
v 1.589105 -1.099787 0.496488
v 1.589105 -0.996336 0.583055
v 1.589105 -0.888883 0.670266
v 1.589105 -0.779290 0.756688
v 1.589105 -0.669392 0.840985
v 1.589105 -0.560909 0.921978
v 1.589105 -0.455371 0.998688
v 1.589105 -0.354060 1.070364
v 1.589105 -0.257992 1.136484
v 1.418344 -0.147482 1.174297
v 1.418344 -0.025685 1.244798
v 1.418344 0.075481 1.299332
v 1.418344 0.152065 1.335201
v 1.418344 0.200280 1.349872
v 1.418344 0.216732 1.341149
v 1.418345 0.198665 1.307341
v 1.418345 0.144199 1.247421
v 1.418345 0.052525 1.161155
v 1.418344 -0.075967 1.049178
v 1.418345 -0.239642 0.913001
v 1.418345 -0.435690 0.754949
v 1.418344 -0.660279 0.578031
v 1.418345 -0.908795 0.385754
v 1.418345 -1.176127 0.181916
v 1.418345 -1.200231 0.152352
v 1.418344 -1.219803 0.124391
v 1.418345 -1.235286 0.097666
v 1.418344 -1.247014 0.071860
v 1.418344 -1.255227 0.046692
v 1.418345 -1.260092 0.021900
v 1.418344 -1.261703 -0.002759
v 1.418344 -1.474922 -0.012497
v 1.418344 -1.475779 0.006373
v 1.418344 -1.475565 0.024887
v 1.418344 -1.474261 0.043222
v 1.418344 -1.471829 0.061556
v 1.418344 -1.468204 0.080072
v 1.418344 -1.463294 0.098970
v 1.418344 -1.456969 0.118472
v 1.418344 -1.396691 0.181042
v 1.418344 -1.326227 0.250121
v 1.418344 -1.246211 0.324907
v 1.418344 -1.157633 0.404357
v 1.418344 -1.061806 0.487234
v 1.418344 -0.960304 0.572170
v 1.418344 -0.854874 0.657739
v 1.418344 -0.747345 0.742534
v 1.418344 -0.639516 0.825244
v 1.418344 -0.533077 0.904711
v 1.418344 -0.429525 0.979976
v 1.418344 -0.330123 1.050303
v 1.418344 -0.235863 1.115178
v 1.249566 -0.125517 1.151218
v 1.249566 -0.006122 1.220328
v 1.249566 0.093048 1.273787
v 1.249566 0.168122 1.308948
v 1.249566 0.215386 1.323330
v 1.249566 0.231513 1.314779
v 1.249566 0.213803 1.281638
v 1.249566 0.160411 1.222900
v 1.249566 0.070545 1.138335
v 1.249566 -0.055412 1.028567
v 1.249566 -0.215860 0.895076
v 1.249566 -0.408041 0.740141
v 1.249566 -0.628200 0.566712
v 1.249566 -0.871814 0.378229
v 1.249566 -1.133873 0.178411
v 1.249566 -1.157501 0.149430
v 1.249566 -1.176687 0.122020
v 1.249566 -1.191866 0.095822
v 1.249566 -1.203361 0.070526
v 1.249566 -1.211413 0.045854
v 1.249566 -1.216182 0.021551
v 1.249566 -1.217761 -0.002621
v 1.249566 -1.426775 -0.012168
v 1.249566 -1.427615 0.006330
v 1.249566 -1.427405 0.024479
v 1.249566 -1.426127 0.042453
v 1.249566 -1.423743 0.060424
v 1.249566 -1.420189 0.078575
v 1.249566 -1.415376 0.097101
v 1.249566 -1.409176 0.116218
v 1.249566 -1.350087 0.177554
v 1.249566 -1.281013 0.245271
v 1.249566 -1.202575 0.318581
v 1.249566 -1.115744 0.396464
v 1.249566 -1.021807 0.477707
v 1.249566 -0.922307 0.560968
v 1.249566 -0.818957 0.644849
v 1.249566 -0.713548 0.727971
v 1.249566 -0.607846 0.809049
v 1.249566 -0.503506 0.886949
v 1.249566 -0.401997 0.960730
v 1.249566 -0.304555 1.029669
v 1.249566 -0.212155 1.093265
v 1.082803 -0.102062 1.127555
v 1.082803 0.014872 1.195241
v 1.082803 0.111998 1.247597
v 1.082803 0.185523 1.282033
v 1.082803 0.231813 1.296118
v 1.082803 0.247608 1.287744
v 1.082803 0.230263 1.255286
v 1.082803 0.177972 1.197759
v 1.082803 0.089958 1.114938
v 1.082803 -0.033403 1.007432
v 1.082803 -0.190542 0.876693
v 1.082803 -0.378761 0.724953
v 1.082803 -0.594382 0.555099
v 1.082803 -0.832973 0.370502
v 1.082803 -1.089630 0.174803
v 1.082803 -1.112771 0.146420
v 1.082803 -1.131562 0.119575
v 1.082803 -1.146427 0.093917
v 1.082803 -1.157686 0.069142
v 1.082803 -1.165572 0.044978
v 1.082803 -1.170242 0.021177
v 1.082803 -1.171788 -0.002497
v 1.082803 -1.376494 -0.011847
v 1.082803 -1.377316 0.006270
v 1.082803 -1.377110 0.024045
v 1.082803 -1.375859 0.041648
v 1.082803 -1.373524 0.059249
v 1.082803 -1.370044 0.077026
v 1.082803 -1.365329 0.095169
v 1.082803 -1.359257 0.113893
v 1.082803 -1.301386 0.173964
v 1.082803 -1.233736 0.240285
v 1.082803 -1.156916 0.312084
v 1.082803 -1.071875 0.388361
v 1.082803 -0.979874 0.467929
v 1.082803 -0.882425 0.549473
v 1.082803 -0.781206 0.631625
v 1.082803 -0.677970 0.713034
v 1.082803 -0.574448 0.792441
v 1.082803 -0.472259 0.868734
v 1.082803 -0.372843 0.940994
v 1.082803 -0.277409 1.008512
v 1.082803 -0.186914 1.070796
v 0.918055 -0.077117 1.103308
v 0.918055 0.037296 1.169535
v 0.918055 0.132329 1.220763
v 0.918055 0.204270 1.254456
v 0.918055 0.249561 1.268238
v 0.918055 0.265016 1.260044
v 0.918055 0.248044 1.228286
v 0.918055 0.196881 1.171999
v 0.918055 0.110764 1.090963
v 0.918055 -0.009937 0.985775
v 0.918055 -0.163690 0.857853
v 0.918055 -0.347852 0.709384
v 0.918055 -0.558825 0.543192
v 0.918055 -0.792273 0.362573
v 0.918055 -1.043398 0.171093
v 0.918055 -1.066040 0.143321
v 0.918055 -1.084426 0.117055
v 0.918055 -1.098971 0.091950
v 0.918055 -1.109987 0.067709
v 0.918055 -1.117703 0.044066
v 0.918055 -1.122272 0.020778
v 0.918055 -1.123786 -0.002386
v 0.918055 -1.324078 -0.011534
v 0.918055 -1.324883 0.006192
v 0.918055 -1.324682 0.023584
v 0.918055 -1.323457 0.040807
v 0.918055 -1.321173 0.058029
v 0.918055 -1.317768 0.075423
v 0.918055 -1.313155 0.093175
v 0.918055 -1.307213 0.111495
v 0.918055 -1.250590 0.170271
v 0.918055 -1.184398 0.235162
v 0.918055 -1.109233 0.305414
v 0.918055 -1.026026 0.380047
v 0.918055 -0.936008 0.457900
v 0.918055 -0.840659 0.537687
v 0.918055 -0.741622 0.618068
v 0.918055 -0.640611 0.697722
v 0.918055 -0.539320 0.775417
v 0.918055 -0.439334 0.850066
v 0.918055 -0.342061 0.920768
v 0.918055 -0.248685 0.986831
v 0.918055 -0.160140 1.047773
v 0.755322 -0.050682 1.078477
v 0.755322 0.061152 1.143211
v 0.755321 0.154042 1.193284
v 0.755321 0.224361 1.226218
v 0.755322 0.268631 1.239689
v 0.755322 0.283737 1.231679
v 0.755322 0.267149 1.200637
v 0.755322 0.217138 1.145619
v 0.755322 0.132963 1.066410
v 0.755321 0.014983 0.963594
v 0.755321 -0.135303 0.838556
v 0.755322 -0.315313 0.693434
v 0.755322 -0.521529 0.530989
v 0.755322 -0.749714 0.354442
v 0.755322 -0.995177 0.167279
v 0.755322 -1.017309 0.140134
v 0.755322 -1.035280 0.114460
v 0.755321 -1.049497 0.089921
v 0.755322 -1.060265 0.066226
v 0.755321 -1.067806 0.043117
v 0.755322 -1.072273 0.020353
v 0.755322 -1.073752 -0.002288
v 0.755322 -1.072273 -0.025029
v 0.755321 -1.269529 -0.011230
v 0.755321 -1.270316 0.006096
v 0.755322 -1.270119 0.023096
v 0.755322 -1.268922 0.039931
v 0.755322 -1.266689 0.056765
v 0.755322 -1.263361 0.073766
v 0.755321 -1.258852 0.091118
v 0.755322 -1.253044 0.109025
v 0.755322 -1.197698 0.166476
v 0.755322 -1.132998 0.229904
v 0.755321 -1.059528 0.298572
v 0.755321 -0.978196 0.371523
v 0.755322 -0.890208 0.447620
v 0.755321 -0.797009 0.525608
v 0.755322 -0.700205 0.604177
v 0.755322 -0.601472 0.682035
v 0.755322 -0.502464 0.757978
v 0.755322 -0.404732 0.830945
v 0.755322 -0.309652 0.900053
v 0.755321 -0.218381 0.964626
v 0.755321 -0.131833 1.024194
v 0.594603 -0.022756 1.053062
v 0.594603 0.086439 1.116268
v 0.594603 0.177137 1.165160
v 0.594603 0.245797 1.197317
v 0.594603 0.289023 1.210470
v 0.594603 0.303773 1.202650
v 0.594603 0.287575 1.172340
v 0.594603 0.238745 1.118620
v 0.594603 0.156556 1.041280
v 0.594603 0.041359 0.940889
v 0.594603 -0.105381 0.818802
v 0.594603 -0.281143 0.677104
v 0.594603 -0.482494 0.518491
v 0.594603 -0.705296 0.346110
v 0.594603 -0.944967 0.163363
v 0.594603 -0.966577 0.136858
v 0.594603 -0.984124 0.111790
v 0.594603 -0.998005 0.087830
v 0.594603 -1.008519 0.064694
v 0.594603 -1.015883 0.042130
v 0.594603 -1.020244 0.019904
v 0.594603 -1.021688 -0.002204
v 0.594603 -1.020244 -0.024408
v 0.594603 -1.212846 -0.010935
v 0.594603 -1.213614 0.005983
v 0.594603 -1.213422 0.022582
v 0.594603 -1.212253 0.039020
v 0.594603 -1.210073 0.055456
v 0.594603 -1.206823 0.072056
v 0.594603 -1.202421 0.088999
v 0.594603 -1.196750 0.106483
v 0.594603 -1.142709 0.162579
v 0.594603 -1.079536 0.224511
v 0.594603 -1.007800 0.291558
v 0.594603 -0.928387 0.362787
v 0.594603 -0.842475 0.437089
v 0.594603 -0.751475 0.513237
v 0.594603 -0.656955 0.589952
v 0.594603 -0.560551 0.665974
v 0.594603 -0.463879 0.740125
v 0.594603 -0.368453 0.811370
v 0.594603 -0.275616 0.878848
v 0.594603 -0.186499 0.941897
v 0.594603 -0.101993 1.000059
v 0.435899 0.006660 1.027063
v 0.435899 0.113157 1.088707
v 0.435899 0.201614 1.136391
v 0.435899 0.268578 1.167754
v 0.435899 0.310736 1.180582
v 0.435899 0.325121 1.172955
v 0.435900 0.309324 1.143394
v 0.435900 0.261700 1.091001
v 0.435899 0.181541 1.015572
v 0.435900 0.069191 0.917661
v 0.435899 -0.073924 0.798590
v 0.435899 -0.245344 0.660393
v 0.435900 -0.441720 0.505699
v 0.435900 -0.659018 0.337576
v 0.435900 -0.892768 0.159344
v 0.435900 -0.913844 0.133494
v 0.435900 -0.930957 0.109045
v 0.435899 -0.944496 0.085677
v 0.435899 -0.954750 0.063113
v 0.435899 -0.961932 0.041106
v 0.435899 -0.966185 0.019429
v 0.435900 -0.967594 -0.002132
v 0.435900 -0.966185 -0.023788
v 0.435899 -1.154029 -0.010647
v 0.435900 -1.154778 0.005852
v 0.435900 -1.154591 0.022041
v 0.435899 -1.153451 0.038073
v 0.435899 -1.151325 0.054103
v 0.435900 -1.148155 0.070293
v 0.435899 -1.143861 0.086817
v 0.435899 -1.138331 0.103870
v 0.435899 -1.085625 0.158579
v 0.435899 -1.024013 0.218981
v 0.435899 -0.954049 0.284372
v 0.435900 -0.876598 0.353842
v 0.435900 -0.792808 0.426308
v 0.435899 -0.704056 0.500575
v 0.435899 -0.611871 0.575394
v 0.435900 -0.517849 0.649538
v 0.435899 -0.423566 0.721857
v 0.435899 -0.330497 0.791342
v 0.435899 -0.239954 0.857153
v 0.435899 -0.153038 0.918644
v 0.435899 -0.070619 0.975370
v 0.279971 0.037336 1.000647
v 0.279971 0.141094 1.060706
v 0.279971 0.227276 1.107164
v 0.279971 0.292517 1.137720
v 0.279971 0.333591 1.150218
v 0.279971 0.347606 1.142787
v 0.279971 0.332215 1.113986
v 0.279971 0.285816 1.062941
v 0.279971 0.207720 0.989452
v 0.279971 0.098259 0.894060
v 0.279971 -0.041174 0.778052
v 0.279971 -0.208185 0.643409
v 0.279971 -0.399510 0.492694
v 0.279971 -0.611218 0.328896
v 0.279971 -0.838956 0.155249
v 0.279971 -0.859490 0.130063
v 0.279971 -0.876163 0.106243
v 0.279971 -0.889353 0.083477
v 0.279971 -0.899343 0.061493
v 0.279971 -0.906340 0.040052
v 0.279971 -0.910484 0.018933
v 0.279971 -0.911857 -0.002074
v 0.279971 -0.910484 -0.023172
v 0.279971 -1.093497 -0.010370
v 0.279971 -1.094226 0.005705
v 0.279971 -1.094043 0.021477
v 0.279971 -1.092933 0.037097
v 0.279971 -1.090861 0.052715
v 0.279971 -1.087773 0.068488
v 0.279971 -1.083590 0.084587
v 0.279971 -1.078202 0.101201
v 0.279971 -1.026852 0.154504
v 0.279971 -0.966825 0.213352
v 0.279971 -0.898660 0.277061
v 0.279971 -0.823201 0.344743
v 0.279971 -0.741567 0.415346
v 0.279971 -0.655098 0.487702
v 0.279971 -0.565284 0.560597
v 0.279971 -0.473680 0.632833
v 0.279971 -0.381822 0.703293
v 0.279971 -0.291148 0.770990
v 0.279971 -0.202934 0.835108
v 0.279971 -0.118253 0.895018
v 0.279971 -0.037955 0.950284
v 0.139930 0.065321 0.976711
v 0.139930 0.166597 1.035333
v 0.139930 0.250717 1.080679
v 0.139930 0.314398 1.110504
v 0.139930 0.354489 1.122703
v 0.139930 0.368169 1.115450
v 0.139930 0.353146 1.087338
v 0.139929 0.307857 1.037514
v 0.139930 0.231629 0.965783
v 0.139929 0.124787 0.872673
v 0.139929 -0.011312 0.759440
v 0.139930 -0.174328 0.628018
v 0.139930 -0.361076 0.480909
v 0.139930 -0.567719 0.321029
v 0.139929 -0.790009 0.151535
v 0.139930 -0.810052 0.126952
v 0.139930 -0.826326 0.103702
v 0.139930 -0.839201 0.081480
v 0.139929 -0.848952 0.060022
v 0.139930 -0.855782 0.039094
v 0.139929 -0.859827 0.018480
v 0.139929 -0.861166 -0.002024
v 0.139930 -0.859827 -0.022618
v 0.139929 -1.038461 -0.010122
v 0.139930 -1.039173 0.005569
v 0.139930 -1.038995 0.020964
v 0.139930 -1.037911 0.036209
v 0.139930 -1.035889 0.051454
v 0.139930 -1.032875 0.066850
v 0.139930 -1.028791 0.082564
v 0.139930 -1.023532 0.098780
v 0.139930 -0.973410 0.150808
v 0.139930 -0.914819 0.208248
v 0.139930 -0.848285 0.270433
v 0.139930 -0.774631 0.336497
v 0.139930 -0.694950 0.405410
v 0.139930 -0.610549 0.476036
v 0.139930 -0.522884 0.547187
v 0.139930 -0.433472 0.617695
v 0.139930 -0.343811 0.686469
v 0.139930 -0.255305 0.752547
v 0.139930 -0.169201 0.815131
v 0.139930 -0.086547 0.873608
v 0.139930 -0.008169 0.927552
v 0.020526 0.089181 0.956302
v 0.020526 0.188341 1.013699
v 0.020526 0.270704 1.058097
v 0.020526 0.333054 1.087299
v 0.020526 0.372307 1.099243
v 0.020526 0.385701 1.092142
v 0.020526 0.370992 1.064617
v 0.020526 0.326650 1.015834
v 0.020526 0.252014 0.945602
v 0.020526 0.147405 0.854438
v 0.020526 0.014150 0.743571
v 0.020526 -0.145459 0.614895
v 0.020526 -0.328305 0.470860
v 0.020526 -0.530630 0.314321
v 0.020526 -0.748275 0.148369
v 0.020526 -0.767899 0.124299
v 0.020525 -0.783834 0.101535
v 0.020526 -0.796439 0.079777
v 0.020526 -0.805987 0.058768
v 0.020526 -0.812674 0.038277
v 0.020526 -0.816634 0.018094
v 0.020526 -0.817946 -0.001982
v 0.020526 -0.816634 -0.022145
v 0.020526 -0.991536 -0.009910
v 0.020526 -0.992233 0.005452
v 0.020526 -0.992059 0.020526
v 0.020526 -0.990998 0.035453
v 0.020526 -0.989018 0.050379
v 0.020526 -0.986066 0.065453
v 0.020526 -0.982068 0.080839
v 0.020526 -0.976919 0.096716
v 0.020526 -0.927845 0.147657
v 0.020526 -0.870478 0.203897
v 0.020526 -0.805334 0.264782
v 0.020526 -0.733219 0.329465
v 0.020526 -0.655203 0.396939
v 0.020526 -0.572566 0.466089
v 0.020526 -0.486732 0.535753
v 0.020526 -0.399188 0.604788
v 0.020526 -0.311401 0.672125
v 0.020526 -0.224745 0.736822
v 0.020526 -0.140440 0.798098
v 0.020526 -0.059513 0.855353
v 0.020526 0.017227 0.908170
v -0.078240 0.108918 0.939420
v -0.078240 0.206327 0.995804
v -0.078240 0.287236 1.039419
v -0.078240 0.348485 1.068105
v -0.078240 0.387046 1.079838
v -0.078241 0.400203 1.072862
v -0.078240 0.385754 1.045824
v -0.078240 0.342194 0.997902
v -0.078240 0.268876 0.928909
v -0.078240 0.166113 0.839354
v -0.078240 0.035211 0.730445
v -0.078240 -0.121581 0.604040
v -0.078240 -0.301199 0.462547
v -0.078240 -0.499952 0.308772
v -0.078240 -0.713755 0.145750
v -0.078240 -0.733033 0.122105
v -0.078240 -0.748686 0.099743
v -0.078240 -0.761069 0.078369
v -0.078240 -0.770448 0.057731
v -0.078240 -0.777017 0.037602
v -0.078240 -0.780907 0.017774
v -0.078240 -0.782196 -0.001947
v -0.078240 -0.780907 -0.021754
v -0.078240 -0.952721 -0.009735
v -0.078240 -0.953406 0.005356
v -0.078240 -0.953235 0.020163
v -0.078240 -0.952192 0.034827
v -0.078240 -0.950247 0.049489
v -0.078240 -0.947348 0.064298
v -0.078240 -0.943421 0.079412
v -0.078240 -0.938363 0.095009
v -0.078240 -0.890155 0.145050
v -0.078240 -0.833800 0.200297
v -0.078241 -0.769806 0.260108
v -0.078240 -0.698965 0.323649
v -0.078240 -0.622326 0.389932
v -0.078240 -0.541147 0.457861
v -0.078240 -0.456829 0.526295
v -0.078240 -0.370830 0.594112
v -0.078240 -0.284593 0.660260
v -0.078241 -0.199467 0.723815
v -0.078240 -0.116650 0.784009
v -0.078240 -0.037151 0.840254
v -0.078240 0.038234 0.892138
v -0.156368 0.124531 0.926066
v -0.156368 0.220555 0.981648
v -0.156368 0.300314 1.024643
v -0.156368 0.360692 1.052921
v -0.156368 0.398705 1.064488
v -0.156368 0.411675 1.057611
v -0.156368 0.397431 1.030957
v -0.156368 0.354491 0.983716
v -0.156368 0.282215 0.915705
v -0.156368 0.180913 0.827422
v -0.156368 0.051872 0.720061
v -0.156368 -0.102692 0.595454
v -0.156368 -0.279756 0.455972
v -0.156368 -0.475685 0.304383
v -0.156368 -0.686448 0.143678
v -0.156369 -0.705452 0.120369
v -0.156368 -0.720882 0.098325
v -0.156368 -0.733089 0.077255
v -0.156368 -0.742335 0.056910
v -0.156368 -0.748811 0.037067
v -0.156368 -0.752646 0.017522
v -0.156368 -0.753916 -0.001919
v -0.156368 -0.752646 -0.021445
v -0.156368 -0.920495 -0.024898
v -0.156369 -0.922017 -0.009597
v -0.156368 -0.922693 0.005280
v -0.156368 -0.922523 0.019877
v -0.156368 -0.921496 0.034332
v -0.156368 -0.919579 0.048786
v -0.156368 -0.916721 0.063384
v -0.156368 -0.912849 0.078283
v -0.156368 -0.907863 0.093658
v -0.156368 -0.860340 0.142988
v -0.156368 -0.804787 0.197450
v -0.156368 -0.741702 0.256411
v -0.156368 -0.671868 0.319048
v -0.156368 -0.596318 0.384389
v -0.156368 -0.516294 0.451352
v -0.156368 -0.433174 0.518814
v -0.156368 -0.348398 0.585666
v -0.156369 -0.263387 0.650874
v -0.156369 -0.179470 0.713525
v -0.156368 -0.097831 0.772864
v -0.156368 -0.019462 0.828309
v -0.156368 0.054851 0.879456
v -0.213859 0.136019 0.916239
v -0.213859 0.231025 0.971232
v -0.213859 0.309937 1.013770
v -0.213859 0.369675 1.041749
v -0.213859 0.407284 1.053193
v -0.213859 0.420117 1.046388
v -0.213859 0.406024 1.020017
v -0.213859 0.363539 0.973278
v -0.213859 0.292030 0.905988
v -0.213859 0.191803 0.818643
v -0.213859 0.064131 0.712420
v -0.213859 -0.088792 0.589135
v -0.213859 -0.263978 0.451134
v -0.213859 -0.457827 0.301153
v -0.213859 -0.666354 0.142153
v -0.213859 -0.685156 0.119092
v -0.213859 -0.700423 0.097281
v -0.213859 -0.712500 0.076435
v -0.213859 -0.721648 0.056306
v -0.213859 -0.728055 0.036674
v -0.213859 -0.731849 0.017336
v -0.213859 -0.733106 -0.001899
v -0.213859 -0.731849 -0.021218
v -0.213859 -0.897918 -0.024633
v -0.213859 -0.899424 -0.009495
v -0.213859 -0.900092 0.005224
v -0.213859 -0.899925 0.019666
v -0.213859 -0.898908 0.033968
v -0.213859 -0.897011 0.048268
v -0.213859 -0.894183 0.062711
v -0.213859 -0.890353 0.077452
v -0.213859 -0.885419 0.092665
v -0.213859 -0.838401 0.141471
v -0.213859 -0.783437 0.195355
v -0.213859 -0.721022 0.253690
v -0.213859 -0.651929 0.315663
v -0.213859 -0.577181 0.380310
v -0.213859 -0.498006 0.446563
v -0.213859 -0.415768 0.513309
v -0.213859 -0.331891 0.579451
v -0.213859 -0.247782 0.643967
v -0.213859 -0.164756 0.705954
v -0.213859 -0.083983 0.764663
v -0.213859 -0.006446 0.819520
v -0.213859 0.067079 0.870124
v -0.250712 0.143383 0.909940
v -0.250712 0.237736 0.964555
v -0.250712 0.316106 1.006801
v -0.250712 0.375433 1.034587
v -0.250712 0.412783 1.045952
v -0.250712 0.425528 1.039195
v -0.250712 0.411532 1.013005
v -0.250712 0.369339 0.966587
v -0.250712 0.298322 0.899760
v -0.250712 0.198784 0.813014
v -0.250712 0.071990 0.707523
v -0.250712 -0.079882 0.585085
v -0.250712 -0.253864 0.448032
v -0.250712 -0.446380 0.299082
v -0.250712 -0.653474 0.141176
v -0.250712 -0.672146 0.118273
v -0.250712 -0.687308 0.096613
v -0.250712 -0.699302 0.075910
v -0.250712 -0.708387 0.055919
v -0.250712 -0.714750 0.036422
v -0.250712 -0.718518 0.017217
v -0.250712 -0.719766 -0.001886
v -0.250712 -0.718518 -0.021072
v -0.250712 -0.883445 -0.024464
v -0.250712 -0.884941 -0.009430
v -0.250712 -0.885604 0.005188
v -0.250712 -0.885438 0.019531
v -0.250712 -0.884429 0.033734
v -0.250712 -0.882544 0.047936
v -0.250712 -0.879736 0.062280
v -0.250712 -0.875932 0.076920
v -0.250712 -0.871033 0.092028
v -0.250712 -0.824337 0.140498
v -0.250712 -0.769751 0.194012
v -0.250712 -0.707766 0.251946
v -0.250712 -0.639147 0.313493
v -0.250712 -0.564913 0.377695
v -0.250712 -0.486282 0.443493
v -0.250712 -0.404610 0.509780
v -0.250712 -0.321310 0.575468
v -0.250712 -0.237779 0.639540
v -0.250712 -0.155324 0.701100
v -0.250712 -0.075106 0.759406
v -0.250712 0.001898 0.813886
v -0.250712 0.074917 0.864142
v -0.266927 0.146624 0.907168
v -0.266927 0.240689 0.961617
v -0.266927 0.318820 1.003734
v -0.266927 0.377966 1.031435
v -0.266927 0.415203 1.042766
v -0.266927 0.427909 1.036029
v -0.266927 0.413956 1.009919
v -0.266927 0.371891 0.963642
v -0.266927 0.301090 0.897019
v -0.266927 0.201855 0.810538
v -0.266927 0.075448 0.705368
v -0.266927 -0.075962 0.583303
v -0.266927 -0.249413 0.446668
v -0.266927 -0.441343 0.298171
v -0.266927 -0.647806 0.140746
v -0.266927 -0.666422 0.117913
v -0.266928 -0.681537 0.096318
v -0.266927 -0.693495 0.075678
v -0.266927 -0.702552 0.055749
v -0.266927 -0.708896 0.036311
v -0.266927 -0.712653 0.017164
v -0.266927 -0.713897 -0.001880
v -0.266927 -0.712653 -0.021007
v -0.266927 -0.877077 -0.024390
v -0.266927 -0.878568 -0.009401
v -0.266927 -0.879230 0.005172
v -0.266927 -0.879064 0.019471
v -0.266927 -0.878058 0.033631
v -0.266927 -0.876179 0.047790
v -0.266927 -0.873380 0.062090
v -0.266927 -0.869587 0.076685
v -0.266927 -0.864702 0.091747
v -0.266927 -0.818149 0.140070
v -0.266927 -0.763730 0.193421
v -0.266927 -0.701933 0.251178
v -0.266927 -0.633523 0.312538
v -0.266927 -0.559515 0.376545
v -0.266927 -0.481124 0.442142
v -0.266927 -0.399701 0.508227
v -0.266927 -0.316654 0.573715
v -0.266927 -0.233378 0.637592
v -0.266927 -0.151174 0.698965
v -0.266927 -0.071200 0.757093
v -0.266927 0.005569 0.811407
v -0.266927 0.078366 0.861510
v -0.267770 0.146792 0.907025
v -0.267769 0.240842 0.961464
v -0.267769 0.318961 1.003575
v -0.267769 0.378098 1.031272
v -0.267770 0.415329 1.042601
v -0.267770 0.428032 1.035865
v -0.267770 0.414082 1.009759
v -0.267769 0.372024 0.963490
v -0.267770 0.301234 0.896877
v -0.267769 0.202015 0.810409
v -0.267770 0.075627 0.705255
v -0.267770 -0.075758 0.583210
v -0.267770 -0.249182 0.446597
v -0.267770 -0.441082 0.298124
v -0.267770 -0.647512 0.140723
v -0.267770 -0.666125 0.117894
v -0.267769 -0.681238 0.096303
v -0.267770 -0.693194 0.075666
v -0.267770 -0.702249 0.055740
v -0.267770 -0.708592 0.036305
v -0.267770 -0.712348 0.017161
v -0.267770 -0.713592 -0.001880
v -0.267770 -0.712348 -0.021004
v -0.267770 -0.876746 -0.024386
v -0.267769 -0.878237 -0.009400
v -0.267769 -0.878898 0.005172
v -0.267770 -0.878733 0.019468
v -0.267770 -0.877727 0.033626
v -0.267770 -0.875849 0.047783
v -0.267770 -0.873049 0.062081
v -0.267770 -0.869258 0.076673
v -0.267769 -0.864374 0.091733
v -0.267770 -0.817828 0.140048
v -0.267770 -0.763417 0.193390
v -0.267770 -0.701630 0.251138
v -0.267770 -0.633231 0.312488
v -0.267770 -0.559235 0.376485
v -0.267770 -0.480856 0.442072
v -0.267770 -0.399446 0.508146
v -0.267770 -0.316413 0.573624
v -0.267770 -0.233149 0.637491
v -0.267770 -0.150958 0.698854
v -0.267769 -0.070998 0.756973
v -0.267770 0.005760 0.811278
v -0.267770 0.078545 0.861373
v -0.267770 0.146792 0.907024
v -0.267770 0.240842 0.961464
v -0.267770 0.318961 1.003575
v -0.267770 0.378098 1.031272
v -0.267770 0.415329 1.042601
v -0.267770 0.428032 1.035865
v -0.267770 0.414082 1.009759
v -0.267770 0.372024 0.963489
v -0.267770 0.301234 0.896877
v -0.267769 0.202015 0.810409
v -0.267770 0.075627 0.705256
v -0.267770 -0.075758 0.583210
v -0.267770 -0.249182 0.446597
v -0.267770 -0.441082 0.298124
v -0.267770 -0.647512 0.140723
v -0.267770 -0.666125 0.117894
v -0.267770 -0.681238 0.096303
v -0.267770 -0.693194 0.075666
v -0.267769 -0.702249 0.055740
v -0.267770 -0.708592 0.036305
v -0.267770 -0.712348 0.017161
v -0.267770 -0.713592 -0.001880
v -0.267769 -0.712348 -0.021004
v -0.267770 -0.876746 -0.024386
v -0.267770 -0.878237 -0.009400
v -0.267770 -0.878899 0.005172
v -0.267769 -0.878733 0.019468
v -0.267769 -0.877727 0.033626
v -0.267769 -0.875849 0.047783
v -0.267769 -0.873049 0.062081
v -0.267770 -0.869258 0.076673
v -0.267770 -0.864374 0.091733
v -0.267770 -0.817828 0.140048
v -0.267770 -0.763417 0.193390
v -0.267769 -0.701630 0.251138
v -0.267770 -0.633231 0.312488
v -0.267770 -0.559235 0.376485
v -0.267770 -0.480856 0.442071
v -0.267770 -0.399446 0.508146
v -0.267770 -0.316413 0.573624
v -0.267770 -0.233149 0.637491
v -0.267770 -0.150958 0.698854
v -0.267770 -0.070998 0.756973
v -0.267770 0.005760 0.811278
v -0.267770 0.078545 0.861373
v -0.267770 0.146792 0.907024
v -0.267769 0.240842 0.961464
v -0.267770 0.318961 1.003575
v -0.267770 0.378098 1.031272
v -0.267770 0.415329 1.042601
v -0.267770 0.428032 1.035865
v -0.267770 0.414082 1.009759
v -0.267770 0.372024 0.963489
v -0.267770 0.301234 0.896876
v -0.267770 0.202015 0.810410
v -0.267770 0.075627 0.705256
v -0.267770 -0.075758 0.583210
v -0.267770 -0.249182 0.446597
v -0.267770 -0.441082 0.298124
v -0.267770 -0.647512 0.140723
v -0.267770 -0.666124 0.117894
v -0.267770 -0.681238 0.096303
v -0.267770 -0.693194 0.075666
v -0.267769 -0.702249 0.055740
v -0.267770 -0.708592 0.036305
v -0.267770 -0.712348 0.017161
v -0.267770 -0.713592 -0.001880
v -0.267769 -0.712348 -0.021004
v -0.267770 -0.876747 -0.024386
v -0.267770 -0.878237 -0.009400
v -0.267770 -0.878899 0.005172
v -0.267770 -0.878733 0.019468
v -0.267770 -0.877727 0.033626
v -0.267769 -0.875849 0.047783
v -0.267770 -0.873049 0.062081
v -0.267769 -0.869258 0.076673
v -0.267769 -0.864374 0.091733
v -0.267770 -0.817828 0.140048
v -0.267769 -0.763417 0.193390
v -0.267770 -0.701630 0.251138
v -0.267769 -0.633231 0.312488
v -0.267770 -0.559235 0.376485
v -0.267770 -0.480856 0.442072
v -0.267770 -0.399446 0.508146
v -0.267770 -0.316413 0.573624
v -0.267770 -0.233149 0.637491
v -0.267769 -0.150958 0.698854
v -0.267770 -0.070998 0.756973
v -0.267770 0.005760 0.811278
v -0.267769 0.078545 0.861373
v -0.267770 0.146792 0.907024
v -0.267770 0.240842 0.961464
v -0.267769 0.318961 1.003575
v -0.267770 0.378098 1.031272
v -0.267769 0.415328 1.042600
v -0.267770 0.428032 1.035865
v -0.267770 0.414082 1.009759
v -0.267769 0.372024 0.963490
v -0.267770 0.301234 0.896877
v -0.267770 0.202015 0.810409
v -0.267770 0.075627 0.705256
v -0.267770 -0.075758 0.583210
v -0.267770 -0.249182 0.446597
v -0.267770 -0.441082 0.298124
v -0.267770 -0.647512 0.140723
v -0.267770 -0.666124 0.117894
v -0.267770 -0.681238 0.096303
v -0.267770 -0.693194 0.075666
v -0.267769 -0.702249 0.055740
v -0.267770 -0.708592 0.036305
v -0.267770 -0.712348 0.017161
v -0.267770 -0.713592 -0.001880
v -0.267770 -0.712348 -0.021004
v -0.267770 -0.876747 -0.024386
v -0.267770 -0.878237 -0.009400
v -0.267770 -0.878899 0.005172
v -0.267770 -0.878733 0.019468
v -0.267769 -0.877727 0.033626
v -0.267770 -0.875849 0.047783
v -0.267770 -0.873049 0.062081
v -0.267770 -0.869258 0.076673
v -0.267769 -0.864374 0.091733
v -0.267770 -0.817828 0.140048
v -0.267769 -0.763417 0.193390
v -0.267770 -0.701630 0.251138
v -0.267770 -0.633231 0.312488
v -0.267770 -0.559235 0.376485
v -0.267769 -0.480856 0.442071
v -0.267770 -0.399446 0.508146
v -0.267770 -0.316413 0.573624
v -0.267770 -0.233149 0.637491
v -0.267770 -0.150958 0.698854
v -0.267769 -0.070998 0.756973
v -0.267770 0.005760 0.811278
v -0.267770 0.078545 0.861373
v -0.267770 0.146792 0.907024
v -0.267770 0.240842 0.961464
v -0.267769 0.318961 1.003575
v -0.267770 0.378098 1.031272
v -0.267770 0.415329 1.042601
v -0.267770 0.428032 1.035865
v -0.267770 0.414082 1.009759
v -0.267770 0.372024 0.963490
v -0.267770 0.301234 0.896877
v -0.267770 0.202015 0.810409
v -0.267770 0.075627 0.705256
v -0.267770 -0.075758 0.583210
v -0.267770 -0.249182 0.446597
v -0.267770 -0.441082 0.298124
v -0.267769 -0.647512 0.140723
v -0.267770 -0.666124 0.117894
v -0.267769 -0.681238 0.096303
v -0.267770 -0.693194 0.075666
v -0.267770 -0.702249 0.055740
v -0.267770 -0.708592 0.036305
v -0.267770 -0.712348 0.017161
v -0.267770 -0.713592 -0.001880
v -0.267770 -0.712348 -0.021004
v -0.267770 -0.876746 -0.024386
v -0.267770 -0.878237 -0.009400
v -0.267770 -0.878899 0.005172
v -0.267770 -0.878733 0.019468
v -0.267770 -0.877727 0.033626
v -0.267770 -0.875849 0.047783
v -0.267770 -0.873049 0.062081
v -0.267770 -0.869258 0.076673
v -0.267769 -0.864374 0.091733
v -0.267769 -0.817828 0.140048
v -0.267769 -0.763417 0.193390
v -0.267769 -0.701630 0.251138
v -0.267770 -0.633231 0.312488
v -0.267770 -0.559235 0.376485
v -0.267770 -0.480856 0.442071
v -0.267770 -0.399446 0.508146
v -0.267770 -0.316413 0.573624
v -0.267770 -0.233149 0.637491
v -0.267769 -0.150958 0.698854
v -0.267770 -0.070998 0.756973
v -0.267770 0.005760 0.811278
v -0.267770 0.078545 0.861373
v -0.267770 0.146792 0.907024
v -0.267770 0.240842 0.961464
v -0.267770 0.318961 1.003575
v -0.267770 0.378098 1.031272
v -0.267770 0.415329 1.042601
v -0.267770 0.428032 1.035865
v -0.267770 0.414082 1.009759
v -0.267770 0.372024 0.963490
v -0.267769 0.301234 0.896877
v -0.267770 0.202015 0.810410
v -0.267770 0.075627 0.705256
v -0.267770 -0.075758 0.583210
v -0.267769 -0.249182 0.446597
v -0.267770 -0.441082 0.298124
v -0.267770 -0.647512 0.140723
v -0.267770 -0.666124 0.117894
v -0.267770 -0.681238 0.096303
v -0.267770 -0.693194 0.075666
v -0.267770 -0.702249 0.055740
v -0.267770 -0.708592 0.036305
v -0.267770 -0.712348 0.017161
v -0.267769 -0.713592 -0.001880
v -0.267769 -0.712348 -0.021004
v -0.267770 -0.876746 -0.024386
v -0.267770 -0.878237 -0.009400
v -0.267770 -0.878899 0.005172
v -0.267770 -0.878733 0.019468
v -0.267770 -0.877727 0.033626
v -0.267770 -0.875849 0.047783
v -0.267770 -0.873049 0.062081
v -0.267770 -0.869258 0.076673
v -0.267769 -0.864374 0.091733
v -0.267770 -0.817828 0.140048
v -0.267770 -0.763417 0.193390
v -0.267769 -0.701630 0.251138
v -0.267769 -0.633231 0.312488
v -0.267769 -0.559235 0.376485
v -0.267769 -0.480856 0.442071
v -0.267770 -0.399446 0.508146
v -0.267770 -0.316413 0.573624
v -0.267770 -0.233149 0.637491
v -0.267769 -0.150958 0.698854
v -0.267770 -0.070998 0.756973
v -0.267770 0.005760 0.811278
v -0.267770 0.078545 0.861373
v -0.267770 0.146792 0.907024
v -0.267770 0.240842 0.961464
v -0.267769 0.318961 1.003575
v -0.267770 0.378098 1.031272
v -0.267769 0.415329 1.042600
v -0.267769 0.428032 1.035865
v -0.267769 0.414082 1.009759
v -0.267770 0.372024 0.963490
v -0.267769 0.301234 0.896877
v -0.267770 0.202015 0.810409
v -0.267770 0.075627 0.705256
v -0.267770 -0.075758 0.583210
v -0.267770 -0.249182 0.446597
v -0.267770 -0.441082 0.298124
v -0.267770 -0.647512 0.140723
v -0.267770 -0.666125 0.117894
v -0.267769 -0.681238 0.096303
v -0.267769 -0.693194 0.075666
v -0.267770 -0.702249 0.055740
v -0.267770 -0.708592 0.036305
v -0.267770 -0.712348 0.017161
v -0.267770 -0.713592 -0.001880
v -0.267769 -0.712348 -0.021004
v -0.267770 -0.876746 -0.024386
v -0.267770 -0.878237 -0.009400
v -0.267770 -0.878899 0.005172
v -0.267769 -0.878733 0.019468
v -0.267770 -0.877727 0.033626
v -0.267769 -0.875849 0.047783
v -0.267769 -0.873049 0.062081
v -0.267769 -0.869258 0.076673
v -0.267770 -0.864374 0.091733
v -0.267770 -0.817828 0.140048
v -0.267770 -0.763417 0.193390
v -0.267770 -0.701630 0.251138
v -0.267769 -0.633231 0.312488
v -0.267770 -0.559235 0.376485
v -0.267770 -0.480856 0.442072
v -0.267769 -0.399446 0.508146
v -0.267770 -0.316413 0.573624
v -0.267769 -0.233149 0.637491
v -0.267770 -0.150958 0.698854
v -0.267770 -0.070998 0.756973
v -0.267770 0.005760 0.811278
v -0.267770 0.078545 0.861373
v -0.267770 0.146792 0.907024
v -0.267770 0.240842 0.961464
v -0.267770 0.318961 1.003575
v -0.267770 0.378098 1.031272
v -0.267770 0.415329 1.042601
v -0.267769 0.428032 1.035865
v -0.267769 0.414082 1.009759
v -0.267770 0.372024 0.963489
v -0.267770 0.301234 0.896876
v -0.267770 0.202015 0.810410
v -0.267770 0.075627 0.705256
v -0.267770 -0.075758 0.583210
v -0.267770 -0.249182 0.446597
v -0.267770 -0.441082 0.298124
v -0.267770 -0.647512 0.140723
v -0.267770 -0.666124 0.117894
v -0.267770 -0.681238 0.096303
v -0.267769 -0.693194 0.075666
v -0.267770 -0.702249 0.055740
v -0.267770 -0.708592 0.036305
v -0.267770 -0.712348 0.017161
v -0.267770 -0.713592 -0.001880
v -0.267770 -0.712348 -0.021004
v -0.267770 -0.876746 -0.024386
v -0.267770 -0.878237 -0.009400
v -0.267770 -0.878899 0.005172
v -0.267770 -0.878733 0.019468
v -0.267769 -0.877727 0.033626
v -0.267770 -0.875849 0.047783
v -0.267769 -0.873049 0.062080
v -0.267770 -0.869258 0.076673
v -0.267770 -0.864374 0.091733
v -0.267770 -0.817828 0.140048
v -0.267769 -0.763417 0.193390
v -0.267770 -0.701630 0.251138
v -0.267769 -0.633231 0.312488
v -0.267769 -0.559235 0.376485
v -0.267770 -0.480856 0.442072
v -0.267769 -0.399446 0.508146
v -0.267770 -0.316413 0.573624
v -0.267770 -0.233149 0.637491
v -0.267769 -0.150958 0.698854
v -0.267770 -0.070998 0.756973
v -0.267770 0.005760 0.811278
v -0.267769 0.078545 0.861373
v -0.267770 0.146792 0.907024
v -0.267770 0.240842 0.961464
v -0.267770 0.318961 1.003575
v -0.267769 0.378098 1.031271
v -0.267770 0.415329 1.042601
v -0.267769 0.428032 1.035865
v -0.267770 0.414082 1.009759
v -0.267770 0.372024 0.963490
v -0.267770 0.301234 0.896877
v -0.267770 0.202015 0.810409
v -0.267770 0.075627 0.705256
v -0.267770 -0.075758 0.583210
v -0.267769 -0.249182 0.446597
v -0.267770 -0.441082 0.298124
v -0.267769 -0.647512 0.140723
v -0.267769 -0.666124 0.117894
v -0.267770 -0.681238 0.096303
v -0.267769 -0.693194 0.075666
v -0.267769 -0.702249 0.055740
v -0.267770 -0.708592 0.036305
v -0.267770 -0.712348 0.017161
v -0.267770 -0.713592 -0.001880
v -0.267769 -0.712348 -0.021004
v -0.267769 -0.876746 -0.024386
v -0.267770 -0.878237 -0.009400
v -0.267770 -0.878899 0.005172
v -0.267770 -0.878733 0.019468
v -0.267769 -0.877727 0.033626
v -0.267770 -0.875849 0.047783
v -0.267769 -0.873049 0.062081
v -0.267769 -0.869258 0.076673
v -0.267769 -0.864374 0.091733
v -0.267770 -0.817828 0.140048
v -0.267770 -0.763417 0.193390
v -0.267770 -0.701630 0.251138
v -0.267770 -0.633231 0.312488
v -0.267769 -0.559235 0.376485
v -0.267770 -0.480856 0.442072
v -0.267769 -0.399446 0.508146
v -0.267770 -0.316413 0.573624
v -0.267770 -0.233149 0.637491
v -0.267769 -0.150958 0.698854
v -0.267770 -0.070998 0.756973
v -0.267770 0.005760 0.811278
v -0.267770 0.078545 0.861373
v -0.267770 0.146792 0.907024
v -0.267770 0.240842 0.961464
v -0.267769 0.318961 1.003575
v -0.267770 0.378098 1.031272
v -0.267770 0.415329 1.042600
v -0.267770 0.428032 1.035865
v -0.267770 0.414082 1.009759
v -0.267769 0.372024 0.963489
v -0.267770 0.301234 0.896877
v -0.267769 0.202015 0.810409
v -0.267770 0.075627 0.705256
v -0.267770 -0.075758 0.583210
v -0.267770 -0.249182 0.446597
v -0.267770 -0.441082 0.298124
v -0.267770 -0.647512 0.140723
v -0.267770 -0.666124 0.117894
v -0.267769 -0.681238 0.096303
v -0.267770 -0.693194 0.075666
v -0.267770 -0.702249 0.055740
v -0.267770 -0.708592 0.036305
v -0.267769 -0.712348 0.017161
v -0.267770 -0.713592 -0.001880
v -0.267770 -0.712348 -0.021004
v -0.267770 -0.876746 -0.024386
v -0.267770 -0.878237 -0.009400
v -0.267770 -0.878899 0.005172
v -0.267770 -0.878733 0.019468
v -0.267770 -0.877727 0.033626
v -0.267769 -0.875849 0.047783
v -0.267769 -0.873049 0.062081
v -0.267770 -0.869258 0.076673
v -0.267769 -0.864374 0.091733
v -0.267770 -0.817828 0.140048
v -0.267769 -0.763417 0.193390
v -0.267770 -0.701630 0.251138
v -0.267769 -0.633231 0.312488
v -0.267769 -0.559235 0.376485
v -0.267770 -0.480856 0.442072
v -0.267770 -0.399446 0.508146
v -0.267769 -0.316413 0.573624
v -0.267770 -0.233149 0.637491
v -0.267770 -0.150958 0.698854
v -0.267770 -0.070998 0.756973
v -0.267770 0.005760 0.811278
v -0.267770 0.078545 0.861373
v -0.267770 0.146792 0.907024
v -0.267770 0.240842 0.961464
v -0.267770 0.318961 1.003575
v -0.267770 0.378098 1.031272
v -0.267770 0.415329 1.042600
v -0.267769 0.428032 1.035865
v -0.267769 0.414082 1.009759
v -0.267770 0.372024 0.963490
v -0.267770 0.301234 0.896876
v -0.267770 0.202015 0.810409
v -0.267770 0.075627 0.705256
v -0.267770 -0.075758 0.583210
v -0.267770 -0.249182 0.446597
v -0.267770 -0.441082 0.298124
v -0.267770 -0.647512 0.140723
v -0.267770 -0.666125 0.117894
v -0.267770 -0.681238 0.096303
v -0.267770 -0.693194 0.075666
v -0.267770 -0.702249 0.055740
v -0.267770 -0.708592 0.036305
v -0.267770 -0.712348 0.017161
v -0.267770 -0.713592 -0.001880
v -0.267770 -0.712348 -0.021004
v -0.267769 -0.876746 -0.024386
v -0.267770 -0.878237 -0.009400
v -0.267770 -0.878899 0.005172
v -0.267770 -0.878733 0.019468
v -0.267770 -0.877727 0.033626
v -0.267770 -0.875849 0.047783
v -0.267770 -0.873049 0.062081
v -0.267770 -0.869258 0.076673
v -0.267770 -0.864374 0.091733
v -0.267770 -0.817828 0.140048
v -0.267770 -0.763417 0.193390
v -0.267770 -0.701630 0.251138
v -0.267770 -0.633231 0.312488
v -0.267769 -0.559235 0.376485
v -0.267769 -0.480856 0.442071
v -0.267770 -0.399446 0.508146
v -0.267770 -0.316413 0.573624
v -0.267770 -0.233149 0.637491
v -0.267770 -0.150958 0.698854
v -0.267770 -0.070998 0.756973
v -0.267770 0.005760 0.811278
v -0.267770 0.078545 0.861373
v -0.267770 0.146792 0.907025
v -0.267769 0.240842 0.961464
v -0.267770 0.318961 1.003575
v -0.267769 0.378098 1.031272
v -0.267770 0.415329 1.042601
v -0.267770 0.428032 1.035865
v -0.267769 0.414082 1.009759
v -0.267770 0.372024 0.963490
v -0.267769 0.301234 0.896876
v -0.267769 0.202015 0.810409
v -0.267770 0.075627 0.705256
v -0.267770 -0.075758 0.583210
v -0.267770 -0.249182 0.446597
v -0.267770 -0.441082 0.298124
v -0.267770 -0.647512 0.140723
v -0.267769 -0.666124 0.117894
v -0.267770 -0.681238 0.096303
v -0.267770 -0.693194 0.075666
v -0.267770 -0.702249 0.055740
v -0.267769 -0.708592 0.036305
v -0.267770 -0.712348 0.017161
v -0.267769 -0.713592 -0.001880
v -0.267769 -0.712348 -0.021004
v -0.267770 -0.876747 -0.024386
v -0.267770 -0.878237 -0.009400
v -0.267770 -0.878899 0.005172
v -0.267770 -0.878733 0.019468
v -0.267770 -0.877727 0.033626
v -0.267770 -0.875849 0.047783
v -0.267770 -0.873049 0.062081
v -0.267770 -0.869258 0.076673
v -0.267770 -0.864374 0.091733
v -0.267770 -0.817828 0.140048
v -0.267770 -0.763417 0.193390
v -0.267770 -0.701630 0.251138
v -0.267770 -0.633231 0.312488
v -0.267770 -0.559235 0.376485
v -0.267770 -0.480856 0.442072
v -0.267770 -0.399446 0.508146
v -0.267770 -0.316413 0.573624
v -0.267770 -0.233149 0.637491
v -0.267770 -0.150958 0.698854
v -0.267770 -0.070998 0.756973
v -0.267770 0.005760 0.811278
v -0.267770 0.078545 0.861373
v -0.267770 0.146792 0.907024
v -0.267770 0.240842 0.961464
v -0.267769 0.318961 1.003575
v -0.267770 0.378098 1.031272
v -0.267770 0.415329 1.042601
v -0.267770 0.428032 1.035865
v -0.267769 0.414082 1.009759
v -0.267770 0.372024 0.963490
v -0.267770 0.301234 0.896877
v -0.267770 0.202015 0.810409
v -0.267770 0.075627 0.705256
v -0.267770 -0.075758 0.583210
v -0.267770 -0.249182 0.446597
v -0.267770 -0.441082 0.298124
v -0.267770 -0.647512 0.140723
v -0.267770 -0.666125 0.117894
v -0.267769 -0.681238 0.096303
v -0.267770 -0.693194 0.075666
v -0.267770 -0.702249 0.055740
v -0.267769 -0.708592 0.036305
v -0.267770 -0.712348 0.017161
v -0.267770 -0.713592 -0.001880
v -0.267769 -0.712348 -0.021004
v -0.267769 -0.876747 -0.024386
v -0.267769 -0.878237 -0.009400
v -0.267770 -0.878899 0.005172
v -0.267770 -0.878733 0.019468
v -0.267770 -0.877727 0.033626
v -0.267770 -0.875849 0.047783
v -0.267770 -0.873049 0.062081
v -0.267770 -0.869258 0.076673
v -0.267770 -0.864374 0.091733
v -0.267770 -0.817828 0.140048
v -0.267769 -0.763417 0.193390
v -0.267769 -0.701630 0.251138
v -0.267770 -0.633231 0.312488
v -0.267770 -0.559235 0.376485
v -0.267769 -0.480856 0.442071
v -0.267769 -0.399446 0.508146
v -0.267770 -0.316413 0.573624
v -0.267770 -0.233149 0.637491
v -0.267770 -0.150958 0.698854
v -0.267770 -0.070998 0.756973
v -0.267770 0.005760 0.811278
v -0.267770 0.078545 0.861373
v -0.267770 0.146792 0.907024
v -0.267770 0.240842 0.961464
v -0.267769 0.318961 1.003575
v -0.267770 0.378098 1.031272
v -0.267770 0.415329 1.042601
v -0.267770 0.428032 1.035865
v -0.267769 0.414082 1.009759
v -0.267770 0.372024 0.963489
v -0.267770 0.301234 0.896877
v -0.267770 0.202015 0.810409
v -0.267770 0.075627 0.705256
v -0.267770 -0.075758 0.583210
v -0.267770 -0.249182 0.446597
v -0.267770 -0.441082 0.298124
v -0.267770 -0.647512 0.140723
v -0.267769 -0.666124 0.117894
v -0.267770 -0.681238 0.096303
v -0.267769 -0.693194 0.075666
v -0.267770 -0.702249 0.055740
v -0.267769 -0.708592 0.036305
v -0.267769 -0.712348 0.017161
v -0.267769 -0.713592 -0.001880
v -0.267770 -0.712348 -0.021004
v -0.267770 -0.876747 -0.024386
v -0.267769 -0.878237 -0.009400
v -0.267770 -0.878899 0.005172
v -0.267769 -0.878733 0.019468
v -0.267770 -0.877727 0.033626
v -0.267770 -0.875849 0.047783
v -0.267770 -0.873049 0.062081
v -0.267770 -0.869258 0.076673
v -0.267769 -0.864374 0.091733
v -0.267769 -0.817828 0.140048
v -0.267770 -0.763417 0.193390
v -0.267769 -0.701630 0.251138
v -0.267769 -0.633231 0.312488
v -0.267769 -0.559235 0.376485
v -0.267770 -0.480856 0.442072
v -0.267770 -0.399446 0.508146
v -0.267770 -0.316413 0.573624
v -0.267770 -0.233149 0.637491
v -0.267769 -0.150958 0.698854
v -0.267770 -0.070998 0.756973
v -0.267770 0.005760 0.811278
v -0.267770 0.078545 0.861373
v -0.567183 0.325883 -0.000000
v -0.267770 0.144782 0.902513
v -0.267770 0.238367 0.956683
v -0.267769 0.316099 0.998585
v -0.267770 0.374943 1.026145
v -0.267770 0.411989 1.037418
v -0.267769 0.424630 1.030715
v -0.267770 0.410748 1.004738
v -0.267770 0.368899 0.958698
v -0.267770 0.298460 0.892415
v -0.267769 0.199732 0.806376
v -0.267770 0.073970 0.701743
v -0.267770 -0.076666 0.580302
v -0.267770 -0.249231 0.444365
v -0.267770 -0.440181 0.296628
v -0.267769 -0.645588 0.140006
v -0.267770 -0.664109 0.117290
v -0.267770 -0.679147 0.095806
v -0.267769 -0.691044 0.075271
v -0.267770 -0.700055 0.055443
v -0.267769 -0.706366 0.036105
v -0.267770 -0.710104 0.017056
v -0.267770 -0.711341 -0.001891
v -0.267770 -0.710104 -0.020920
v -0.267769 -0.873688 -0.024285
v -0.267770 -0.875171 -0.009374
v -0.267770 -0.875829 0.005126
v -0.267769 -0.875665 0.019351
v -0.267770 -0.874663 0.033439
v -0.267770 -0.872795 0.047526
v -0.267770 -0.870009 0.061753
v -0.267769 -0.866236 0.076273
v -0.267770 -0.861376 0.091258
v -0.267769 -0.815061 0.139334
v -0.267770 -0.760920 0.192412
v -0.267770 -0.699438 0.249875
v -0.267770 -0.631379 0.310921
v -0.267770 -0.557749 0.374600
v -0.267770 -0.479758 0.439862
v -0.267770 -0.398750 0.505610
v -0.267770 -0.316129 0.570763
v -0.267770 -0.233277 0.634314
v -0.267769 -0.151494 0.695373
v -0.267769 -0.071929 0.753204
v -0.267770 0.004448 0.807240
v -0.267769 0.076873 0.857088
v 2.758942 -0.089424 -0.000000
v 2.758942 -0.257066 -0.000000
v 2.595440 -0.106184 -0.000000
v 2.595440 -0.276181 -0.000000
v 2.430732 -0.117624 -0.000000
v 2.430732 -0.289151 -0.000000
v 3.537766 0.079914 -0.000000
v 3.537766 -0.049275 -0.000000
v 3.313169 0.018228 -0.000000
v 3.313169 -0.126625 -0.000000
v 1.759842 -0.110186 -0.000000
v 1.759842 -0.279593 -0.000000
v 1.589105 -0.095026 -0.000000
v 1.589105 -0.261843 -0.000000
v 1.418344 -0.075967 -0.000000
v 1.418345 -0.239642 -0.000000
v 0.755321 0.014983 -0.000000
v 0.755321 -0.135303 -0.000000
v 0.594603 0.041359 -0.000000
v 0.594603 -0.105381 -0.000000
v 0.435900 0.069191 -0.000000
v 0.435899 -0.073924 -0.000000
v 4.750286 0.504912 0.010896
v 4.638716 0.270696 0.003650
v 4.638716 0.270949 0.007538
v 4.638716 0.277274 0.024050
v 4.638716 0.240553 0.021904
v 4.638716 0.239501 0.018187
v 4.638716 0.238001 0.011387
v 4.638716 0.237374 0.006702
v 4.638716 0.237088 0.002217
v 4.638716 0.238277 -0.009354
v 4.638716 0.239048 -0.012321
v 4.333095 0.317878 -0.411581
v 4.333095 0.360811 -0.436433
v 4.333095 0.396472 -0.455656
v 4.333095 0.423467 -0.468299
v 4.333095 0.440463 -0.473471
v 4.333095 0.446262 -0.470396
v 4.333095 0.439894 -0.458479
v 4.333094 0.420694 -0.437357
v 4.333095 0.388380 -0.406949
v 4.333094 0.343087 -0.367477
v 4.333095 0.285392 -0.319475
v 4.333095 0.216285 -0.263762
v 4.333095 0.137118 -0.201399
v 4.333095 0.049518 -0.133623
v 4.333095 -0.044716 -0.061770
v 4.333095 -0.053213 -0.051349
v 4.333094 -0.060112 -0.041493
v 4.333095 -0.065570 -0.032072
v 4.333095 -0.069704 -0.022976
v 4.333095 -0.072599 -0.014104
v 4.333095 -0.074314 -0.005365
v 4.333095 -0.074881 0.003327
v 4.333095 -0.074314 0.012057
v 4.333095 -0.072599 0.020910
v 4.333095 -0.148293 0.020699
v 4.333095 -0.149360 0.013601
v 4.333095 -0.150041 0.006760
v 4.333095 -0.150267 -0.006418
v 4.333095 -0.149808 -0.012881
v 4.333095 -0.148950 -0.019343
v 4.333095 -0.147673 -0.025870
v 4.333095 -0.145942 -0.032532
v 4.333095 -0.143712 -0.039406
v 4.333095 -0.122464 -0.061462
v 4.333094 -0.097626 -0.085812
v 4.333095 -0.069421 -0.112174
v 4.333095 -0.038197 -0.140180
v 4.333095 -0.004419 -0.169394
v 4.333095 0.031361 -0.199334
v 4.333095 0.068524 -0.229496
v 4.333095 0.106428 -0.259386
v 4.333095 0.144437 -0.288541
v 4.333095 0.181957 -0.316553
v 4.333095 0.218458 -0.343084
v 4.333095 0.253498 -0.367874
v 4.333095 0.286724 -0.390742
v 4.047729 0.204938 -0.612587
v 4.047729 0.268644 -0.649463
v 4.047729 0.321558 -0.677987
v 4.047729 0.361616 -0.696748
v 4.047729 0.386835 -0.704421
v 4.047729 0.395440 -0.699859
v 4.047729 0.385990 -0.682175
v 4.047729 0.357501 -0.650834
v 4.047729 0.309551 -0.605713
v 4.047729 0.242344 -0.547144
v 4.047729 0.156733 -0.475916
v 4.047729 0.054190 -0.393247
v 4.047729 -0.063281 -0.300710
v 4.047729 -0.193267 -0.200140
v 4.047729 -0.333095 -0.093523
v 4.047729 -0.345702 -0.078059
v 4.047729 -0.355939 -0.063434
v 4.047729 -0.364038 -0.049455
v 4.047729 -0.370172 -0.035958
v 4.047729 -0.374468 -0.022793
v 4.047729 -0.377012 -0.009826
v 4.047729 -0.377855 0.003072
v 4.047729 -0.377012 0.016026
v 4.047729 -0.488370 0.018316
v 4.047729 -0.489380 0.008165
v 4.047729 -0.489828 -0.001705
v 4.047729 -0.489715 -0.011389
v 4.047729 -0.489034 -0.020979
v 4.047729 -0.487762 -0.030568
v 4.047729 -0.485866 -0.040253
v 4.047729 -0.483297 -0.050137
v 4.047729 -0.479989 -0.060338
v 4.047729 -0.448461 -0.093065
v 4.047729 -0.411605 -0.129197
v 4.047729 -0.369752 -0.168314
v 4.047729 -0.323422 -0.209870
v 4.047729 -0.273299 -0.253219
v 4.047729 -0.220208 -0.297645
v 4.047729 -0.165064 -0.342402
v 4.047729 -0.108820 -0.386754
v 4.047729 -0.052421 -0.430015
v 4.047729 0.003253 -0.471580
v 4.047729 0.057415 -0.510948
v 4.047729 0.109408 -0.547732
v 4.047729 0.158710 -0.581665
v 3.782619 0.106801 -0.784156
v 3.782619 0.188241 -0.831297
v 3.782619 0.255886 -0.867762
v 3.782620 0.307094 -0.891745
v 3.782619 0.339333 -0.901555
v 3.782619 0.350333 -0.895722
v 3.782619 0.338253 -0.873117
v 3.782619 0.301834 -0.833051
v 3.782619 0.240536 -0.775369
v 3.782619 0.154620 -0.700495
v 3.782619 0.045178 -0.609440
v 3.782619 -0.085910 -0.503759
v 3.782619 -0.236082 -0.385462
v 3.782619 -0.402252 -0.256896
v 3.782619 -0.581004 -0.120599
v 3.782619 -0.597122 -0.100831
v 3.782620 -0.610208 -0.082135
v 3.782620 -0.620561 -0.064265
v 3.782619 -0.628403 -0.047010
v 3.782619 -0.633895 -0.030181
v 3.782619 -0.637148 -0.013604
v 3.782619 -0.638225 0.002884
v 3.782619 -0.637148 0.019444
v 3.782619 -0.779504 0.022372
v 3.782619 -0.780795 0.009395
v 3.782619 -0.781367 -0.003222
v 3.782619 -0.781224 -0.015602
v 3.782619 -0.780352 -0.027861
v 3.782619 -0.778726 -0.040120
v 3.782619 -0.776302 -0.052501
v 3.782619 -0.773019 -0.065137
v 3.782619 -0.768790 -0.078177
v 3.782619 -0.728485 -0.120015
v 3.782619 -0.681369 -0.166205
v 3.782619 -0.627866 -0.216210
v 3.782619 -0.568639 -0.269334
v 3.782619 -0.504564 -0.324751
v 3.782619 -0.436694 -0.381543
v 3.782619 -0.366198 -0.438759
v 3.782619 -0.294298 -0.495457
v 3.782620 -0.222199 -0.550761
v 3.782619 -0.151028 -0.603897
v 3.782619 -0.081788 -0.654224
v 3.782619 -0.015322 -0.701247
v 3.782619 0.047705 -0.744626
v 3.537766 0.023467 -0.926290
v 3.537766 0.119602 -0.981936
v 3.537766 0.199453 -1.024981
v 3.537766 0.259901 -1.053292
v 3.537766 0.297957 -1.064871
v 3.537766 0.310942 -1.057986
v 3.537766 0.296682 -1.031302
v 3.537766 0.253692 -0.984007
v 3.537766 0.181333 -0.915917
v 3.537766 0.079914 -0.827533
v 3.537766 -0.049275 -0.720048
v 3.537766 -0.204017 -0.595297
v 3.537766 -0.381285 -0.455655
v 3.537766 -0.577439 -0.303891
v 3.537766 -0.788445 -0.143001
v 3.537766 -0.807471 -0.119666
v 3.537766 -0.822919 -0.097596
v 3.537766 -0.835140 -0.076502
v 3.537766 -0.844396 -0.056133
v 3.537766 -0.850879 -0.036268
v 3.537766 -0.854719 -0.016700
v 3.537766 -0.855991 0.002764
v 3.537766 -0.854719 0.022312
v 3.537766 -1.024285 0.010450
v 3.537766 -1.024961 -0.004444
v 3.537766 -1.024792 -0.019057
v 3.537766 -1.023764 -0.033529
v 3.537766 -1.021844 -0.048000
v 3.537766 -1.018983 -0.062615
v 3.537766 -1.015107 -0.077531
v 3.537766 -1.010115 -0.092924
v 3.537766 -0.962537 -0.142311
v 3.537766 -0.906920 -0.196835
v 3.537766 -0.843763 -0.255864
v 3.537766 -0.773848 -0.318574
v 3.537766 -0.698212 -0.383989
v 3.537766 -0.618095 -0.451030
v 3.537766 -0.534880 -0.518569
v 3.537766 -0.450006 -0.585498
v 3.537766 -0.364897 -0.650781
v 3.537766 -0.280884 -0.713505
v 3.537766 -0.199150 -0.772912
v 3.537766 -0.120692 -0.828421
v 3.537766 -0.046292 -0.879627
v 3.313169 -0.045063 -1.038987
v 3.313169 0.062728 -1.101381
v 3.313169 0.152260 -1.149644
v 3.313169 0.220037 -1.181387
v 3.313169 0.262707 -1.194371
v 3.313169 0.277267 -1.186652
v 3.313169 0.261278 -1.156731
v 3.313169 0.213076 -1.103702
v 3.313169 0.131943 -1.027356
v 3.313169 0.018228 -0.928256
v 3.313169 -0.126625 -0.807739
v 3.313169 -0.300129 -0.667863
v 3.313169 -0.498890 -0.511289
v 3.313169 -0.718827 -0.341124
v 3.313169 -0.955417 -0.160727
v 3.313169 -0.976750 -0.134562
v 3.313169 -0.994071 -0.109817
v 3.313169 -1.007774 -0.086165
v 3.313169 -1.018152 -0.063327
v 3.313169 -1.025422 -0.041052
v 3.313169 -1.029727 -0.019112
v 3.313169 -1.031152 0.002711
v 3.313169 -1.029727 0.024630
v 3.313169 -1.219853 0.011330
v 3.313169 -1.220611 -0.005370
v 3.313169 -1.220421 -0.021756
v 3.313169 -1.219267 -0.037982
v 3.313169 -1.217115 -0.054207
v 3.313169 -1.213907 -0.070594
v 3.313169 -1.209561 -0.087319
v 3.313169 -1.203964 -0.104578
v 3.313169 -1.150617 -0.159953
v 3.313169 -1.088257 -0.221088
v 3.313169 -1.017442 -0.287274
v 3.313169 -0.939050 -0.357587
v 3.313169 -0.854243 -0.430934
v 3.313169 -0.764413 -0.506103
v 3.313169 -0.671108 -0.581832
v 3.313169 -0.575943 -0.656875
v 3.313169 -0.480515 -0.730074
v 3.313169 -0.386316 -0.800402
v 3.313169 -0.294672 -0.867013
v 3.313169 -0.206701 -0.929252
v 3.313169 -0.123281 -0.986666
v 3.108828 -0.098790 -1.122248
v 3.108828 0.017618 -1.189630
v 3.108828 0.114308 -1.241751
v 3.108828 0.187503 -1.276032
v 3.108827 0.233584 -1.290054
v 3.108828 0.249308 -1.281717
v 3.108827 0.232041 -1.249405
v 3.108827 0.179985 -1.192136
v 3.108828 0.092367 -1.109688
v 3.108828 -0.030439 -1.002665
v 3.108828 -0.186873 -0.872514
v 3.108828 -0.374246 -0.721455
v 3.108827 -0.588898 -0.552365
v 3.108828 -0.826417 -0.368596
v 3.108828 -1.081921 -0.173777
v 3.108828 -1.104958 -0.145521
v 3.108827 -1.123664 -0.118797
v 3.108828 -1.138462 -0.093255
v 3.108828 -1.149671 -0.068591
v 3.108828 -1.157521 -0.044536
v 3.108828 -1.162170 -0.020842
v 3.108828 -1.163710 0.002726
v 3.108827 -1.367495 0.012034
v 3.108828 -1.368314 -0.006001
v 3.108828 -1.368109 -0.023696
v 3.108828 -1.366863 -0.041220
v 3.108828 -1.364539 -0.058742
v 3.108828 -1.361075 -0.076439
v 3.108827 -1.356381 -0.094501
v 3.108828 -1.350336 -0.113140
v 3.108828 -1.292725 -0.172941
v 3.108828 -1.225379 -0.238964
v 3.108828 -1.148904 -0.310441
v 3.108828 -1.064245 -0.386375
v 3.108827 -0.972658 -0.465586
v 3.108827 -0.875647 -0.546764
v 3.108828 -0.774883 -0.628546
v 3.108828 -0.672111 -0.709590
v 3.108828 -0.569053 -0.788639
v 3.108828 -0.467323 -0.864590
v 3.108828 -0.368354 -0.936526
v 3.108827 -0.273350 -1.003740
v 3.108828 -0.183261 -1.065745
v 2.924742 -0.137714 -1.176073
v 2.924742 -0.015727 -1.246684
v 2.924742 0.085595 -1.301303
v 2.924742 0.162298 -1.337226
v 2.924742 0.210588 -1.351920
v 2.924742 0.227065 -1.343184
v 2.924742 0.208971 -1.309323
v 2.924742 0.154420 -1.249311
v 2.924742 0.062603 -1.162911
v 2.924742 -0.066088 -1.050760
v 2.924742 -0.230017 -0.914371
v 2.924742 -0.426370 -0.756074
v 2.924742 -0.651307 -0.578882
v 2.924742 -0.900208 -0.386307
v 2.924742 -1.167955 -0.182152
v 2.924742 -1.192096 -0.152542
v 2.924742 -1.211699 -0.124538
v 2.924742 -1.227206 -0.097771
v 2.924742 -1.238952 -0.071926
v 2.924742 -1.247178 -0.046718
v 2.924742 -1.252050 -0.021888
v 2.924742 -1.253664 0.002809
v 2.924742 -1.467215 0.012563
v 2.924742 -1.468072 -0.006337
v 2.924742 -1.467858 -0.024880
v 2.924742 -1.466552 -0.043243
v 2.924742 -1.464117 -0.061605
v 2.924742 -1.460486 -0.080150
v 2.924742 -1.455568 -0.099077
v 2.924742 -1.449233 -0.118610
v 2.924742 -1.388862 -0.181276
v 2.924742 -1.318288 -0.250463
v 2.924742 -1.238148 -0.325365
v 2.924742 -1.149433 -0.404938
v 2.924742 -1.053457 -0.487944
v 2.924742 -0.951797 -0.573012
v 2.924742 -0.846204 -0.658714
v 2.924742 -0.738507 -0.743640
v 2.924742 -0.630512 -0.826478
v 2.924742 -0.523907 -0.906069
v 2.924742 -0.420195 -0.981451
v 2.924742 -0.320638 -1.051886
v 2.924742 -0.226232 -1.116862
v 2.758942 -0.162672 -1.202625
v 2.758942 -0.037924 -1.274834
v 2.758942 0.065693 -1.330690
v 2.758942 0.144133 -1.367427
v 2.758942 0.193516 -1.382453
v 2.758942 0.210366 -1.373519
v 2.758942 0.191862 -1.338892
v 2.758942 0.136076 -1.277520
v 2.758942 0.042180 -1.189164
v 2.758942 -0.089424 -1.074474
v 2.758942 -0.257066 -0.934997
v 2.758942 -0.457864 -0.773116
v 2.758942 -0.687894 -0.591911
v 2.758942 -0.942431 -0.394977
v 2.758942 -1.216240 -0.186200
v 2.758942 -1.240928 -0.155919
v 2.758942 -1.260974 -0.127280
v 2.758942 -1.276833 -0.099908
v 2.758942 -1.288844 -0.073477
v 2.758942 -1.297257 -0.047699
v 2.758942 -1.302239 -0.022307
v 2.758942 -1.303889 0.002950
v 2.758942 -1.522275 0.012924
v 2.758942 -1.523152 -0.006403
v 2.758942 -1.522933 -0.025366
v 2.758942 -1.521598 -0.044145
v 2.758942 -1.519107 -0.062923
v 2.758942 -1.515394 -0.081888
v 2.758942 -1.510365 -0.101243
v 2.758942 -1.503887 -0.121218
v 2.758942 -1.442148 -0.185304
v 2.758942 -1.369977 -0.256057
v 2.758942 -1.288023 -0.332655
v 2.758942 -1.197299 -0.414030
v 2.758942 -1.099150 -0.498915
v 2.758942 -0.995188 -0.585909
v 2.758942 -0.887204 -0.673551
v 2.758942 -0.777069 -0.760401
v 2.758942 -0.666628 -0.845114
v 2.758942 -0.557609 -0.926507
v 2.758942 -0.451549 -1.003596
v 2.758942 -0.349738 -1.075626
v 2.758942 -0.253195 -1.142073
v 2.595440 -0.180461 -1.219445
v 2.595440 -0.053960 -1.292668
v 2.595440 0.051113 -1.349309
v 2.595440 0.130654 -1.386562
v 2.595440 0.180731 -1.401800
v 2.595440 0.197818 -1.392740
v 2.595440 0.179054 -1.357626
v 2.595440 0.122484 -1.295392
v 2.595440 0.027269 -1.205795
v 2.595440 -0.106184 -1.089494
v 2.595440 -0.276181 -0.948058
v 2.595440 -0.479800 -0.783902
v 2.595440 -0.713062 -0.600151
v 2.595440 -0.971174 -0.400450
v 2.595440 -1.248830 -0.188740
v 2.595440 -1.273865 -0.158034
v 2.595440 -1.294193 -0.128993
v 2.595440 -1.310274 -0.101236
v 2.595440 -1.322455 -0.074434
v 2.595440 -1.330985 -0.048293
v 2.595440 -1.336038 -0.022544
v 2.595440 -1.337711 0.003067
v 2.595440 -1.559165 0.013181
v 2.595440 -1.560055 -0.006417
v 2.595440 -1.559832 -0.025647
v 2.595440 -1.558478 -0.044690
v 2.595440 -1.555952 -0.063731
v 2.595440 -1.552187 -0.082962
v 2.595440 -1.547087 -0.102590
v 2.595440 -1.540518 -0.122846
v 2.595440 -1.477912 -0.187832
v 2.595440 -1.404727 -0.259579
v 2.595440 -1.321621 -0.337253
v 2.595440 -1.229622 -0.419770
v 2.595440 -1.130095 -0.505849
v 2.595440 -1.024673 -0.594065
v 2.595440 -0.915172 -0.682938
v 2.595440 -0.803489 -0.771008
v 2.595440 -0.691497 -0.856912
v 2.595440 -0.580947 -0.939447
v 2.595440 -0.473397 -1.017620
v 2.595440 -0.370155 -1.090662
v 2.595440 -0.272256 -1.158042
v 2.430732 -0.192570 -1.230378
v 2.430732 -0.064930 -1.304260
v 2.430732 0.041089 -1.361411
v 2.430732 0.121347 -1.399000
v 2.430732 0.171875 -1.414375
v 2.430732 0.189116 -1.405234
v 2.430732 0.170183 -1.369804
v 2.430732 0.113104 -1.307009
v 2.430732 0.017031 -1.216605
v 2.430732 -0.117624 -1.099257
v 2.430732 -0.289151 -0.956547
v 2.430732 -0.494604 -0.790913
v 2.430732 -0.729967 -0.605507
v 2.430732 -0.990404 -0.404007
v 2.430732 -1.270560 -0.190391
v 2.430732 -1.295821 -0.159409
v 2.430732 -1.316331 -0.130106
v 2.430732 -1.332558 -0.102099
v 2.430732 -1.344848 -0.075055
v 2.430732 -1.353455 -0.048679
v 2.430732 -1.358553 -0.022699
v 2.430732 -1.360241 0.003143
v 2.430732 -1.583689 0.013349
v 2.430732 -1.584587 -0.006427
v 2.430732 -1.584362 -0.025829
v 2.430732 -1.582996 -0.045044
v 2.430732 -1.580448 -0.064256
v 2.430732 -1.576649 -0.083661
v 2.430732 -1.571503 -0.103465
v 2.430732 -1.564875 -0.123903
v 2.430732 -1.501705 -0.189474
v 2.430732 -1.427861 -0.261868
v 2.430732 -1.344007 -0.340241
v 2.430732 -1.251179 -0.423502
v 2.430732 -1.150755 -0.510355
v 2.430732 -1.044384 -0.599366
v 2.430732 -0.933897 -0.689040
v 2.430732 -0.821209 -0.777902
v 2.430732 -0.708207 -0.864580
v 2.430732 -0.596662 -0.947859
v 2.430732 -0.488143 -1.026735
v 2.430732 -0.383972 -1.100435
v 2.430732 -0.285191 -1.168422
v 2.264819 -0.198999 -1.235423
v 2.264819 -0.070833 -1.309611
v 2.264819 0.035623 -1.366997
v 2.264819 0.116211 -1.404740
v 2.264819 0.166947 -1.420179
v 2.264819 0.184259 -1.411000
v 2.264819 0.165248 -1.375424
v 2.264819 0.107934 -1.312371
v 2.264819 0.011466 -1.221594
v 2.264819 -0.123744 -1.103762
v 2.264819 -0.295978 -0.960465
v 2.264819 -0.502277 -0.794148
v 2.264819 -0.738609 -0.607979
v 2.264819 -1.000119 -0.405650
v 2.264819 -1.281429 -0.191153
v 2.264819 -1.306794 -0.160043
v 2.264819 -1.327389 -0.130620
v 2.264819 -1.343682 -0.102497
v 2.264819 -1.356023 -0.075342
v 2.264819 -1.364666 -0.048858
v 2.264819 -1.369784 -0.022770
v 2.264819 -1.371480 0.003178
v 2.264819 -1.595849 0.013426
v 2.264819 -1.596750 -0.006431
v 2.264819 -1.596524 -0.025913
v 2.264819 -1.595153 -0.045207
v 2.264819 -1.592594 -0.064499
v 2.264819 -1.588779 -0.083983
v 2.264819 -1.583612 -0.103869
v 2.264819 -1.576956 -0.124391
v 2.264819 -1.513527 -0.190233
v 2.264819 -1.439378 -0.262924
v 2.264819 -1.355178 -0.341620
v 2.264819 -1.261969 -0.425224
v 2.264819 -1.161131 -0.512435
v 2.264819 -1.054321 -0.601813
v 2.264819 -0.943379 -0.691856
v 2.264818 -0.830227 -0.781084
v 2.264819 -0.716760 -0.868119
v 2.264819 -0.604755 -0.951741
v 2.264819 -0.495790 -1.030942
v 2.264819 -0.391189 -1.104946
v 2.264819 -0.292001 -1.173213
v 2.097699 -0.199748 -1.234582
v 2.097699 -0.071669 -1.308719
v 2.097699 0.034714 -1.366066
v 2.097699 0.115247 -1.403784
v 2.097699 0.165948 -1.419211
v 2.097699 0.183248 -1.410039
v 2.097699 0.164250 -1.374487
v 2.097699 0.106975 -1.311477
v 2.097699 0.010573 -1.220763
v 2.097699 -0.124544 -1.103011
v 2.097699 -0.296661 -0.959811
v 2.097699 -0.502819 -0.793609
v 2.097699 -0.738989 -0.607567
v 2.097699 -1.000320 -0.405376
v 2.097699 -1.281438 -0.191026
v 2.097699 -1.306785 -0.159937
v 2.097699 -1.327367 -0.130534
v 2.097699 -1.343648 -0.102431
v 2.097699 -1.355981 -0.075295
v 2.097699 -1.364617 -0.048828
v 2.097699 -1.369733 -0.022758
v 2.097699 -1.371427 0.003172
v 2.097699 -1.595642 0.013413
v 2.097699 -1.596543 -0.006430
v 2.097699 -1.596318 -0.025899
v 2.097699 -1.594947 -0.045180
v 2.097699 -1.592390 -0.064458
v 2.097699 -1.588578 -0.083929
v 2.097699 -1.583414 -0.103802
v 2.097699 -1.576763 -0.124310
v 2.097699 -1.513377 -0.190106
v 2.097699 -1.439279 -0.262748
v 2.097699 -1.355137 -0.341390
v 2.097699 -1.261991 -0.424937
v 2.097699 -1.161222 -0.512089
v 2.097699 -1.054485 -0.601405
v 2.097699 -0.943619 -0.691386
v 2.097699 -0.830544 -0.780554
v 2.097699 -0.717155 -0.867529
v 2.097699 -0.605227 -0.951094
v 2.097699 -0.496336 -1.030241
v 2.097699 -0.391807 -1.104194
v 2.097699 -0.292687 -1.172414
v 1.929373 -0.194816 -1.227855
v 1.929374 -0.067439 -1.301585
v 1.929374 0.038361 -1.358618
v 1.929374 0.118454 -1.396129
v 1.929374 0.168878 -1.411473
v 1.929374 0.186083 -1.402350
v 1.929374 0.167189 -1.366994
v 1.929374 0.110228 -1.304328
v 1.929374 0.014353 -1.214111
v 1.929374 -0.120025 -1.097004
v 1.929374 -0.291199 -0.954587
v 1.929374 -0.496229 -0.789295
v 1.929374 -0.731106 -0.604271
v 1.929374 -0.991007 -0.403187
v 1.929374 -1.270586 -0.190010
v 1.929374 -1.295795 -0.159091
v 1.929374 -1.316263 -0.129849
v 1.929374 -1.332456 -0.101900
v 1.929374 -1.344721 -0.074912
v 1.929374 -1.353311 -0.048590
v 1.929374 -1.358398 -0.022663
v 1.929374 -1.360083 0.003126
v 1.929373 -1.583071 0.013310
v 1.929373 -1.583966 -0.006425
v 1.929373 -1.583742 -0.025787
v 1.929373 -1.582379 -0.044962
v 1.929373 -1.579836 -0.064135
v 1.929373 -1.576045 -0.083500
v 1.929373 -1.570909 -0.103263
v 1.929373 -1.564295 -0.123659
v 1.929373 -1.501255 -0.189095
v 1.929373 -1.427563 -0.261340
v 1.929373 -1.343882 -0.339551
v 1.929373 -1.251245 -0.422641
v 1.929373 -1.151028 -0.509315
v 1.929373 -1.044876 -0.598143
v 1.929373 -0.934617 -0.687632
v 1.929373 -0.822160 -0.776311
v 1.929373 -0.709392 -0.862810
v 1.929373 -0.598076 -0.945918
v 1.929373 -0.489781 -1.024632
v 1.929373 -0.385824 -1.098180
v 1.929373 -0.287247 -1.166027
v 1.759842 -0.184205 -1.215240
v 1.759842 -0.058142 -1.288209
v 1.759842 0.046566 -1.344654
v 1.759842 0.125832 -1.381778
v 1.759842 0.175736 -1.396963
v 1.759842 0.192764 -1.387935
v 1.759842 0.174064 -1.352943
v 1.759842 0.117691 -1.290924
v 1.759842 0.022806 -1.201638
v 1.759842 -0.110186 -1.085739
v 1.759842 -0.279593 -0.944793
v 1.759842 -0.482507 -0.781206
v 1.759842 -0.714961 -0.598091
v 1.759842 -0.972180 -0.399082
v 1.759842 -1.248874 -0.188105
v 1.759842 -1.273823 -0.157505
v 1.759842 -1.294080 -0.128565
v 1.759842 -1.310105 -0.100904
v 1.759842 -1.322244 -0.074195
v 1.759842 -1.330745 -0.048144
v 1.759842 -1.335780 -0.022485
v 1.759842 -1.337447 0.003038
v 1.759842 -1.558134 0.013117
v 1.759842 -1.559020 -0.006414
v 1.759842 -1.558799 -0.025577
v 1.759842 -1.557450 -0.044554
v 1.759842 -1.554933 -0.063529
v 1.759842 -1.551180 -0.082694
v 1.759842 -1.546098 -0.102253
v 1.759842 -1.539552 -0.122439
v 1.759842 -1.477163 -0.187200
v 1.759842 -1.404231 -0.258698
v 1.759842 -1.321413 -0.336103
v 1.759842 -1.229733 -0.418335
v 1.759842 -1.130550 -0.504115
v 1.759842 -1.025493 -0.592026
v 1.759842 -0.916371 -0.680591
v 1.759842 -0.805075 -0.768356
v 1.759842 -0.693471 -0.853962
v 1.759842 -0.583304 -0.936212
v 1.759842 -0.476126 -1.014114
v 1.759842 -0.373242 -1.086903
v 1.759842 -0.275682 -1.154050
v 1.589105 -0.167914 -1.196738
v 1.589105 -0.043779 -1.268592
v 1.589105 0.059328 -1.324173
v 1.589105 0.137382 -1.360729
v 1.589105 0.186522 -1.375682
v 1.589105 0.203290 -1.366792
v 1.589105 0.184877 -1.332335
v 1.589105 0.129365 -1.271265
v 1.589105 0.035931 -1.183344
v 1.589105 -0.095026 -1.069217
v 1.589105 -0.261843 -0.930427
v 1.589105 -0.461654 -0.769341
v 1.589105 -0.690553 -0.589028
v 1.589105 -0.943838 -0.393061
v 1.589105 -1.216301 -0.185311
v 1.589105 -1.240868 -0.155179
v 1.589105 -1.260816 -0.126681
v 1.589105 -1.276596 -0.099443
v 1.589105 -1.288548 -0.073142
v 1.589105 -1.296920 -0.047491
v 1.589105 -1.301878 -0.022224
v 1.589105 -1.303520 0.002909
v 1.589105 -1.520832 0.012834
v 1.589105 -1.521705 -0.006398
v 1.589105 -1.521486 -0.025268
v 1.589105 -1.520158 -0.043955
v 1.589105 -1.517679 -0.062640
v 1.589105 -1.513985 -0.081511
v 1.589105 -1.508980 -0.100772
v 1.589105 -1.502534 -0.120649
v 1.589105 -1.441099 -0.184419
v 1.589105 -1.369283 -0.254825
v 1.589105 -1.287731 -0.331046
v 1.589105 -1.197453 -0.412020
v 1.589105 -1.099787 -0.496488
v 1.589105 -0.996336 -0.583055
v 1.589105 -0.888883 -0.670266
v 1.589105 -0.779290 -0.756688
v 1.589105 -0.669392 -0.840985
v 1.589105 -0.560909 -0.921978
v 1.589105 -0.455371 -0.998688
v 1.589105 -0.354060 -1.070364
v 1.589105 -0.257992 -1.136484
v 1.418344 -0.147482 -1.174297
v 1.418344 -0.025685 -1.244798
v 1.418344 0.075481 -1.299332
v 1.418344 0.152065 -1.335201
v 1.418344 0.200280 -1.349872
v 1.418344 0.216732 -1.341149
v 1.418345 0.198665 -1.307341
v 1.418345 0.144199 -1.247421
v 1.418345 0.052525 -1.161155
v 1.418344 -0.075967 -1.049178
v 1.418345 -0.239642 -0.913001
v 1.418345 -0.435690 -0.754949
v 1.418344 -0.660279 -0.578031
v 1.418345 -0.908795 -0.385754
v 1.418345 -1.176127 -0.181916
v 1.418345 -1.200231 -0.152352
v 1.418344 -1.219803 -0.124391
v 1.418345 -1.235286 -0.097666
v 1.418344 -1.247014 -0.071860
v 1.418344 -1.255227 -0.046692
v 1.418345 -1.260092 -0.021900
v 1.418344 -1.261703 0.002759
v 1.418344 -1.474922 0.012497
v 1.418344 -1.475779 -0.006373
v 1.418344 -1.475565 -0.024887
v 1.418344 -1.474261 -0.043222
v 1.418344 -1.471829 -0.061556
v 1.418344 -1.468204 -0.080072
v 1.418344 -1.463294 -0.098970
v 1.418344 -1.456969 -0.118472
v 1.418344 -1.396691 -0.181042
v 1.418344 -1.326227 -0.250121
v 1.418344 -1.246211 -0.324907
v 1.418344 -1.157633 -0.404357
v 1.418344 -1.061806 -0.487234
v 1.418344 -0.960304 -0.572170
v 1.418344 -0.854874 -0.657739
v 1.418344 -0.747345 -0.742534
v 1.418344 -0.639516 -0.825244
v 1.418344 -0.533077 -0.904711
v 1.418344 -0.429525 -0.979976
v 1.418344 -0.330123 -1.050303
v 1.418344 -0.235863 -1.115178
v 1.249566 -0.125517 -1.151218
v 1.249566 -0.006122 -1.220328
v 1.249566 0.093048 -1.273787
v 1.249566 0.168122 -1.308948
v 1.249566 0.215386 -1.323330
v 1.249566 0.231513 -1.314779
v 1.249566 0.213803 -1.281638
v 1.249566 0.160411 -1.222900
v 1.249566 0.070545 -1.138335
v 1.249566 -0.055412 -1.028567
v 1.249566 -0.215860 -0.895076
v 1.249566 -0.408041 -0.740141
v 1.249566 -0.628200 -0.566712
v 1.249566 -0.871814 -0.378229
v 1.249566 -1.133873 -0.178411
v 1.249566 -1.157501 -0.149430
v 1.249566 -1.176687 -0.122020
v 1.249566 -1.191866 -0.095822
v 1.249566 -1.203361 -0.070526
v 1.249566 -1.211413 -0.045854
v 1.249566 -1.216182 -0.021551
v 1.249566 -1.217761 0.002621
v 1.249566 -1.426775 0.012168
v 1.249566 -1.427615 -0.006330
v 1.249566 -1.427405 -0.024479
v 1.249566 -1.426127 -0.042453
v 1.249566 -1.423743 -0.060424
v 1.249566 -1.420189 -0.078575
v 1.249566 -1.415376 -0.097101
v 1.249566 -1.409176 -0.116218
v 1.249566 -1.350087 -0.177554
v 1.249566 -1.281013 -0.245271
v 1.249566 -1.202575 -0.318581
v 1.249566 -1.115744 -0.396464
v 1.249566 -1.021807 -0.477707
v 1.249566 -0.922307 -0.560968
v 1.249566 -0.818957 -0.644849
v 1.249566 -0.713548 -0.727971
v 1.249566 -0.607846 -0.809049
v 1.249566 -0.503506 -0.886949
v 1.249566 -0.401997 -0.960730
v 1.249566 -0.304555 -1.029669
v 1.249566 -0.212155 -1.093265
v 1.082803 -0.102062 -1.127555
v 1.082803 0.014872 -1.195241
v 1.082803 0.111998 -1.247597
v 1.082803 0.185523 -1.282033
v 1.082803 0.231813 -1.296118
v 1.082803 0.247608 -1.287744
v 1.082803 0.230263 -1.255286
v 1.082803 0.177972 -1.197759
v 1.082803 0.089958 -1.114938
v 1.082803 -0.033403 -1.007432
v 1.082803 -0.190542 -0.876693
v 1.082803 -0.378761 -0.724953
v 1.082803 -0.594382 -0.555099
v 1.082803 -0.832973 -0.370502
v 1.082803 -1.089630 -0.174803
v 1.082803 -1.112771 -0.146420
v 1.082803 -1.131562 -0.119575
v 1.082803 -1.146427 -0.093917
v 1.082803 -1.157686 -0.069142
v 1.082803 -1.165572 -0.044978
v 1.082803 -1.170242 -0.021177
v 1.082803 -1.171788 0.002497
v 1.082803 -1.376494 0.011847
v 1.082803 -1.377316 -0.006270
v 1.082803 -1.377110 -0.024045
v 1.082803 -1.375859 -0.041648
v 1.082803 -1.373524 -0.059249
v 1.082803 -1.370044 -0.077026
v 1.082803 -1.365329 -0.095169
v 1.082803 -1.359257 -0.113893
v 1.082803 -1.301386 -0.173964
v 1.082803 -1.233736 -0.240285
v 1.082803 -1.156916 -0.312084
v 1.082803 -1.071875 -0.388361
v 1.082803 -0.979874 -0.467929
v 1.082803 -0.882425 -0.549473
v 1.082803 -0.781206 -0.631625
v 1.082803 -0.677970 -0.713034
v 1.082803 -0.574448 -0.792441
v 1.082803 -0.472259 -0.868734
v 1.082803 -0.372843 -0.940994
v 1.082803 -0.277409 -1.008512
v 1.082803 -0.186914 -1.070796
v 0.918055 -0.077117 -1.103308
v 0.918055 0.037296 -1.169535
v 0.918055 0.132329 -1.220763
v 0.918055 0.204270 -1.254456
v 0.918055 0.249561 -1.268238
v 0.918055 0.265016 -1.260044
v 0.918055 0.248044 -1.228286
v 0.918055 0.196881 -1.171999
v 0.918055 0.110764 -1.090963
v 0.918055 -0.009937 -0.985775
v 0.918055 -0.163690 -0.857853
v 0.918055 -0.347852 -0.709384
v 0.918055 -0.558825 -0.543192
v 0.918055 -0.792273 -0.362573
v 0.918055 -1.043398 -0.171093
v 0.918055 -1.066040 -0.143321
v 0.918055 -1.084426 -0.117055
v 0.918055 -1.098971 -0.091950
v 0.918055 -1.109987 -0.067709
v 0.918055 -1.117703 -0.044066
v 0.918055 -1.122272 -0.020778
v 0.918055 -1.123786 0.002386
v 0.918055 -1.324078 0.011534
v 0.918055 -1.324883 -0.006192
v 0.918055 -1.324682 -0.023584
v 0.918055 -1.323457 -0.040807
v 0.918055 -1.321173 -0.058029
v 0.918055 -1.317768 -0.075423
v 0.918055 -1.313155 -0.093175
v 0.918055 -1.307213 -0.111495
v 0.918055 -1.250590 -0.170271
v 0.918055 -1.184398 -0.235162
v 0.918055 -1.109233 -0.305414
v 0.918055 -1.026026 -0.380047
v 0.918055 -0.936008 -0.457900
v 0.918055 -0.840659 -0.537687
v 0.918055 -0.741622 -0.618068
v 0.918055 -0.640611 -0.697722
v 0.918055 -0.539320 -0.775417
v 0.918055 -0.439334 -0.850066
v 0.918055 -0.342061 -0.920768
v 0.918055 -0.248685 -0.986831
v 0.918055 -0.160140 -1.047773
v 0.755322 -0.050682 -1.078477
v 0.755322 0.061152 -1.143211
v 0.755321 0.154042 -1.193284
v 0.755321 0.224361 -1.226218
v 0.755322 0.268631 -1.239689
v 0.755322 0.283737 -1.231679
v 0.755322 0.267149 -1.200637
v 0.755322 0.217138 -1.145619
v 0.755322 0.132963 -1.066410
v 0.755321 0.014983 -0.963594
v 0.755321 -0.135303 -0.838556
v 0.755322 -0.315313 -0.693434
v 0.755322 -0.521529 -0.530989
v 0.755322 -0.749714 -0.354442
v 0.755322 -0.995177 -0.167279
v 0.755322 -1.017309 -0.140134
v 0.755322 -1.035280 -0.114460
v 0.755321 -1.049497 -0.089921
v 0.755322 -1.060265 -0.066226
v 0.755321 -1.067806 -0.043117
v 0.755322 -1.072273 -0.020353
v 0.755322 -1.073752 0.002288
v 0.755322 -1.072273 0.025029
v 0.755321 -1.269529 0.011230
v 0.755321 -1.270316 -0.006096
v 0.755322 -1.270119 -0.023096
v 0.755322 -1.268922 -0.039931
v 0.755322 -1.266689 -0.056765
v 0.755322 -1.263361 -0.073766
v 0.755321 -1.258852 -0.091118
v 0.755322 -1.253044 -0.109025
v 0.755322 -1.197698 -0.166476
v 0.755322 -1.132998 -0.229904
v 0.755321 -1.059528 -0.298572
v 0.755321 -0.978196 -0.371523
v 0.755322 -0.890208 -0.447620
v 0.755321 -0.797009 -0.525608
v 0.755322 -0.700205 -0.604177
v 0.755322 -0.601472 -0.682035
v 0.755322 -0.502464 -0.757978
v 0.755322 -0.404732 -0.830945
v 0.755322 -0.309652 -0.900053
v 0.755321 -0.218381 -0.964626
v 0.755321 -0.131833 -1.024194
v 0.594603 -0.022756 -1.053062
v 0.594603 0.086439 -1.116268
v 0.594603 0.177137 -1.165160
v 0.594603 0.245797 -1.197317
v 0.594603 0.289023 -1.210470
v 0.594603 0.303773 -1.202650
v 0.594603 0.287575 -1.172340
v 0.594603 0.238745 -1.118620
v 0.594603 0.156556 -1.041280
v 0.594603 0.041359 -0.940889
v 0.594603 -0.105381 -0.818802
v 0.594603 -0.281143 -0.677104
v 0.594603 -0.482494 -0.518491
v 0.594603 -0.705296 -0.346110
v 0.594603 -0.944967 -0.163363
v 0.594603 -0.966577 -0.136858
v 0.594603 -0.984124 -0.111790
v 0.594603 -0.998005 -0.087830
v 0.594603 -1.008519 -0.064694
v 0.594603 -1.015883 -0.042130
v 0.594603 -1.020244 -0.019904
v 0.594603 -1.021688 0.002204
v 0.594603 -1.020244 0.024408
v 0.594603 -1.212846 0.010934
v 0.594603 -1.213614 -0.005983
v 0.594603 -1.213422 -0.022582
v 0.594603 -1.212253 -0.039020
v 0.594603 -1.210073 -0.055456
v 0.594603 -1.206823 -0.072056
v 0.594603 -1.202421 -0.088999
v 0.594603 -1.196750 -0.106483
v 0.594603 -1.142709 -0.162579
v 0.594603 -1.079536 -0.224511
v 0.594603 -1.007800 -0.291558
v 0.594603 -0.928387 -0.362787
v 0.594603 -0.842475 -0.437089
v 0.594603 -0.751475 -0.513237
v 0.594603 -0.656955 -0.589952
v 0.594603 -0.560551 -0.665974
v 0.594603 -0.463879 -0.740125
v 0.594603 -0.368453 -0.811370
v 0.594603 -0.275616 -0.878848
v 0.594603 -0.186499 -0.941897
v 0.594603 -0.101993 -1.000059
v 0.435899 0.006660 -1.027063
v 0.435899 0.113157 -1.088707
v 0.435899 0.201614 -1.136391
v 0.435899 0.268578 -1.167754
v 0.435899 0.310736 -1.180582
v 0.435899 0.325121 -1.172955
v 0.435900 0.309324 -1.143394
v 0.435900 0.261700 -1.091001
v 0.435899 0.181541 -1.015572
v 0.435900 0.069191 -0.917661
v 0.435899 -0.073924 -0.798590
v 0.435899 -0.245344 -0.660393
v 0.435900 -0.441720 -0.505699
v 0.435900 -0.659018 -0.337576
v 0.435900 -0.892768 -0.159344
v 0.435900 -0.913844 -0.133494
v 0.435900 -0.930957 -0.109045
v 0.435899 -0.944496 -0.085677
v 0.435899 -0.954750 -0.063113
v 0.435899 -0.961932 -0.041106
v 0.435899 -0.966185 -0.019429
v 0.435900 -0.967594 0.002132
v 0.435900 -0.966185 0.023788
v 0.435899 -1.154029 0.010647
v 0.435900 -1.154778 -0.005852
v 0.435900 -1.154591 -0.022041
v 0.435899 -1.153451 -0.038073
v 0.435899 -1.151325 -0.054103
v 0.435900 -1.148155 -0.070293
v 0.435899 -1.143861 -0.086817
v 0.435899 -1.138331 -0.103870
v 0.435899 -1.085625 -0.158579
v 0.435899 -1.024013 -0.218981
v 0.435899 -0.954049 -0.284372
v 0.435900 -0.876598 -0.353842
v 0.435900 -0.792808 -0.426308
v 0.435899 -0.704056 -0.500575
v 0.435899 -0.611871 -0.575394
v 0.435900 -0.517849 -0.649538
v 0.435899 -0.423566 -0.721857
v 0.435899 -0.330497 -0.791342
v 0.435899 -0.239954 -0.857153
v 0.435899 -0.153038 -0.918644
v 0.435899 -0.070619 -0.975370
v 0.279971 0.037336 -1.000647
v 0.279971 0.141094 -1.060706
v 0.279971 0.227276 -1.107164
v 0.279971 0.292517 -1.137720
v 0.279971 0.333591 -1.150218
v 0.279971 0.347606 -1.142787
v 0.279971 0.332215 -1.113986
v 0.279971 0.285816 -1.062941
v 0.279971 0.207720 -0.989452
v 0.279971 0.098259 -0.894060
v 0.279971 -0.041174 -0.778052
v 0.279971 -0.208185 -0.643409
v 0.279971 -0.399510 -0.492694
v 0.279971 -0.611218 -0.328896
v 0.279971 -0.838956 -0.155249
v 0.279971 -0.859490 -0.130063
v 0.279971 -0.876163 -0.106243
v 0.279971 -0.889353 -0.083477
v 0.279971 -0.899343 -0.061493
v 0.279971 -0.906340 -0.040052
v 0.279971 -0.910484 -0.018933
v 0.279971 -0.911857 0.002074
v 0.279971 -0.910484 0.023172
v 0.279971 -1.093497 0.010370
v 0.279971 -1.094226 -0.005705
v 0.279971 -1.094043 -0.021477
v 0.279971 -1.092933 -0.037097
v 0.279971 -1.090861 -0.052715
v 0.279971 -1.087773 -0.068488
v 0.279971 -1.083590 -0.084587
v 0.279971 -1.078202 -0.101201
v 0.279971 -1.026852 -0.154504
v 0.279971 -0.966825 -0.213352
v 0.279971 -0.898660 -0.277061
v 0.279971 -0.823201 -0.344743
v 0.279971 -0.741567 -0.415346
v 0.279971 -0.655098 -0.487702
v 0.279971 -0.565284 -0.560597
v 0.279971 -0.473680 -0.632833
v 0.279971 -0.381822 -0.703293
v 0.279971 -0.291148 -0.770990
v 0.279971 -0.202934 -0.835108
v 0.279971 -0.118253 -0.895018
v 0.279971 -0.037955 -0.950284
v 0.139930 0.065321 -0.976711
v 0.139930 0.166597 -1.035333
v 0.139930 0.250717 -1.080679
v 0.139930 0.314398 -1.110504
v 0.139930 0.354489 -1.122703
v 0.139930 0.368169 -1.115450
v 0.139930 0.353146 -1.087338
v 0.139929 0.307857 -1.037514
v 0.139930 0.231629 -0.965783
v 0.139929 0.124787 -0.872673
v 0.139929 -0.011312 -0.759440
v 0.139930 -0.174328 -0.628018
v 0.139930 -0.361076 -0.480909
v 0.139930 -0.567719 -0.321029
v 0.139929 -0.790009 -0.151535
v 0.139930 -0.810052 -0.126952
v 0.139930 -0.826326 -0.103702
v 0.139930 -0.839201 -0.081480
v 0.139929 -0.848952 -0.060022
v 0.139930 -0.855782 -0.039094
v 0.139929 -0.859827 -0.018480
v 0.139929 -0.861166 0.002024
v 0.139930 -0.859827 0.022618
v 0.139929 -1.038461 0.010122
v 0.139930 -1.039173 -0.005569
v 0.139930 -1.038995 -0.020964
v 0.139930 -1.037911 -0.036209
v 0.139930 -1.035889 -0.051454
v 0.139930 -1.032875 -0.066850
v 0.139930 -1.028791 -0.082564
v 0.139930 -1.023532 -0.098780
v 0.139930 -0.973410 -0.150808
v 0.139930 -0.914819 -0.208248
v 0.139930 -0.848285 -0.270433
v 0.139930 -0.774631 -0.336497
v 0.139930 -0.694950 -0.405410
v 0.139930 -0.610549 -0.476036
v 0.139930 -0.522884 -0.547187
v 0.139930 -0.433472 -0.617695
v 0.139930 -0.343811 -0.686469
v 0.139930 -0.255305 -0.752547
v 0.139930 -0.169201 -0.815131
v 0.139930 -0.086547 -0.873608
v 0.139930 -0.008169 -0.927552
v 0.020526 0.089181 -0.956302
v 0.020526 0.188341 -1.013699
v 0.020526 0.270704 -1.058097
v 0.020526 0.333054 -1.087299
v 0.020526 0.372307 -1.099243
v 0.020526 0.385701 -1.092142
v 0.020526 0.370992 -1.064617
v 0.020526 0.326650 -1.015834
v 0.020526 0.252014 -0.945602
v 0.020526 0.147405 -0.854438
v 0.020526 0.014150 -0.743571
v 0.020526 -0.145459 -0.614895
v 0.020526 -0.328305 -0.470860
v 0.020526 -0.530630 -0.314321
v 0.020526 -0.748275 -0.148369
v 0.020526 -0.767899 -0.124299
v 0.020525 -0.783834 -0.101535
v 0.020526 -0.796439 -0.079777
v 0.020526 -0.805987 -0.058768
v 0.020526 -0.812674 -0.038277
v 0.020526 -0.816634 -0.018094
v 0.020526 -0.817946 0.001982
v 0.020526 -0.816634 0.022145
v 0.020526 -0.991536 0.009910
v 0.020526 -0.992233 -0.005452
v 0.020526 -0.992059 -0.020526
v 0.020526 -0.990998 -0.035453
v 0.020526 -0.989018 -0.050379
v 0.020526 -0.986066 -0.065453
v 0.020526 -0.982068 -0.080839
v 0.020526 -0.976919 -0.096716
v 0.020526 -0.927845 -0.147657
v 0.020526 -0.870478 -0.203897
v 0.020526 -0.805334 -0.264782
v 0.020526 -0.733219 -0.329465
v 0.020526 -0.655203 -0.396939
v 0.020526 -0.572566 -0.466089
v 0.020526 -0.486732 -0.535753
v 0.020526 -0.399188 -0.604788
v 0.020526 -0.311401 -0.672125
v 0.020526 -0.224745 -0.736822
v 0.020526 -0.140440 -0.798098
v 0.020526 -0.059513 -0.855353
v 0.020526 0.017227 -0.908170
v -0.078240 0.108918 -0.939420
v -0.078240 0.206327 -0.995804
v -0.078240 0.287236 -1.039419
v -0.078240 0.348485 -1.068105
v -0.078240 0.387046 -1.079838
v -0.078241 0.400203 -1.072862
v -0.078240 0.385754 -1.045824
v -0.078240 0.342194 -0.997902
v -0.078240 0.268876 -0.928909
v -0.078240 0.166113 -0.839354
v -0.078240 0.035211 -0.730445
v -0.078240 -0.121581 -0.604040
v -0.078240 -0.301199 -0.462547
v -0.078240 -0.499952 -0.308772
v -0.078240 -0.713755 -0.145750
v -0.078240 -0.733033 -0.122105
v -0.078240 -0.748686 -0.099743
v -0.078240 -0.761069 -0.078369
v -0.078240 -0.770448 -0.057731
v -0.078240 -0.777017 -0.037602
v -0.078240 -0.780907 -0.017774
v -0.078240 -0.782196 0.001947
v -0.078240 -0.780907 0.021754
v -0.078240 -0.952721 0.009735
v -0.078240 -0.953406 -0.005356
v -0.078240 -0.953235 -0.020163
v -0.078240 -0.952192 -0.034827
v -0.078240 -0.950247 -0.049489
v -0.078240 -0.947348 -0.064298
v -0.078240 -0.943421 -0.079412
v -0.078240 -0.938363 -0.095009
v -0.078240 -0.890155 -0.145050
v -0.078240 -0.833800 -0.200297
v -0.078241 -0.769806 -0.260108
v -0.078240 -0.698965 -0.323649
v -0.078240 -0.622326 -0.389932
v -0.078240 -0.541147 -0.457861
v -0.078240 -0.456829 -0.526295
v -0.078240 -0.370830 -0.594112
v -0.078240 -0.284593 -0.660260
v -0.078241 -0.199467 -0.723815
v -0.078240 -0.116650 -0.784009
v -0.078240 -0.037151 -0.840254
v -0.078240 0.038234 -0.892138
v -0.156368 0.124531 -0.926066
v -0.156368 0.220555 -0.981648
v -0.156368 0.300314 -1.024643
v -0.156368 0.360692 -1.052921
v -0.156368 0.398705 -1.064488
v -0.156368 0.411675 -1.057611
v -0.156368 0.397431 -1.030957
v -0.156368 0.354491 -0.983716
v -0.156368 0.282215 -0.915705
v -0.156368 0.180913 -0.827422
v -0.156368 0.051872 -0.720061
v -0.156368 -0.102692 -0.595454
v -0.156368 -0.279756 -0.455972
v -0.156368 -0.475685 -0.304383
v -0.156368 -0.686448 -0.143678
v -0.156369 -0.705452 -0.120369
v -0.156368 -0.720882 -0.098325
v -0.156368 -0.733089 -0.077255
v -0.156368 -0.742335 -0.056910
v -0.156368 -0.748811 -0.037067
v -0.156368 -0.752646 -0.017522
v -0.156368 -0.753916 0.001919
v -0.156368 -0.752646 0.021445
v -0.156368 -0.920495 0.024898
v -0.156369 -0.922017 0.009597
v -0.156368 -0.922693 -0.005280
v -0.156368 -0.922523 -0.019877
v -0.156368 -0.921496 -0.034332
v -0.156368 -0.919579 -0.048786
v -0.156368 -0.916721 -0.063384
v -0.156368 -0.912849 -0.078283
v -0.156368 -0.907863 -0.093658
v -0.156368 -0.860340 -0.142988
v -0.156368 -0.804787 -0.197450
v -0.156368 -0.741702 -0.256411
v -0.156368 -0.671868 -0.319048
v -0.156368 -0.596318 -0.384389
v -0.156368 -0.516294 -0.451352
v -0.156368 -0.433174 -0.518814
v -0.156368 -0.348398 -0.585666
v -0.156369 -0.263387 -0.650874
v -0.156369 -0.179470 -0.713525
v -0.156368 -0.097831 -0.772864
v -0.156368 -0.019462 -0.828309
v -0.156368 0.054851 -0.879456
v -0.213859 0.136019 -0.916239
v -0.213859 0.231025 -0.971232
v -0.213859 0.309937 -1.013770
v -0.213859 0.369675 -1.041749
v -0.213859 0.407284 -1.053193
v -0.213859 0.420117 -1.046388
v -0.213859 0.406024 -1.020017
v -0.213859 0.363539 -0.973278
v -0.213859 0.292030 -0.905988
v -0.213859 0.191803 -0.818643
v -0.213859 0.064131 -0.712420
v -0.213859 -0.088792 -0.589135
v -0.213859 -0.263978 -0.451134
v -0.213859 -0.457827 -0.301153
v -0.213859 -0.666354 -0.142153
v -0.213859 -0.685156 -0.119092
v -0.213859 -0.700423 -0.097281
v -0.213859 -0.712500 -0.076435
v -0.213859 -0.721648 -0.056306
v -0.213859 -0.728055 -0.036674
v -0.213859 -0.731849 -0.017336
v -0.213859 -0.733106 0.001899
v -0.213859 -0.731849 0.021217
v -0.213859 -0.897918 0.024633
v -0.213859 -0.899424 0.009495
v -0.213859 -0.900092 -0.005224
v -0.213859 -0.899925 -0.019666
v -0.213859 -0.898908 -0.033968
v -0.213859 -0.897011 -0.048268
v -0.213859 -0.894183 -0.062711
v -0.213859 -0.890353 -0.077452
v -0.213859 -0.885419 -0.092665
v -0.213859 -0.838401 -0.141471
v -0.213859 -0.783437 -0.195355
v -0.213859 -0.721022 -0.253690
v -0.213859 -0.651929 -0.315663
v -0.213859 -0.577181 -0.380310
v -0.213859 -0.498006 -0.446563
v -0.213859 -0.415768 -0.513309
v -0.213859 -0.331891 -0.579451
v -0.213859 -0.247782 -0.643967
v -0.213859 -0.164756 -0.705954
v -0.213859 -0.083983 -0.764663
v -0.213859 -0.006446 -0.819520
v -0.213859 0.067079 -0.870124
v -0.250712 0.143383 -0.909940
v -0.250712 0.237736 -0.964555
v -0.250712 0.316106 -1.006801
v -0.250712 0.375433 -1.034587
v -0.250712 0.412783 -1.045952
v -0.250712 0.425528 -1.039195
v -0.250712 0.411532 -1.013005
v -0.250712 0.369339 -0.966587
v -0.250712 0.298322 -0.899760
v -0.250712 0.198784 -0.813014
v -0.250712 0.071990 -0.707523
v -0.250712 -0.079882 -0.585085
v -0.250712 -0.253864 -0.448032
v -0.250712 -0.446380 -0.299082
v -0.250712 -0.653474 -0.141176
v -0.250712 -0.672146 -0.118273
v -0.250712 -0.687308 -0.096613
v -0.250712 -0.699302 -0.075910
v -0.250712 -0.708387 -0.055919
v -0.250712 -0.714750 -0.036422
v -0.250712 -0.718518 -0.017217
v -0.250712 -0.719766 0.001886
v -0.250712 -0.718518 0.021072
v -0.250712 -0.883445 0.024464
v -0.250712 -0.884941 0.009430
v -0.250712 -0.885604 -0.005188
v -0.250712 -0.885438 -0.019531
v -0.250712 -0.884429 -0.033734
v -0.250712 -0.882544 -0.047936
v -0.250712 -0.879736 -0.062280
v -0.250712 -0.875932 -0.076920
v -0.250712 -0.871033 -0.092028
v -0.250712 -0.824337 -0.140498
v -0.250712 -0.769751 -0.194012
v -0.250712 -0.707766 -0.251946
v -0.250712 -0.639147 -0.313493
v -0.250712 -0.564913 -0.377695
v -0.250712 -0.486282 -0.443493
v -0.250712 -0.404610 -0.509780
v -0.250712 -0.321310 -0.575468
v -0.250712 -0.237779 -0.639540
v -0.250712 -0.155324 -0.701100
v -0.250712 -0.075106 -0.759406
v -0.250712 0.001898 -0.813886
v -0.250712 0.074917 -0.864142
v -0.266927 0.146624 -0.907168
v -0.266927 0.240689 -0.961617
v -0.266927 0.318820 -1.003734
v -0.266927 0.377966 -1.031435
v -0.266927 0.415203 -1.042766
v -0.266927 0.427909 -1.036029
v -0.266927 0.413956 -1.009919
v -0.266927 0.371891 -0.963642
v -0.266927 0.301090 -0.897019
v -0.266927 0.201855 -0.810538
v -0.266927 0.075448 -0.705368
v -0.266927 -0.075962 -0.583303
v -0.266927 -0.249413 -0.446668
v -0.266927 -0.441343 -0.298171
v -0.266927 -0.647806 -0.140746
v -0.266927 -0.666422 -0.117913
v -0.266928 -0.681537 -0.096318
v -0.266927 -0.693495 -0.075678
v -0.266927 -0.702552 -0.055749
v -0.266927 -0.708896 -0.036311
v -0.266927 -0.712653 -0.017164
v -0.266927 -0.713897 0.001880
v -0.266927 -0.712653 0.021007
v -0.266927 -0.877077 0.024390
v -0.266927 -0.878568 0.009401
v -0.266927 -0.879230 -0.005172
v -0.266927 -0.879064 -0.019471
v -0.266927 -0.878058 -0.033631
v -0.266927 -0.876179 -0.047790
v -0.266927 -0.873380 -0.062090
v -0.266927 -0.869587 -0.076685
v -0.266927 -0.864702 -0.091747
v -0.266927 -0.818149 -0.140070
v -0.266927 -0.763730 -0.193421
v -0.266927 -0.701933 -0.251178
v -0.266927 -0.633523 -0.312538
v -0.266927 -0.559515 -0.376545
v -0.266927 -0.481124 -0.442142
v -0.266927 -0.399701 -0.508227
v -0.266927 -0.316654 -0.573715
v -0.266927 -0.233378 -0.637592
v -0.266927 -0.151174 -0.698965
v -0.266927 -0.071200 -0.757093
v -0.266927 0.005569 -0.811407
v -0.266927 0.078366 -0.861510
v -0.267770 0.146792 -0.907025
v -0.267769 0.240842 -0.961464
v -0.267769 0.318961 -1.003575
v -0.267769 0.378098 -1.031272
v -0.267770 0.415329 -1.042601
v -0.267770 0.428032 -1.035865
v -0.267770 0.414082 -1.009759
v -0.267769 0.372024 -0.963490
v -0.267770 0.301234 -0.896877
v -0.267769 0.202015 -0.810409
v -0.267770 0.075627 -0.705255
v -0.267770 -0.075758 -0.583210
v -0.267770 -0.249182 -0.446597
v -0.267770 -0.441082 -0.298124
v -0.267770 -0.647512 -0.140723
v -0.267770 -0.666125 -0.117894
v -0.267769 -0.681238 -0.096303
v -0.267770 -0.693194 -0.075666
v -0.267770 -0.702249 -0.055740
v -0.267770 -0.708592 -0.036305
v -0.267770 -0.712348 -0.017161
v -0.267770 -0.713592 0.001880
v -0.267770 -0.712348 0.021004
v -0.267770 -0.876746 0.024386
v -0.267769 -0.878237 0.009400
v -0.267769 -0.878898 -0.005172
v -0.267770 -0.878733 -0.019468
v -0.267770 -0.877727 -0.033626
v -0.267770 -0.875849 -0.047783
v -0.267770 -0.873049 -0.062081
v -0.267770 -0.869258 -0.076673
v -0.267769 -0.864374 -0.091733
v -0.267770 -0.817828 -0.140048
v -0.267770 -0.763417 -0.193390
v -0.267770 -0.701630 -0.251138
v -0.267770 -0.633231 -0.312488
v -0.267770 -0.559235 -0.376485
v -0.267770 -0.480856 -0.442072
v -0.267770 -0.399446 -0.508146
v -0.267770 -0.316413 -0.573624
v -0.267770 -0.233149 -0.637491
v -0.267770 -0.150958 -0.698854
v -0.267769 -0.070998 -0.756973
v -0.267770 0.005760 -0.811278
v -0.267770 0.078545 -0.861373
v -0.267770 0.146792 -0.907024
v -0.267770 0.240842 -0.961464
v -0.267770 0.318961 -1.003575
v -0.267770 0.378098 -1.031272
v -0.267770 0.415329 -1.042601
v -0.267770 0.428032 -1.035865
v -0.267770 0.414082 -1.009759
v -0.267770 0.372024 -0.963489
v -0.267770 0.301234 -0.896877
v -0.267769 0.202015 -0.810409
v -0.267770 0.075627 -0.705256
v -0.267770 -0.075758 -0.583210
v -0.267770 -0.249182 -0.446597
v -0.267770 -0.441082 -0.298124
v -0.267770 -0.647512 -0.140723
v -0.267770 -0.666125 -0.117894
v -0.267770 -0.681238 -0.096303
v -0.267770 -0.693194 -0.075666
v -0.267769 -0.702249 -0.055740
v -0.267770 -0.708592 -0.036305
v -0.267770 -0.712348 -0.017161
v -0.267770 -0.713592 0.001880
v -0.267769 -0.712348 0.021004
v -0.267770 -0.876746 0.024386
v -0.267770 -0.878237 0.009400
v -0.267770 -0.878899 -0.005172
v -0.267769 -0.878733 -0.019468
v -0.267769 -0.877727 -0.033626
v -0.267769 -0.875849 -0.047783
v -0.267769 -0.873049 -0.062081
v -0.267770 -0.869258 -0.076673
v -0.267770 -0.864374 -0.091733
v -0.267770 -0.817828 -0.140048
v -0.267770 -0.763417 -0.193390
v -0.267769 -0.701630 -0.251138
v -0.267770 -0.633231 -0.312488
v -0.267770 -0.559235 -0.376485
v -0.267770 -0.480856 -0.442071
v -0.267770 -0.399446 -0.508146
v -0.267770 -0.316413 -0.573624
v -0.267770 -0.233149 -0.637491
v -0.267770 -0.150958 -0.698854
v -0.267770 -0.070998 -0.756973
v -0.267770 0.005760 -0.811278
v -0.267770 0.078545 -0.861373
v -0.267770 0.146792 -0.907024
v -0.267769 0.240842 -0.961464
v -0.267770 0.318961 -1.003575
v -0.267770 0.378098 -1.031272
v -0.267770 0.415329 -1.042601
v -0.267770 0.428032 -1.035865
v -0.267770 0.414082 -1.009759
v -0.267770 0.372024 -0.963489
v -0.267770 0.301234 -0.896876
v -0.267770 0.202015 -0.810410
v -0.267770 0.075627 -0.705256
v -0.267770 -0.075758 -0.583210
v -0.267770 -0.249182 -0.446597
v -0.267770 -0.441082 -0.298124
v -0.267770 -0.647512 -0.140723
v -0.267770 -0.666124 -0.117894
v -0.267770 -0.681238 -0.096303
v -0.267770 -0.693194 -0.075666
v -0.267769 -0.702249 -0.055740
v -0.267770 -0.708592 -0.036305
v -0.267770 -0.712348 -0.017161
v -0.267770 -0.713592 0.001880
v -0.267769 -0.712348 0.021004
v -0.267770 -0.876747 0.024386
v -0.267770 -0.878237 0.009400
v -0.267770 -0.878899 -0.005172
v -0.267770 -0.878733 -0.019468
v -0.267770 -0.877727 -0.033626
v -0.267769 -0.875849 -0.047783
v -0.267770 -0.873049 -0.062081
v -0.267769 -0.869258 -0.076673
v -0.267769 -0.864374 -0.091733
v -0.267770 -0.817828 -0.140048
v -0.267769 -0.763417 -0.193390
v -0.267770 -0.701630 -0.251138
v -0.267769 -0.633231 -0.312488
v -0.267770 -0.559235 -0.376485
v -0.267770 -0.480856 -0.442072
v -0.267770 -0.399446 -0.508146
v -0.267770 -0.316413 -0.573624
v -0.267770 -0.233149 -0.637491
v -0.267769 -0.150958 -0.698854
v -0.267770 -0.070998 -0.756973
v -0.267770 0.005760 -0.811278
v -0.267769 0.078545 -0.861373
v -0.267770 0.146792 -0.907024
v -0.267770 0.240842 -0.961464
v -0.267769 0.318961 -1.003575
v -0.267770 0.378098 -1.031272
v -0.267769 0.415328 -1.042600
v -0.267770 0.428032 -1.035865
v -0.267770 0.414082 -1.009759
v -0.267769 0.372024 -0.963490
v -0.267770 0.301234 -0.896877
v -0.267770 0.202015 -0.810409
v -0.267770 0.075627 -0.705256
v -0.267770 -0.075758 -0.583210
v -0.267770 -0.249182 -0.446597
v -0.267770 -0.441082 -0.298124
v -0.267770 -0.647512 -0.140723
v -0.267770 -0.666124 -0.117894
v -0.267770 -0.681238 -0.096303
v -0.267770 -0.693194 -0.075666
v -0.267769 -0.702249 -0.055740
v -0.267770 -0.708592 -0.036305
v -0.267770 -0.712348 -0.017161
v -0.267770 -0.713592 0.001880
v -0.267770 -0.712348 0.021004
v -0.267770 -0.876747 0.024386
v -0.267770 -0.878237 0.009400
v -0.267770 -0.878899 -0.005172
v -0.267770 -0.878733 -0.019468
v -0.267769 -0.877727 -0.033626
v -0.267770 -0.875849 -0.047783
v -0.267770 -0.873049 -0.062081
v -0.267770 -0.869258 -0.076673
v -0.267769 -0.864374 -0.091733
v -0.267770 -0.817828 -0.140048
v -0.267769 -0.763417 -0.193390
v -0.267770 -0.701630 -0.251138
v -0.267770 -0.633231 -0.312488
v -0.267770 -0.559235 -0.376485
v -0.267769 -0.480856 -0.442071
v -0.267770 -0.399446 -0.508146
v -0.267770 -0.316413 -0.573624
v -0.267770 -0.233149 -0.637491
v -0.267770 -0.150958 -0.698854
v -0.267769 -0.070998 -0.756973
v -0.267770 0.005760 -0.811278
v -0.267770 0.078545 -0.861373
v -0.267770 0.146792 -0.907024
v -0.267770 0.240842 -0.961464
v -0.267769 0.318961 -1.003575
v -0.267770 0.378098 -1.031272
v -0.267770 0.415329 -1.042601
v -0.267770 0.428032 -1.035865
v -0.267770 0.414082 -1.009759
v -0.267770 0.372024 -0.963490
v -0.267770 0.301234 -0.896877
v -0.267770 0.202015 -0.810409
v -0.267770 0.075627 -0.705256
v -0.267770 -0.075758 -0.583210
v -0.267770 -0.249182 -0.446597
v -0.267770 -0.441082 -0.298124
v -0.267769 -0.647512 -0.140723
v -0.267770 -0.666124 -0.117894
v -0.267769 -0.681238 -0.096303
v -0.267770 -0.693194 -0.075666
v -0.267770 -0.702249 -0.055740
v -0.267770 -0.708592 -0.036305
v -0.267770 -0.712348 -0.017161
v -0.267770 -0.713592 0.001880
v -0.267770 -0.712348 0.021004
v -0.267770 -0.876746 0.024386
v -0.267770 -0.878237 0.009400
v -0.267770 -0.878899 -0.005172
v -0.267770 -0.878733 -0.019468
v -0.267770 -0.877727 -0.033626
v -0.267770 -0.875849 -0.047783
v -0.267770 -0.873049 -0.062081
v -0.267770 -0.869258 -0.076673
v -0.267769 -0.864374 -0.091733
v -0.267769 -0.817828 -0.140048
v -0.267769 -0.763417 -0.193390
v -0.267769 -0.701630 -0.251138
v -0.267770 -0.633231 -0.312488
v -0.267770 -0.559235 -0.376485
v -0.267770 -0.480856 -0.442071
v -0.267770 -0.399446 -0.508146
v -0.267770 -0.316413 -0.573624
v -0.267770 -0.233149 -0.637491
v -0.267769 -0.150958 -0.698854
v -0.267770 -0.070998 -0.756973
v -0.267770 0.005760 -0.811278
v -0.267770 0.078545 -0.861373
v -0.267770 0.146792 -0.907024
v -0.267770 0.240842 -0.961464
v -0.267770 0.318961 -1.003575
v -0.267770 0.378098 -1.031272
v -0.267770 0.415329 -1.042601
v -0.267770 0.428032 -1.035865
v -0.267770 0.414082 -1.009759
v -0.267770 0.372024 -0.963490
v -0.267769 0.301234 -0.896877
v -0.267770 0.202015 -0.810410
v -0.267770 0.075627 -0.705256
v -0.267770 -0.075758 -0.583210
v -0.267769 -0.249182 -0.446597
v -0.267770 -0.441082 -0.298124
v -0.267770 -0.647512 -0.140723
v -0.267770 -0.666124 -0.117894
v -0.267770 -0.681238 -0.096303
v -0.267770 -0.693194 -0.075666
v -0.267770 -0.702249 -0.055740
v -0.267770 -0.708592 -0.036305
v -0.267770 -0.712348 -0.017161
v -0.267769 -0.713592 0.001880
v -0.267769 -0.712348 0.021004
v -0.267770 -0.876746 0.024386
v -0.267770 -0.878237 0.009400
v -0.267770 -0.878899 -0.005172
v -0.267770 -0.878733 -0.019468
v -0.267770 -0.877727 -0.033626
v -0.267770 -0.875849 -0.047783
v -0.267770 -0.873049 -0.062081
v -0.267770 -0.869258 -0.076673
v -0.267769 -0.864374 -0.091733
v -0.267770 -0.817828 -0.140048
v -0.267770 -0.763417 -0.193390
v -0.267769 -0.701630 -0.251138
v -0.267769 -0.633231 -0.312488
v -0.267769 -0.559235 -0.376485
v -0.267769 -0.480856 -0.442071
v -0.267770 -0.399446 -0.508146
v -0.267770 -0.316413 -0.573624
v -0.267770 -0.233149 -0.637491
v -0.267769 -0.150958 -0.698854
v -0.267770 -0.070998 -0.756973
v -0.267770 0.005760 -0.811278
v -0.267770 0.078545 -0.861373
v -0.267770 0.146792 -0.907024
v -0.267770 0.240842 -0.961464
v -0.267769 0.318961 -1.003575
v -0.267770 0.378098 -1.031272
v -0.267769 0.415329 -1.042600
v -0.267769 0.428032 -1.035865
v -0.267769 0.414082 -1.009759
v -0.267770 0.372024 -0.963490
v -0.267769 0.301234 -0.896877
v -0.267770 0.202015 -0.810409
v -0.267770 0.075627 -0.705256
v -0.267770 -0.075758 -0.583210
v -0.267770 -0.249182 -0.446597
v -0.267770 -0.441082 -0.298124
v -0.267770 -0.647512 -0.140723
v -0.267770 -0.666125 -0.117894
v -0.267769 -0.681238 -0.096303
v -0.267769 -0.693194 -0.075666
v -0.267770 -0.702249 -0.055740
v -0.267770 -0.708592 -0.036305
v -0.267770 -0.712348 -0.017161
v -0.267770 -0.713592 0.001880
v -0.267769 -0.712348 0.021004
v -0.267770 -0.876746 0.024386
v -0.267770 -0.878237 0.009400
v -0.267770 -0.878899 -0.005172
v -0.267769 -0.878733 -0.019468
v -0.267770 -0.877727 -0.033626
v -0.267769 -0.875849 -0.047783
v -0.267769 -0.873049 -0.062081
v -0.267769 -0.869258 -0.076673
v -0.267770 -0.864374 -0.091733
v -0.267770 -0.817828 -0.140048
v -0.267770 -0.763417 -0.193390
v -0.267770 -0.701630 -0.251138
v -0.267769 -0.633231 -0.312488
v -0.267770 -0.559235 -0.376485
v -0.267770 -0.480856 -0.442072
v -0.267769 -0.399446 -0.508146
v -0.267770 -0.316413 -0.573624
v -0.267769 -0.233149 -0.637491
v -0.267770 -0.150958 -0.698854
v -0.267770 -0.070998 -0.756973
v -0.267770 0.005760 -0.811278
v -0.267770 0.078545 -0.861373
v -0.267770 0.146792 -0.907024
v -0.267770 0.240842 -0.961464
v -0.267770 0.318961 -1.003575
v -0.267770 0.378098 -1.031272
v -0.267770 0.415329 -1.042601
v -0.267769 0.428032 -1.035865
v -0.267769 0.414082 -1.009759
v -0.267770 0.372024 -0.963489
v -0.267770 0.301234 -0.896876
v -0.267770 0.202015 -0.810410
v -0.267770 0.075627 -0.705256
v -0.267770 -0.075758 -0.583210
v -0.267770 -0.249182 -0.446597
v -0.267770 -0.441082 -0.298124
v -0.267770 -0.647512 -0.140723
v -0.267770 -0.666124 -0.117894
v -0.267770 -0.681238 -0.096303
v -0.267769 -0.693194 -0.075666
v -0.267770 -0.702249 -0.055740
v -0.267770 -0.708592 -0.036305
v -0.267770 -0.712348 -0.017161
v -0.267770 -0.713592 0.001880
v -0.267770 -0.712348 0.021004
v -0.267770 -0.876746 0.024386
v -0.267770 -0.878237 0.009400
v -0.267770 -0.878899 -0.005172
v -0.267770 -0.878733 -0.019468
v -0.267769 -0.877727 -0.033626
v -0.267770 -0.875849 -0.047783
v -0.267769 -0.873049 -0.062081
v -0.267770 -0.869258 -0.076673
v -0.267770 -0.864374 -0.091733
v -0.267770 -0.817828 -0.140048
v -0.267769 -0.763417 -0.193390
v -0.267770 -0.701630 -0.251138
v -0.267769 -0.633231 -0.312488
v -0.267769 -0.559235 -0.376485
v -0.267770 -0.480856 -0.442072
v -0.267769 -0.399446 -0.508146
v -0.267770 -0.316413 -0.573624
v -0.267770 -0.233149 -0.637491
v -0.267769 -0.150958 -0.698854
v -0.267770 -0.070998 -0.756973
v -0.267770 0.005760 -0.811278
v -0.267769 0.078545 -0.861373
v -0.267770 0.146792 -0.907024
v -0.267770 0.240842 -0.961464
v -0.267770 0.318961 -1.003575
v -0.267769 0.378098 -1.031271
v -0.267770 0.415329 -1.042601
v -0.267769 0.428032 -1.035865
v -0.267770 0.414082 -1.009759
v -0.267770 0.372024 -0.963490
v -0.267770 0.301234 -0.896877
v -0.267770 0.202015 -0.810409
v -0.267770 0.075627 -0.705256
v -0.267770 -0.075758 -0.583210
v -0.267769 -0.249182 -0.446597
v -0.267770 -0.441082 -0.298124
v -0.267769 -0.647512 -0.140723
v -0.267769 -0.666124 -0.117894
v -0.267770 -0.681238 -0.096303
v -0.267769 -0.693194 -0.075666
v -0.267769 -0.702249 -0.055740
v -0.267770 -0.708592 -0.036305
v -0.267770 -0.712348 -0.017161
v -0.267770 -0.713592 0.001880
v -0.267769 -0.712348 0.021004
v -0.267769 -0.876746 0.024386
v -0.267770 -0.878237 0.009400
v -0.267770 -0.878899 -0.005172
v -0.267770 -0.878733 -0.019468
v -0.267769 -0.877727 -0.033626
v -0.267770 -0.875849 -0.047783
v -0.267769 -0.873049 -0.062081
v -0.267769 -0.869258 -0.076673
v -0.267769 -0.864374 -0.091733
v -0.267770 -0.817828 -0.140048
v -0.267770 -0.763417 -0.193390
v -0.267770 -0.701630 -0.251138
v -0.267770 -0.633231 -0.312488
v -0.267769 -0.559235 -0.376485
v -0.267770 -0.480856 -0.442072
v -0.267769 -0.399446 -0.508146
v -0.267770 -0.316413 -0.573624
v -0.267770 -0.233149 -0.637491
v -0.267769 -0.150958 -0.698854
v -0.267770 -0.070998 -0.756973
v -0.267770 0.005760 -0.811278
v -0.267770 0.078545 -0.861373
v -0.267770 0.146792 -0.907024
v -0.267770 0.240842 -0.961464
v -0.267769 0.318961 -1.003575
v -0.267770 0.378098 -1.031272
v -0.267770 0.415329 -1.042600
v -0.267770 0.428032 -1.035865
v -0.267770 0.414082 -1.009759
v -0.267769 0.372024 -0.963489
v -0.267770 0.301234 -0.896877
v -0.267769 0.202015 -0.810409
v -0.267770 0.075627 -0.705256
v -0.267770 -0.075758 -0.583210
v -0.267770 -0.249182 -0.446597
v -0.267770 -0.441082 -0.298124
v -0.267770 -0.647512 -0.140723
v -0.267770 -0.666124 -0.117894
v -0.267769 -0.681238 -0.096303
v -0.267770 -0.693194 -0.075666
v -0.267770 -0.702249 -0.055740
v -0.267770 -0.708592 -0.036305
v -0.267769 -0.712348 -0.017161
v -0.267770 -0.713592 0.001880
v -0.267770 -0.712348 0.021004
v -0.267770 -0.876746 0.024386
v -0.267770 -0.878237 0.009400
v -0.267770 -0.878899 -0.005172
v -0.267770 -0.878733 -0.019468
v -0.267770 -0.877727 -0.033626
v -0.267769 -0.875849 -0.047783
v -0.267769 -0.873049 -0.062081
v -0.267770 -0.869258 -0.076673
v -0.267769 -0.864374 -0.091733
v -0.267770 -0.817828 -0.140048
v -0.267769 -0.763417 -0.193390
v -0.267770 -0.701630 -0.251138
v -0.267769 -0.633231 -0.312488
v -0.267769 -0.559235 -0.376485
v -0.267770 -0.480856 -0.442072
v -0.267770 -0.399446 -0.508146
v -0.267769 -0.316413 -0.573624
v -0.267770 -0.233149 -0.637491
v -0.267770 -0.150958 -0.698854
v -0.267770 -0.070998 -0.756973
v -0.267770 0.005760 -0.811278
v -0.267770 0.078545 -0.861373
v -0.267770 0.146792 -0.907024
v -0.267770 0.240842 -0.961464
v -0.267770 0.318961 -1.003575
v -0.267770 0.378098 -1.031272
v -0.267770 0.415329 -1.042600
v -0.267769 0.428032 -1.035865
v -0.267769 0.414082 -1.009759
v -0.267770 0.372024 -0.963490
v -0.267770 0.301234 -0.896876
v -0.267770 0.202015 -0.810409
v -0.267770 0.075627 -0.705256
v -0.267770 -0.075758 -0.583210
v -0.267770 -0.249182 -0.446597
v -0.267770 -0.441082 -0.298124
v -0.267770 -0.647512 -0.140723
v -0.267770 -0.666125 -0.117894
v -0.267770 -0.681238 -0.096303
v -0.267770 -0.693194 -0.075666
v -0.267770 -0.702249 -0.055740
v -0.267770 -0.708592 -0.036305
v -0.267770 -0.712348 -0.017161
v -0.267770 -0.713592 0.001880
v -0.267770 -0.712348 0.021004
v -0.267769 -0.876746 0.024386
v -0.267770 -0.878237 0.009400
v -0.267770 -0.878899 -0.005172
v -0.267770 -0.878733 -0.019468
v -0.267770 -0.877727 -0.033626
v -0.267770 -0.875849 -0.047783
v -0.267770 -0.873049 -0.062081
v -0.267770 -0.869258 -0.076673
v -0.267770 -0.864374 -0.091733
v -0.267770 -0.817828 -0.140048
v -0.267770 -0.763417 -0.193390
v -0.267770 -0.701630 -0.251138
v -0.267770 -0.633231 -0.312488
v -0.267769 -0.559235 -0.376485
v -0.267769 -0.480856 -0.442071
v -0.267770 -0.399446 -0.508146
v -0.267770 -0.316413 -0.573624
v -0.267770 -0.233149 -0.637491
v -0.267770 -0.150958 -0.698854
v -0.267770 -0.070998 -0.756973
v -0.267770 0.005760 -0.811278
v -0.267770 0.078545 -0.861373
v -0.267770 0.146792 -0.907025
v -0.267769 0.240842 -0.961464
v -0.267770 0.318961 -1.003575
v -0.267769 0.378098 -1.031272
v -0.267770 0.415329 -1.042601
v -0.267770 0.428032 -1.035865
v -0.267769 0.414082 -1.009759
v -0.267770 0.372024 -0.963490
v -0.267769 0.301234 -0.896876
v -0.267769 0.202015 -0.810409
v -0.267770 0.075627 -0.705256
v -0.267770 -0.075758 -0.583210
v -0.267770 -0.249182 -0.446597
v -0.267770 -0.441082 -0.298124
v -0.267770 -0.647512 -0.140723
v -0.267769 -0.666124 -0.117894
v -0.267770 -0.681238 -0.096303
v -0.267770 -0.693194 -0.075666
v -0.267770 -0.702249 -0.055740
v -0.267769 -0.708592 -0.036305
v -0.267770 -0.712348 -0.017161
v -0.267769 -0.713592 0.001880
v -0.267769 -0.712348 0.021004
v -0.267770 -0.876747 0.024386
v -0.267770 -0.878237 0.009400
v -0.267770 -0.878899 -0.005172
v -0.267770 -0.878733 -0.019468
v -0.267770 -0.877727 -0.033626
v -0.267770 -0.875849 -0.047783
v -0.267770 -0.873049 -0.062081
v -0.267770 -0.869258 -0.076673
v -0.267770 -0.864374 -0.091733
v -0.267770 -0.817828 -0.140048
v -0.267770 -0.763417 -0.193390
v -0.267770 -0.701630 -0.251138
v -0.267770 -0.633231 -0.312488
v -0.267770 -0.559235 -0.376485
v -0.267770 -0.480856 -0.442072
v -0.267770 -0.399446 -0.508146
v -0.267770 -0.316413 -0.573624
v -0.267770 -0.233149 -0.637491
v -0.267770 -0.150958 -0.698854
v -0.267770 -0.070998 -0.756973
v -0.267770 0.005760 -0.811278
v -0.267770 0.078545 -0.861373
v -0.267770 0.146792 -0.907024
v -0.267770 0.240842 -0.961464
v -0.267769 0.318961 -1.003575
v -0.267770 0.378098 -1.031272
v -0.267770 0.415329 -1.042601
v -0.267770 0.428032 -1.035865
v -0.267769 0.414082 -1.009759
v -0.267770 0.372024 -0.963490
v -0.267770 0.301234 -0.896877
v -0.267770 0.202015 -0.810409
v -0.267770 0.075627 -0.705256
v -0.267770 -0.075758 -0.583210
v -0.267770 -0.249182 -0.446597
v -0.267770 -0.441082 -0.298124
v -0.267770 -0.647512 -0.140723
v -0.267770 -0.666125 -0.117894
v -0.267769 -0.681238 -0.096303
v -0.267770 -0.693194 -0.075666
v -0.267770 -0.702249 -0.055740
v -0.267769 -0.708592 -0.036305
v -0.267770 -0.712348 -0.017161
v -0.267770 -0.713592 0.001880
v -0.267769 -0.712348 0.021004
v -0.267769 -0.876747 0.024386
v -0.267769 -0.878237 0.009400
v -0.267770 -0.878899 -0.005172
v -0.267770 -0.878733 -0.019468
v -0.267770 -0.877727 -0.033626
v -0.267770 -0.875849 -0.047783
v -0.267770 -0.873049 -0.062081
v -0.267770 -0.869258 -0.076673
v -0.267770 -0.864374 -0.091733
v -0.267770 -0.817828 -0.140048
v -0.267769 -0.763417 -0.193390
v -0.267769 -0.701630 -0.251138
v -0.267770 -0.633231 -0.312488
v -0.267770 -0.559235 -0.376485
v -0.267769 -0.480856 -0.442071
v -0.267769 -0.399446 -0.508146
v -0.267770 -0.316413 -0.573624
v -0.267770 -0.233149 -0.637491
v -0.267770 -0.150958 -0.698854
v -0.267770 -0.070998 -0.756973
v -0.267770 0.005760 -0.811278
v -0.267770 0.078545 -0.861373
v -0.267770 0.146792 -0.907024
v -0.267770 0.240842 -0.961464
v -0.267769 0.318961 -1.003575
v -0.267770 0.378098 -1.031272
v -0.267770 0.415329 -1.042601
v -0.267770 0.428032 -1.035865
v -0.267769 0.414082 -1.009759
v -0.267770 0.372024 -0.963489
v -0.267770 0.301234 -0.896877
v -0.267770 0.202015 -0.810409
v -0.267770 0.075627 -0.705256
v -0.267770 -0.075758 -0.583210
v -0.267770 -0.249182 -0.446597
v -0.267770 -0.441082 -0.298124
v -0.267770 -0.647512 -0.140723
v -0.267769 -0.666124 -0.117894
v -0.267770 -0.681238 -0.096303
v -0.267769 -0.693194 -0.075666
v -0.267770 -0.702249 -0.055740
v -0.267769 -0.708592 -0.036305
v -0.267769 -0.712348 -0.017161
v -0.267769 -0.713592 0.001880
v -0.267770 -0.712348 0.021004
v -0.267770 -0.876747 0.024386
v -0.267769 -0.878237 0.009400
v -0.267770 -0.878899 -0.005172
v -0.267769 -0.878733 -0.019468
v -0.267770 -0.877727 -0.033626
v -0.267770 -0.875849 -0.047783
v -0.267770 -0.873049 -0.062081
v -0.267770 -0.869258 -0.076673
v -0.267769 -0.864374 -0.091733
v -0.267769 -0.817828 -0.140048
v -0.267770 -0.763417 -0.193390
v -0.267769 -0.701630 -0.251138
v -0.267769 -0.633231 -0.312488
v -0.267769 -0.559235 -0.376485
v -0.267770 -0.480856 -0.442072
v -0.267770 -0.399446 -0.508146
v -0.267770 -0.316413 -0.573624
v -0.267770 -0.233149 -0.637491
v -0.267769 -0.150958 -0.698854
v -0.267770 -0.070998 -0.756973
v -0.267770 0.005760 -0.811278
v -0.267770 0.078545 -0.861373
v -0.267770 0.144782 -0.902513
v -0.267770 0.238367 -0.956683
v -0.267769 0.316099 -0.998585
v -0.267770 0.374943 -1.026145
v -0.267770 0.411989 -1.037418
v -0.267769 0.424630 -1.030715
v -0.267770 0.410748 -1.004738
v -0.267770 0.368899 -0.958698
v -0.267770 0.298460 -0.892415
v -0.267769 0.199732 -0.806376
v -0.267770 0.073970 -0.701743
v -0.267770 -0.076666 -0.580302
v -0.267770 -0.249231 -0.444365
v -0.267770 -0.440181 -0.296628
v -0.267769 -0.645588 -0.140006
v -0.267770 -0.664109 -0.117290
v -0.267770 -0.679147 -0.095806
v -0.267769 -0.691044 -0.075271
v -0.267770 -0.700055 -0.055443
v -0.267769 -0.706366 -0.036105
v -0.267770 -0.710104 -0.017056
v -0.267770 -0.711341 0.001891
v -0.267770 -0.710104 0.020920
v -0.267769 -0.873688 0.024285
v -0.267770 -0.875171 0.009373
v -0.267770 -0.875829 -0.005126
v -0.267769 -0.875665 -0.019351
v -0.267770 -0.874663 -0.033439
v -0.267770 -0.872795 -0.047526
v -0.267770 -0.870009 -0.061753
v -0.267769 -0.866236 -0.076273
v -0.267770 -0.861376 -0.091258
v -0.267769 -0.815061 -0.139334
v -0.267770 -0.760920 -0.192412
v -0.267770 -0.699438 -0.249875
v -0.267770 -0.631379 -0.310921
v -0.267770 -0.557749 -0.374600
v -0.267770 -0.479758 -0.439862
v -0.267770 -0.398750 -0.505610
v -0.267770 -0.316129 -0.570763
v -0.267770 -0.233277 -0.634314
v -0.267769 -0.151494 -0.695373
v -0.267769 -0.071929 -0.753204
v -0.267770 0.004448 -0.807240
v -0.267769 0.076873 -0.857088
vn 0.7454 -0.3929 0.5386
vn 0.6847 -0.3850 0.6188
vn 0.6839 -0.4096 0.6038
vn 0.6869 -0.3543 0.6345
vn 0.6895 -0.3252 0.6472
vn 0.6950 -0.2570 0.6715
vn 0.6964 -0.2089 0.6866
vn 0.6900 0.3391 0.6394
vn 0.6355 0.3617 0.6821
vn 0.5907 0.3780 0.7129
vn -0.6911 0.4735 -0.5461
vn -0.5624 0.6801 -0.4703
vn -0.4980 0.7648 -0.4087
vn -0.6171 0.5621 -0.5508
vn -0.6293 0.5220 -0.5757
vn -0.6335 0.5018 -0.5889
vn -0.6347 0.4897 -0.5977
vn -0.6345 0.4818 -0.6044
vn -0.6333 0.4762 -0.6100
vn -0.6316 0.4723 -0.6148
vn -0.6669 0.5153 -0.5383
vn -0.7082 0.5629 -0.4261
vn -0.7236 0.5815 -0.3717
vn -0.7384 0.5992 -0.3095
vn -0.7514 0.6147 -0.2398
vn -0.7432 0.6438 -0.1820
vn -0.0764 0.0270 -0.9967
vn -0.7491 0.6625 -0.0005
vn -0.7383 0.6745 -0.0003
vn -0.7332 0.6758 -0.0757
vn -0.7484 0.6618 -0.0440
vn -0.7484 0.6619 0.0431
vn -0.7381 0.6732 0.0438
vn -0.2106 0.1497 0.9660
vn 0.7837 -0.6181 -0.0618
vn 0.7769 -0.6256 -0.0709
vn 0.7822 -0.6167 -0.0887
vn 0.7744 -0.6310 -0.0467
vn 0.7850 -0.6193 -0.0126
vn 0.7752 -0.6316 -0.0115
vn 0.7851 -0.6193 0.0079
vn 0.7720 -0.6353 0.0206
vn 0.0448 -0.0021 0.9990
vn 0.8424 -0.5342 0.0708
vn 0.7912 -0.6043 0.0943
vn 0.7907 -0.6084 0.0677
vn 0.1963 -0.1798 -0.9639
vn 0.7774 -0.6088 0.1582
vn 0.7630 -0.6220 0.1761
vn 0.7648 -0.6266 0.1499
vn 0.0256 0.0502 0.9984
vn 0.7166 -0.4952 0.4911
vn 0.7262 -0.5533 0.4081
vn 0.7095 -0.4872 0.5092
vn 0.7037 -0.4798 0.5241
vn 0.6989 -0.4727 0.5368
vn 0.6950 -0.4659 0.5477
vn 0.6918 -0.4592 0.5573
vn 0.6893 -0.4525 0.5658
vn 0.6873 -0.4459 0.5734
vn 0.6858 -0.4391 0.5804
vn 0.6848 -0.4322 0.5868
vn 0.6841 -0.4250 0.5928
vn 0.6838 -0.4175 0.5984
vn 0.6127 -0.4179 0.6708
vn 0.6121 -0.4440 0.6544
vn 0.6137 -0.3851 0.6892
vn 0.6158 -0.3542 0.7038
vn 0.6205 -0.2812 0.7320
vn 0.6223 -0.2279 0.7489
vn 0.5188 0.4005 0.7553
vn 0.5097 0.4030 0.7601
vn -0.5031 0.7083 -0.4952
vn -0.4551 0.7853 -0.4197
vn -0.5489 0.5964 -0.5857
vn -0.5596 0.5564 -0.6142
vn -0.5631 0.5358 -0.6292
vn -0.5639 0.5233 -0.6389
vn -0.5633 0.5149 -0.6461
vn -0.5620 0.5090 -0.6520
vn -0.5602 0.5046 -0.6570
vn -0.5998 0.5543 -0.5771
vn -0.6432 0.6106 -0.4619
vn -0.6605 0.6328 -0.4041
vn -0.6771 0.6540 -0.3374
vn -0.6920 0.6726 -0.2621
vn -0.7038 0.6874 -0.1792
vn -0.7115 0.6968 -0.0909
vn -0.7141 0.7001 -0.0001
vn -0.7140 0.6986 0.0454
vn 0.7518 -0.6577 -0.0476
vn 0.7517 -0.6562 -0.0653
vn 0.7526 -0.6584 -0.0111
vn 0.7525 -0.6580 0.0272
vn 0.7515 -0.6564 0.0668
vn 0.7494 -0.6534 0.1072
vn 0.7462 -0.6491 0.1478
vn 0.7420 -0.6435 0.1879
vn 0.7061 -0.6023 0.3723
vn 0.6497 -0.5398 0.5352
vn 0.6418 -0.5303 0.5540
vn 0.6353 -0.5215 0.5696
vn 0.6300 -0.5133 0.5828
vn 0.6256 -0.5055 0.5942
vn 0.6221 -0.4980 0.6042
vn 0.6192 -0.4906 0.6132
vn 0.6169 -0.4832 0.6213
vn 0.6151 -0.4758 0.6287
vn 0.6137 -0.4683 0.6357
vn 0.6128 -0.4605 0.6422
vn 0.6123 -0.4524 0.6484
vn 0.5777 -0.4315 0.6928
vn 0.5773 -0.4585 0.6757
vn 0.5786 -0.3978 0.7120
vn 0.5805 -0.3660 0.7274
vn 0.5849 -0.2908 0.7572
vn 0.5864 -0.2358 0.7749
vn 0.4813 0.4106 0.7744
vn 0.4704 0.4134 0.7796
vn -0.4716 0.7226 -0.5054
vn -0.4251 0.7983 -0.4266
vn -0.5156 0.6114 -0.6004
vn -0.5258 0.5711 -0.6304
vn -0.5291 0.5502 -0.6460
vn -0.5298 0.5374 -0.6561
vn -0.5293 0.5288 -0.6635
vn -0.5279 0.5226 -0.6695
vn -0.5261 0.5180 -0.6745
vn -0.5658 0.5716 -0.5943
vn -0.6095 0.6323 -0.4783
vn -0.6270 0.6566 -0.4192
vn -0.6441 0.6798 -0.3507
vn -0.6595 0.7005 -0.2728
vn -0.6717 0.7169 -0.1868
vn -0.6796 0.7274 -0.0949
vn -0.6823 0.7310 -0.0001
vn -0.6825 0.7294 0.0474
vn 0.7278 -0.6844 -0.0428
vn 0.7382 -0.6713 -0.0668
vn 0.7225 -0.6913 -0.0117
vn 0.7224 -0.6909 0.0285
vn 0.7213 -0.6890 0.0701
vn 0.7191 -0.6857 0.1125
vn 0.7158 -0.6809 0.1550
vn 0.7114 -0.6747 0.1970
vn 0.6738 -0.6291 0.3876
vn 0.6157 -0.5596 0.5547
vn 0.6076 -0.5492 0.5737
vn 0.6010 -0.5397 0.5895
vn 0.5956 -0.5309 0.6028
vn 0.5912 -0.5226 0.6143
vn 0.5876 -0.5146 0.6244
vn 0.5846 -0.5068 0.6335
vn 0.5823 -0.4991 0.6417
vn 0.5805 -0.4914 0.6493
vn 0.5791 -0.4835 0.6564
vn 0.5781 -0.4755 0.6631
vn 0.5775 -0.4672 0.6695
vn 0.5322 -0.4476 0.7186
vn 0.5321 -0.4754 0.7006
vn 0.5329 -0.4127 0.7387
vn 0.5345 -0.3798 0.7550
vn 0.5382 -0.3021 0.7868
vn 0.5395 -0.2451 0.8055
vn 0.4335 0.4221 0.7961
vn 0.4206 0.4250 0.8016
vn -0.4322 0.7389 -0.5170
vn -0.3881 0.8128 -0.4344
vn -0.4732 0.6286 -0.6172
vn -0.4827 0.5880 -0.6490
vn -0.4942 0.5664 -0.6595
vn -0.4946 0.5489 -0.6738
vn -0.4857 0.5448 -0.6836
vn -0.4844 0.5384 -0.6896
vn -0.4825 0.5335 -0.6946
vn -0.5217 0.5919 -0.6144
vn -0.5651 0.6580 -0.4976
vn -0.5828 0.6850 -0.4372
vn -0.6002 0.7109 -0.3666
vn -0.6159 0.7342 -0.2859
vn -0.6285 0.7527 -0.1961
vn -0.6366 0.7647 -0.0997
vn -0.6394 0.7688 -0.0001
vn -0.6398 0.7669 0.0499
vn 0.6811 -0.7321 -0.0124
vn 0.6814 -0.7312 -0.0332
vn 0.6810 -0.7317 0.0302
vn 0.6798 -0.7296 0.0743
vn 0.6775 -0.7258 0.1191
vn 0.6739 -0.7204 0.1640
vn 0.6693 -0.7132 0.2082
vn 0.6302 -0.6618 0.4060
vn 0.5709 -0.5831 0.5780
vn 0.5627 -0.5716 0.5971
vn 0.5561 -0.5613 0.6130
vn 0.5507 -0.5517 0.6264
vn 0.5462 -0.5428 0.6380
vn 0.5426 -0.5342 0.6482
vn 0.5396 -0.5260 0.6574
vn 0.5372 -0.5178 0.6658
vn 0.5354 -0.5097 0.6735
vn 0.5340 -0.5015 0.6807
vn 0.5330 -0.4931 0.6876
vn 0.5323 -0.4844 0.6942
vn 0.4714 -0.4662 0.7486
vn 0.4716 -0.4951 0.7297
vn 0.4717 -0.4301 0.7698
vn 0.4729 -0.3960 0.7872
vn 0.4755 -0.3152 0.8214
vn 0.4764 -0.2559 0.8411
vn 0.3714 0.4349 0.8203
vn 0.3561 0.4377 0.8256
vn -0.3818 0.7573 -0.5298
vn -0.3418 0.8288 -0.4429
vn -0.4181 0.6483 -0.6364
vn -0.4264 0.6073 -0.6703
vn -0.4186 0.5913 -0.6893
vn -1.0000 -0.0000 -0.0000
vn -0.4287 0.5630 -0.7065
vn -0.4187 0.5737 -0.7040
vn -0.4274 0.5563 -0.7126
vn -0.4257 0.5512 -0.7176
vn -0.4633 0.6156 -0.6375
vn -0.5051 0.6885 -0.5204
vn -0.5226 0.7188 -0.4586
vn -0.5398 0.7483 -0.3857
vn -0.5555 0.7749 -0.3016
vn -0.5682 0.7964 -0.2074
vn -0.5764 0.8103 -0.1056
vn -0.5910 0.8064 -0.0189
vn -0.6142 0.7875 0.0512
vn 0.6215 -0.7833 -0.0132
vn 0.6221 -0.7822 -0.0355
vn 0.6214 -0.7828 0.0323
vn 0.6202 -0.7804 0.0794
vn 0.6177 -0.7760 0.1273
vn 0.6140 -0.7696 0.1752
vn 0.6092 -0.7613 0.2222
vn 0.5692 -0.7020 0.4281
vn 0.5100 -0.6109 0.6055
vn 0.5020 -0.5981 0.6247
vn 0.4955 -0.5866 0.6406
vn 0.4901 -0.5762 0.6541
vn 0.4858 -0.5664 0.6657
vn 0.4822 -0.5572 0.6760
vn 0.4793 -0.5483 0.6853
vn 0.4769 -0.5396 0.6938
vn 0.4751 -0.5310 0.7017
vn 0.4737 -0.5224 0.7091
vn 0.4726 -0.5136 0.7162
vn 0.4719 -0.5045 0.7230
vn 0.3876 -0.4873 0.7825
vn 0.3884 -0.5174 0.7625
vn 0.3874 -0.4496 0.8049
vn 0.3878 -0.4141 0.8235
vn 0.3886 -0.3299 0.8603
vn 0.3892 -0.2682 0.8812
vn 0.2886 0.4485 0.8459
vn 0.2713 0.4509 0.8504
vn -0.3159 0.7775 -0.5437
vn -0.2828 0.8460 -0.4521
vn -0.3447 0.6700 -0.6575
vn -0.3511 0.6287 -0.6939
vn -0.3530 0.6067 -0.7123
vn -0.3531 0.5928 -0.7238
vn -0.3523 0.5833 -0.7319
vn -0.3511 0.5762 -0.7381
vn -0.3495 0.5707 -0.7431
vn -0.3835 0.6426 -0.6634
vn -0.4214 0.7236 -0.5467
vn -0.4376 0.7582 -0.4834
vn -0.4537 0.7922 -0.4080
vn -0.4686 0.8234 -0.3201
vn -0.4807 0.8486 -0.2208
vn -0.4887 0.8652 -0.1126
vn -0.4906 0.8695 -0.0568
vn 0.5316 -0.8469 -0.0143
vn 0.5325 -0.8455 -0.0384
vn 0.5315 -0.8463 0.0349
vn 0.5303 -0.8435 0.0858
vn 0.5278 -0.8382 0.1375
vn 0.5241 -0.8304 0.1889
vn 0.5193 -0.8204 0.2393
vn 0.4805 -0.7505 0.4538
vn 0.4245 -0.6431 0.6373
vn 0.4171 -0.6286 0.6564
vn 0.4111 -0.6157 0.6722
vn 0.4062 -0.6041 0.6857
vn 0.4021 -0.5933 0.6973
vn 0.3988 -0.5833 0.7076
vn 0.3961 -0.5737 0.7170
vn 0.3939 -0.5643 0.7255
vn 0.3921 -0.5552 0.7335
vn 0.3907 -0.5460 0.7411
vn 0.3896 -0.5367 0.7484
vn 0.3888 -0.5272 0.7555
vn 0.2749 -0.5082 0.8162
vn 0.2763 -0.5396 0.7953
vn 0.2738 -0.4690 0.8397
vn 0.2731 -0.4322 0.8594
vn 0.2714 -0.3445 0.8987
vn 0.2715 -0.2802 0.9208
vn 0.1809 0.4607 0.8689
vn 0.1648 0.4620 0.8714
vn -0.2313 0.7974 -0.5573
vn -0.2094 0.8624 -0.4609
vn -0.2488 0.6914 -0.6783
vn -0.2523 0.6498 -0.7170
vn -0.2530 0.6273 -0.7365
vn -0.2527 0.6131 -0.7485
vn -0.2519 0.6031 -0.7568
vn -0.2508 0.5957 -0.7631
vn -0.2495 0.5898 -0.7680
vn -0.2765 0.6700 -0.6890
vn -0.3065 0.7597 -0.5735
vn -0.3197 0.7992 -0.5091
vn -0.3329 0.8385 -0.4314
vn -0.3452 0.8749 -0.3397
vn -0.3554 0.9047 -0.2350
vn -0.3621 0.9244 -0.1202
vn -0.3638 0.9295 -0.0607
vn 0.3968 -0.9178 -0.0155
vn 0.3978 -0.9165 -0.0416
vn 0.3966 -0.9172 0.0379
vn 0.3955 -0.9138 0.0929
vn 0.3933 -0.9073 0.1487
vn 0.3900 -0.8979 0.2042
vn 0.3858 -0.8857 0.2582
vn 0.3529 -0.8030 0.4802
vn 0.3067 -0.6762 0.6698
vn 0.3007 -0.6597 0.6887
vn 0.2959 -0.6452 0.7044
vn 0.2919 -0.6323 0.7176
vn 0.2886 -0.6205 0.7292
vn 0.2858 -0.6095 0.7394
vn 0.2835 -0.5991 0.7487
vn 0.2816 -0.5891 0.7574
vn 0.2801 -0.5793 0.7655
vn 0.2788 -0.5696 0.7732
vn 0.2778 -0.5598 0.7807
vn 0.2769 -0.5499 0.7880
vn 0.1770 -0.5204 0.8354
vn 0.1785 -0.5525 0.8142
vn 0.1753 -0.4802 0.8594
vn 0.1740 -0.4426 0.8797
vn 0.1710 -0.3532 0.9198
vn 0.1693 -0.2869 0.9429
vn 0.0929 0.4664 0.8797
vn 0.0885 0.4666 0.8800
vn -0.1566 0.8080 -0.5680
vn -0.1459 0.8725 -0.4663
vn -0.1647 0.7036 -0.6912
vn -0.1659 0.6620 -0.7309
vn -0.1759 0.6411 -0.7471
vn -0.1757 0.6217 -0.7633
vn -0.1646 0.6147 -0.7714
vn -0.1637 0.6070 -0.7776
vn -0.1628 0.6010 -0.7825
vn -0.1818 0.6850 -0.7055
vn -0.2032 0.7813 -0.5901
vn -0.2127 0.8240 -0.5251
vn -0.2224 0.8669 -0.4462
vn -0.2316 0.9068 -0.3523
vn -0.2391 0.9398 -0.2443
vn -0.2442 0.9616 -0.1251
vn -0.2455 0.9673 -0.0632
vn 0.2678 -0.9633 -0.0163
vn 0.2681 -0.9624 -0.0437
vn 0.2677 -0.9627 0.0397
vn 0.2668 -0.9588 0.0975
vn 0.2651 -0.9515 0.1560
vn 0.2626 -0.9409 0.2140
vn 0.2593 -0.9272 0.2704
vn 0.2357 -0.8342 0.4986
vn 0.2013 -0.6958 0.6894
vn 0.1970 -0.6781 0.7081
vn 0.1935 -0.6627 0.7235
vn 0.1907 -0.6489 0.7366
vn 0.1883 -0.6365 0.7480
vn 0.1863 -0.6249 0.7581
vn 0.1845 -0.6140 0.7674
vn 0.1831 -0.6036 0.7760
vn 0.1819 -0.5934 0.7841
vn 0.1808 -0.5834 0.7918
vn 0.1799 -0.5733 0.7994
vn 0.1792 -0.5630 0.8068
vn 0.1190 -0.5251 0.8427
vn 0.1203 -0.5574 0.8215
vn 0.1176 -0.4844 0.8669
vn 0.1165 -0.4465 0.8872
vn 0.1139 -0.3564 0.9274
vn 0.1121 -0.2893 0.9507
vn 0.0558 0.4677 0.8821
vn 0.0541 0.4677 0.8822
vn -0.1078 0.8129 -0.5724
vn -0.1014 0.8774 -0.4689
vn -0.1123 0.7088 -0.6965
vn -0.1127 0.6670 -0.7365
vn -0.1125 0.6528 -0.7491
vn -0.1115 0.6193 -0.7772
vn -0.1123 0.6237 -0.7736
vn -0.1109 0.6115 -0.7834
vn -0.1102 0.6054 -0.7883
vn -0.1234 0.6912 -0.7121
vn -0.1385 0.7902 -0.5970
vn -0.1452 0.8343 -0.5318
vn -0.1521 0.8788 -0.4524
vn -0.1585 0.9203 -0.3576
vn -0.1640 0.9547 -0.2482
vn -0.1676 0.9776 -0.1272
vn -0.1685 0.9836 -0.0643
vn 0.1837 -0.9828 -0.0166
vn 0.1838 -0.9819 -0.0446
vn 0.1836 -0.9822 0.0405
vn 0.1830 -0.9781 0.0995
vn 0.1818 -0.9704 0.1591
vn 0.1800 -0.9592 0.2182
vn 0.1776 -0.9447 0.2755
vn 0.1610 -0.8473 0.5062
vn 0.1365 -0.7037 0.6973
vn 0.1335 -0.6854 0.7158
vn 0.1311 -0.6696 0.7311
vn 0.1291 -0.6555 0.7441
vn 0.1274 -0.6428 0.7554
vn 0.1260 -0.6310 0.7655
vn 0.1248 -0.6199 0.7747
vn 0.1237 -0.6093 0.7833
vn 0.1228 -0.5989 0.7913
vn 0.1220 -0.5887 0.7991
vn 0.1214 -0.5785 0.8066
vn 0.1208 -0.5681 0.8140
vn 0.0705 -0.5275 0.8466
vn 0.0714 -0.5601 0.8254
vn 0.0695 -0.4866 0.8708
vn 0.0687 -0.4485 0.8911
vn 0.0668 -0.3579 0.9314
vn 0.0656 -0.2905 0.9546
vn 0.0301 0.4682 0.8831
vn 0.0291 0.4682 0.8831
vn -0.0651 0.8159 -0.5745
vn -0.0618 0.8803 -0.4704
vn -0.0673 0.7116 -0.6993
vn -0.0674 0.6698 -0.7395
vn -0.0596 0.6501 -0.7575
vn 0.1161 -0.9932 -0.0000
vn 0.0965 -0.9953 -0.0000
vn 0.0973 -0.9953 -0.0000
vn -0.0665 0.6218 -0.7803
vn -0.0595 0.6305 -0.7739
vn -0.0661 0.6140 -0.7865
vn -0.0657 0.6078 -0.7914
vn -0.0737 0.6947 -0.7155
vn -0.0829 0.7952 -0.6007
vn -0.0870 0.8401 -0.5355
vn -0.0912 0.8854 -0.4558
vn -0.0951 0.9279 -0.3605
vn -0.0984 0.9631 -0.2503
vn -0.1007 0.9866 -0.1283
vn -0.1012 0.9927 -0.0649
vn 0.1102 -0.9938 -0.0168
vn 0.1103 -0.9929 -0.0451
vn 0.1101 -0.9931 0.0410
vn 0.1098 -0.9889 0.1006
vn 0.1090 -0.9809 0.1608
vn 0.1079 -0.9694 0.2205
vn 0.1065 -0.9546 0.2784
vn 0.0963 -0.8548 0.5100
vn 0.0814 -0.7080 0.7015
vn 0.0796 -0.6894 0.7200
vn 0.0781 -0.6733 0.7352
vn 0.0769 -0.6591 0.7481
vn 0.0758 -0.6462 0.7594
vn 0.0749 -0.6343 0.7695
vn 0.0742 -0.6230 0.7787
vn 0.0735 -0.6123 0.7872
vn 0.0730 -0.6019 0.7952
vn 0.0725 -0.5916 0.8030
vn 0.0721 -0.5813 0.8105
vn 0.0717 -0.5708 0.8179
vn 0.0222 -0.5287 0.8485
vn 0.0226 -0.5614 0.8273
vn 0.0216 -0.4877 0.8727
vn 0.0212 -0.4495 0.8931
vn 0.0200 -0.3587 0.9333
vn 0.0193 -0.2911 0.9565
vn 0.0047 0.4684 0.8835
vn 0.0044 0.4684 0.8835
vn -0.0228 0.8174 -0.5756
vn -0.0223 0.8817 -0.4712
vn -0.0226 0.7131 -0.7007
vn -0.0223 0.6711 -0.7410
vn -0.0221 0.6482 -0.7612
vn -0.0219 0.6334 -0.7735
vn -0.0218 0.6231 -0.7819
vn -0.0216 0.6152 -0.7881
vn -0.0215 0.6090 -0.7929
vn -0.0242 0.6964 -0.7172
vn -0.0273 0.7976 -0.6025
vn -0.0287 0.8429 -0.5373
vn -0.0301 0.8887 -0.4575
vn -0.0315 0.9316 -0.3620
vn -0.0326 0.9673 -0.2514
vn -0.0333 0.9911 -0.1289
vn -0.0335 0.9973 -0.0652
vn 0.0359 -0.9992 -0.0169
vn 0.0360 -0.9983 -0.0453
vn 0.0359 -0.9985 0.0412
vn 0.0358 -0.9942 0.1011
vn 0.0355 -0.9862 0.1617
vn 0.0351 -0.9745 0.2216
vn 0.0347 -0.9594 0.2798
vn 0.0313 -0.8585 0.5119
vn 0.0263 -0.7101 0.7036
vn 0.0257 -0.6914 0.7220
vn 0.0252 -0.6752 0.7372
vn 0.0248 -0.6608 0.7501
vn 0.0244 -0.6479 0.7614
vn 0.0241 -0.6359 0.7714
vn 0.0238 -0.6246 0.7806
vn 0.0236 -0.6138 0.7891
vn 0.0233 -0.6033 0.7972
vn 0.0231 -0.5930 0.8049
vn 0.0230 -0.5826 0.8124
vn 0.0228 -0.5721 0.8198
vn -0.0256 -0.5287 0.8484
vn -0.0256 -0.5613 0.8272
vn -0.0257 -0.4877 0.8727
vn -0.0259 -0.4494 0.8930
vn -0.0262 -0.3586 0.9331
vn -0.0264 -0.2910 0.9564
vn -0.0203 0.4683 0.8833
vn -0.0200 0.4683 0.8833
vn 0.0191 0.8175 -0.5757
vn 0.0166 0.8818 -0.4712
vn 0.0216 0.7131 -0.7007
vn 0.0222 0.6711 -0.7410
vn 0.0224 0.6482 -0.7612
vn 0.0225 0.6334 -0.7735
vn 0.0225 0.6230 -0.7819
vn 0.0224 0.6152 -0.7881
vn 0.0223 0.6090 -0.7929
vn 0.0248 0.6964 -0.7172
vn 0.0277 0.7976 -0.6025
vn 0.0290 0.8429 -0.5373
vn 0.0304 0.8887 -0.4575
vn 0.0317 0.9316 -0.3620
vn 0.0328 0.9673 -0.2514
vn 0.0335 0.9911 -0.1289
vn 0.0337 0.9973 -0.0651
vn -0.0379 -0.9991 -0.0169
vn -0.0379 -0.9983 -0.0453
vn -0.0379 -0.9984 0.0412
vn -0.0377 -0.9942 0.1011
vn -0.0375 -0.9861 0.1617
vn -0.0371 -0.9744 0.2216
vn -0.0366 -0.9594 0.2798
vn -0.0333 -0.8584 0.5119
vn -0.0282 -0.7101 0.7036
vn -0.0276 -0.6913 0.7220
vn -0.0272 -0.6752 0.7372
vn -0.0268 -0.6608 0.7501
vn -0.0265 -0.6478 0.7613
vn -0.0262 -0.6358 0.7714
vn -0.0260 -0.6246 0.7805
vn -0.0259 -0.6138 0.7891
vn -0.0258 -0.6033 0.7971
vn -0.0257 -0.5929 0.8048
vn -0.0256 -0.5826 0.8124
vn -0.0256 -0.5721 0.8198
vn -0.0726 -0.5274 0.8465
vn -0.0729 -0.5600 0.8253
vn -0.0722 -0.4866 0.8707
vn -0.0720 -0.4484 0.8909
vn -0.0717 -0.3578 0.9310
vn -0.0713 -0.2904 0.9543
vn -0.0449 0.4680 0.8826
vn -0.0441 0.4680 0.8826
vn 0.0603 0.8161 -0.5747
vn 0.0550 0.8806 -0.4706
vn 0.0650 0.7117 -0.6994
vn 0.0660 0.6698 -0.7396
vn 0.0662 0.6469 -0.7597
vn 0.0662 0.6322 -0.7720
vn 0.0659 0.6218 -0.7804
vn 0.0656 0.6140 -0.7866
vn 0.0653 0.6078 -0.7914
vn 0.0730 0.6947 -0.7156
vn 0.0817 0.7953 -0.6007
vn 0.0857 0.8402 -0.5355
vn 0.0897 0.8855 -0.4559
vn 0.0936 0.9280 -0.3606
vn 0.0968 0.9633 -0.2504
vn 0.0989 0.9868 -0.1283
vn 0.0995 0.9929 -0.0649
vn -0.1100 -0.9938 -0.0168
vn -0.1101 -0.9929 -0.0451
vn -0.1100 -0.9931 0.0410
vn -0.1096 -0.9889 0.1006
vn -0.1089 -0.9810 0.1608
vn -0.1078 -0.9694 0.2205
vn -0.1064 -0.9546 0.2784
vn -0.0964 -0.8547 0.5101
vn -0.0818 -0.7080 0.7015
vn -0.0800 -0.6894 0.7200
vn -0.0786 -0.6733 0.7352
vn -0.0774 -0.6591 0.7481
vn -0.0764 -0.6461 0.7594
vn -0.0756 -0.6342 0.7694
vn -0.0750 -0.6230 0.7786
vn -0.0744 -0.6123 0.7871
vn -0.0740 -0.6018 0.7952
vn -0.0736 -0.5915 0.8029
vn -0.0733 -0.5812 0.8104
vn -0.0731 -0.5708 0.8179
vn -0.1184 -0.5251 0.8428
vn -0.1191 -0.5575 0.8216
vn -0.1176 -0.4844 0.8669
vn -0.1171 -0.4465 0.8871
vn -0.1160 -0.3563 0.9271
vn -0.1151 -0.2892 0.9503
vn -0.0691 0.4673 0.8814
vn -0.0677 0.4674 0.8815
vn 0.1006 0.8135 -0.5728
vn 0.0925 0.8782 -0.4693
vn 0.1075 0.7091 -0.6968
vn 0.1088 0.6673 -0.7368
vn 0.1020 0.6478 -0.7549
vn 0.1019 0.6284 -0.7712
vn 0.1084 0.6195 -0.7775
vn 0.1079 0.6118 -0.7837
vn 0.1073 0.6056 -0.7885
vn 0.1199 0.6914 -0.7124
vn 0.1343 0.7907 -0.5973
vn 0.1407 0.8348 -0.5322
vn 0.1473 0.8794 -0.4527
vn 0.1535 0.9210 -0.3579
vn 0.1587 0.9556 -0.2484
vn 0.1622 0.9785 -0.1273
vn 0.1631 0.9845 -0.0643
vn -0.1795 -0.9836 -0.0166
vn -0.1796 -0.9827 -0.0446
vn -0.1794 -0.9829 0.0406
vn -0.1788 -0.9788 0.0996
vn -0.1776 -0.9711 0.1592
vn -0.1759 -0.9599 0.2183
vn -0.1737 -0.9454 0.2757
vn -0.1576 -0.8477 0.5065
vn -0.1338 -0.7039 0.6975
vn -0.1310 -0.6856 0.7161
vn -0.1286 -0.6698 0.7313
vn -0.1267 -0.6557 0.7443
vn -0.1251 -0.6429 0.7556
vn -0.1238 -0.6311 0.7657
vn -0.1227 -0.6200 0.7749
vn -0.1218 -0.6094 0.7835
vn -0.1210 -0.5991 0.7915
vn -0.1204 -0.5888 0.7992
vn -0.1199 -0.5786 0.8068
vn -0.1194 -0.5682 0.8142
vn -0.1566 -0.5223 0.8383
vn -0.1576 -0.5545 0.8171
vn -0.1554 -0.4819 0.8623
vn -0.1546 -0.4441 0.8825
vn -0.1529 -0.3545 0.9225
vn -0.1513 -0.2878 0.9457
vn -0.0884 0.4666 0.8800
vn -0.0872 0.4666 0.8801
vn 0.1347 0.8101 -0.5707
vn 0.1247 0.8751 -0.4676
vn 0.1432 0.7059 -0.6937
vn 0.1447 0.6642 -0.7334
vn 0.1449 0.6501 -0.7459
vn 0.1109 0.9938 -0.0000
vn 0.0989 0.9951 -0.0000
vn 0.0997 0.9950 -0.0000
vn 0.1440 0.6167 -0.7739
vn 0.1446 0.6210 -0.7703
vn 0.1433 0.6090 -0.7801
vn 0.1425 0.6029 -0.7850
vn 0.1591 0.6871 -0.7089
vn 0.1780 0.7851 -0.5933
vn 0.1865 0.8284 -0.5282
vn 0.1951 0.8719 -0.4491
vn 0.2032 0.9126 -0.3548
vn 0.2100 0.9462 -0.2461
vn 0.2146 0.9685 -0.1261
vn 0.2157 0.9744 -0.0637
vn -0.2366 -0.9715 -0.0164
vn -0.2366 -0.9706 -0.0441
vn -0.2364 -0.9708 0.0401
vn -0.2357 -0.9668 0.0984
vn -0.2341 -0.9594 0.1573
vn -0.2319 -0.9485 0.2158
vn -0.2290 -0.9345 0.2726
vn -0.2082 -0.8390 0.5027
vn -0.1771 -0.6990 0.6928
vn -0.1734 -0.6811 0.7114
vn -0.1703 -0.6655 0.7267
vn -0.1678 -0.6516 0.7397
vn -0.1657 -0.6391 0.7511
vn -0.1640 -0.6274 0.7612
vn -0.1625 -0.6164 0.7704
vn -0.1613 -0.6059 0.7790
vn -0.1603 -0.5957 0.7871
vn -0.1594 -0.5856 0.7948
vn -0.1587 -0.5754 0.8023
vn -0.1581 -0.5651 0.8097
vn -0.1770 -0.5205 0.8353
vn -0.1782 -0.5525 0.8142
vn -0.1754 -0.4802 0.8594
vn -0.1745 -0.4426 0.8796
vn -0.1722 -0.3533 0.9195
vn -0.1699 -0.2869 0.9428
vn -0.0960 0.4663 0.8794
vn -0.0959 0.4663 0.8794
vn 0.1539 0.8075 -0.5694
vn 0.1437 0.8728 -0.4664
vn 0.1629 0.7036 -0.6916
vn 0.1645 0.6621 -0.7311
vn 0.1662 0.6421 -0.7484
vn -0.1154 -0.9933 -0.0000
vn -0.1289 -0.9917 -0.0000
vn -0.1162 -0.9932 -0.0000
vn 0.1635 0.6148 -0.7715
vn 0.1657 0.6228 -0.7646
vn 0.1626 0.6072 -0.7777
vn 0.1617 0.6011 -0.7826
vn 0.1804 0.6841 -0.7068
vn 0.2018 0.7813 -0.5906
vn 0.2114 0.8240 -0.5257
vn 0.2211 0.8669 -0.4467
vn 0.2302 0.9069 -0.3528
vn 0.2379 0.9400 -0.2446
vn 0.2430 0.9619 -0.1253
vn 0.2443 0.9676 -0.0632
vn -0.2670 -0.9636 -0.0163
vn -0.2669 -0.9627 -0.0437
vn -0.2669 -0.9629 0.0398
vn -0.2660 -0.9590 0.0976
vn -0.2643 -0.9517 0.1561
vn -0.2618 -0.9411 0.2142
vn -0.2586 -0.9273 0.2706
vn -0.2354 -0.8330 0.5007
vn -0.2005 -0.6958 0.6897
vn -0.1962 -0.6781 0.7083
vn -0.1928 -0.6627 0.7237
vn -0.1899 -0.6489 0.7367
vn -0.1876 -0.6365 0.7481
vn -0.1856 -0.6249 0.7583
vn -0.1839 -0.6141 0.7675
vn -0.1825 -0.6036 0.7761
vn -0.1813 -0.5935 0.7842
vn -0.1803 -0.5834 0.7919
vn -0.1795 -0.5733 0.7994
vn -0.1788 -0.5631 0.8068
vn -0.1865 -0.5195 0.8339
vn -0.1880 -0.5515 0.8127
vn -0.1847 -0.4794 0.8579
vn -0.1835 -0.4419 0.8781
vn -0.1806 -0.3527 0.9181
vn -0.1779 -0.2865 0.9414
vn -0.0971 0.4662 0.8793
vn -0.0970 0.4662 0.8793
vn 0.1642 0.8062 -0.5684
vn 0.1540 0.8714 -0.4657
vn 0.1729 0.7024 -0.6904
vn 0.1743 0.6610 -0.7299
vn 0.1743 0.6384 -0.7497
vn 0.1738 0.6240 -0.7619
vn 0.1730 0.6138 -0.7703
vn 0.1721 0.6062 -0.7765
vn 0.1712 0.6001 -0.7814
vn 0.1909 0.6826 -0.7054
vn 0.2136 0.7793 -0.5891
vn 0.2236 0.8217 -0.5242
vn 0.2338 0.8643 -0.4454
vn 0.2435 0.9039 -0.3516
vn 0.2515 0.9367 -0.2438
vn 0.2568 0.9584 -0.1248
vn 0.2582 0.9640 -0.0630
vn -0.2815 -0.9594 -0.0162
vn -0.2814 -0.9586 -0.0435
vn -0.2814 -0.9588 0.0396
vn -0.2805 -0.9549 0.0972
vn -0.2787 -0.9477 0.1555
vn -0.2761 -0.9372 0.2133
vn -0.2727 -0.9236 0.2695
vn -0.2484 -0.8301 0.4992
vn -0.2117 -0.6941 0.6880
vn -0.2072 -0.6765 0.7067
vn -0.2036 -0.6612 0.7221
vn -0.2006 -0.6475 0.7352
vn -0.1981 -0.6351 0.7466
vn -0.1960 -0.6237 0.7567
vn -0.1942 -0.6128 0.7660
vn -0.1927 -0.6024 0.7746
vn -0.1914 -0.5923 0.7827
vn -0.1903 -0.5823 0.7904
vn -0.1894 -0.5722 0.7979
vn -0.1886 -0.5620 0.8053
vn -0.1960 -0.5185 0.8323
vn -0.1977 -0.5504 0.8111
vn -0.1939 -0.4786 0.8564
vn -0.1925 -0.4411 0.8766
vn -0.1891 -0.3522 0.9166
vn -0.1859 -0.2860 0.9400
vn -0.0981 0.4662 0.8792
vn -0.0980 0.4662 0.8792
vn 0.1745 0.8047 -0.5674
vn 0.1644 0.8700 -0.4649
vn 0.1830 0.7011 -0.6892
vn 0.1842 0.6598 -0.7285
vn 0.1840 0.6372 -0.7484
vn 0.1834 0.6229 -0.7605
vn 0.1826 0.6127 -0.7689
vn 0.1817 0.6051 -0.7751
vn 0.1806 0.5991 -0.7800
vn 0.2014 0.6811 -0.7039
vn 0.2253 0.7772 -0.5875
vn 0.2358 0.8193 -0.5227
vn 0.2466 0.8615 -0.4439
vn 0.2567 0.9007 -0.3504
vn 0.2650 0.9332 -0.2429
vn 0.2707 0.9546 -0.1243
vn 0.2721 0.9602 -0.0627
vn -0.2959 -0.9551 -0.0161
vn -0.2958 -0.9543 -0.0433
vn -0.2958 -0.9544 0.0394
vn -0.2949 -0.9506 0.0967
vn -0.2930 -0.9435 0.1548
vn -0.2903 -0.9331 0.2124
vn -0.2867 -0.9197 0.2683
vn -0.2613 -0.8271 0.4976
vn -0.2229 -0.6923 0.6863
vn -0.2182 -0.6748 0.7050
vn -0.2144 -0.6596 0.7204
vn -0.2112 -0.6461 0.7335
vn -0.2085 -0.6337 0.7449
vn -0.2063 -0.6223 0.7551
vn -0.2044 -0.6115 0.7644
vn -0.2028 -0.6012 0.7729
vn -0.2014 -0.5911 0.7810
vn -0.2003 -0.5811 0.7888
vn -0.1993 -0.5711 0.7963
vn -0.1984 -0.5609 0.8038
vn -0.2057 -0.5175 0.8306
vn -0.2076 -0.5493 0.8095
vn -0.2033 -0.4776 0.8547
vn -0.2016 -0.4403 0.8749
vn -0.1976 -0.3516 0.9151
vn -0.1940 -0.2856 0.9385
vn -0.0991 0.4661 0.8791
vn -0.0990 0.4661 0.8792
vn 0.1851 0.8032 -0.5663
vn 0.1749 0.8684 -0.4640
vn 0.1932 0.6997 -0.6878
vn 0.1943 0.6585 -0.7271
vn 0.1940 0.6360 -0.7469
vn 0.1933 0.6217 -0.7591
vn 0.1924 0.6116 -0.7674
vn 0.1914 0.6040 -0.7737
vn 0.1902 0.5980 -0.7786
vn 0.2121 0.6795 -0.7023
vn 0.2372 0.7749 -0.5858
vn 0.2482 0.8167 -0.5210
vn 0.2595 0.8585 -0.4424
vn 0.2700 0.8973 -0.3491
vn 0.2788 0.9294 -0.2419
vn 0.2846 0.9506 -0.1238
vn 0.2861 0.9562 -0.0625
vn -0.3105 -0.9504 -0.0161
vn -0.3104 -0.9496 -0.0431
vn -0.3104 -0.9498 0.0392
vn -0.3094 -0.9460 0.0963
vn -0.3075 -0.9390 0.1540
vn -0.3046 -0.9287 0.2114
vn -0.3009 -0.9155 0.2671
vn -0.2744 -0.8239 0.4958
vn -0.2343 -0.6904 0.6844
vn -0.2294 -0.6731 0.7031
vn -0.2253 -0.6580 0.7186
vn -0.2220 -0.6445 0.7317
vn -0.2192 -0.6322 0.7431
vn -0.2169 -0.6209 0.7533
vn -0.2149 -0.6101 0.7626
vn -0.2131 -0.5998 0.7712
vn -0.2117 -0.5898 0.7793
vn -0.2104 -0.5798 0.7871
vn -0.2093 -0.5699 0.7946
vn -0.2084 -0.5597 0.8021
vn -0.2155 -0.5164 0.8288
vn -0.2177 -0.5480 0.8076
vn -0.2129 -0.4766 0.8529
vn -0.2110 -0.4394 0.8732
vn -0.2064 -0.3509 0.9134
vn -0.2023 -0.2851 0.9369
vn -0.1002 0.4661 0.8791
vn -0.1001 0.4661 0.8791
vn 0.1958 0.8015 -0.5651
vn 0.1857 0.8666 -0.4631
vn 0.2037 0.6982 -0.6863
vn 0.2045 0.6571 -0.7256
vn 0.2025 0.6378 -0.7431
vn 0.2016 0.6188 -0.7593
vn 0.2023 0.6103 -0.7659
vn 0.2012 0.6028 -0.7721
vn 0.2001 0.5968 -0.7770
vn 0.2230 0.6778 -0.7006
vn 0.2492 0.7725 -0.5840
vn 0.2608 0.8139 -0.5192
vn 0.2726 0.8553 -0.4407
vn 0.2836 0.8937 -0.3477
vn 0.2927 0.9254 -0.2408
vn 0.2988 0.9463 -0.1232
vn 0.3033 0.9527 -0.0212
vn -0.3252 -0.9455 -0.0160
vn -0.3251 -0.9447 -0.0429
vn -0.3251 -0.9449 0.0390
vn -0.3241 -0.9412 0.0958
vn -0.3221 -0.9342 0.1533
vn -0.3191 -0.9241 0.2103
vn -0.3153 -0.9110 0.2658
vn -0.2877 -0.8205 0.4940
vn -0.2459 -0.6884 0.6824
vn -0.2407 -0.6712 0.7011
vn -0.2365 -0.6562 0.7166
vn -0.2330 -0.6428 0.7298
vn -0.2301 -0.6306 0.7412
vn -0.2276 -0.6193 0.7514
vn -0.2255 -0.6086 0.7607
vn -0.2237 -0.5984 0.7694
vn -0.2221 -0.5884 0.7775
vn -0.2207 -0.5785 0.7853
vn -0.2196 -0.5686 0.7928
vn -0.2186 -0.5584 0.8002
vn -0.2256 -0.5152 0.8269
vn -0.2279 -0.5467 0.8057
vn -0.2227 -0.4756 0.8510
vn -0.2205 -0.4385 0.8713
vn -0.2153 -0.3502 0.9116
vn -0.2108 -0.2846 0.9352
vn -0.1013 0.4660 0.8790
vn -0.1011 0.4660 0.8790
vn 0.2067 0.7996 -0.5638
vn 0.1967 0.8647 -0.4621
vn 0.2143 0.6966 -0.6847
vn 0.2150 0.6556 -0.7239
vn 0.2147 0.6417 -0.7363
vn -0.1830 -0.9831 -0.0000
vn -0.1883 -0.9821 -0.0000
vn -0.1887 -0.9820 -0.0000
vn 0.2125 0.6090 -0.7642
vn 0.2133 0.6132 -0.7606
vn 0.2113 0.6015 -0.7704
vn 0.2101 0.5955 -0.7754
vn 0.2341 0.6760 -0.6988
vn 0.2615 0.7699 -0.5821
vn 0.2736 0.8109 -0.5173
vn 0.2858 0.8518 -0.4390
vn 0.2973 0.8898 -0.3462
vn 0.3068 0.9211 -0.2397
vn 0.3131 0.9418 -0.1227
vn 0.3153 0.9490 -0.0001
vn 0.3076 0.9495 0.0618
vn 0.3149 0.9471 0.0616
vn -0.3401 -0.9403 -0.0159
vn -0.3399 -0.9395 -0.0426
vn -0.3400 -0.9396 0.0388
vn -0.3389 -0.9360 0.0953
vn -0.3368 -0.9291 0.1524
vn -0.3338 -0.9192 0.2092
vn -0.3298 -0.9063 0.2644
vn -0.3011 -0.8168 0.4921
vn -0.2576 -0.6862 0.6802
vn -0.2522 -0.6692 0.6990
vn -0.2478 -0.6543 0.7145
vn -0.2442 -0.6410 0.7277
vn -0.2411 -0.6289 0.7392
vn -0.2385 -0.6176 0.7494
vn -0.2363 -0.6070 0.7587
vn -0.2343 -0.5968 0.7674
vn -0.2327 -0.5869 0.7755
vn -0.2312 -0.5770 0.7833
vn -0.2300 -0.5672 0.7908
vn -0.2289 -0.5571 0.7983
vn -0.2356 -0.5139 0.8249
vn -0.2382 -0.5453 0.8037
vn -0.2324 -0.4745 0.8490
vn -0.2300 -0.4375 0.8693
vn -0.2242 -0.3495 0.9097
vn -0.2192 -0.2840 0.9334
vn -0.1024 0.4660 0.8789
vn -0.1022 0.4660 0.8789
vn 0.2176 0.7977 -0.5624
vn 0.2076 0.8628 -0.4610
vn 0.2249 0.6949 -0.6830
vn 0.2254 0.6540 -0.7222
vn 0.2265 0.6342 -0.7393
vn 0.2226 0.6076 -0.7624
vn 0.2253 0.6153 -0.7554
vn 0.2213 0.6001 -0.7687
vn 0.2200 0.5942 -0.7736
vn 0.2451 0.6740 -0.6969
vn 0.2737 0.7672 -0.5800
vn 0.2863 0.8078 -0.5154
vn 0.2990 0.8483 -0.4371
vn 0.3108 0.8858 -0.3446
vn 0.3207 0.9166 -0.2386
vn 0.3272 0.9370 -0.1221
vn 0.3295 0.9441 -0.0001
vn 0.3291 0.9423 0.0613
vn -0.3547 -0.9348 -0.0158
vn -0.3545 -0.9341 -0.0424
vn -0.3546 -0.9342 0.0386
vn -0.3535 -0.9306 0.0947
vn -0.3514 -0.9239 0.1516
vn -0.3482 -0.9140 0.2080
vn -0.3441 -0.9013 0.2630
vn -0.3144 -0.8130 0.4901
vn -0.2693 -0.6840 0.6780
vn -0.2637 -0.6670 0.6968
vn -0.2591 -0.6523 0.7123
vn -0.2553 -0.6391 0.7255
vn -0.2521 -0.6271 0.7371
vn -0.2494 -0.6159 0.7473
vn -0.2470 -0.6054 0.7567
vn -0.2450 -0.5952 0.7653
vn -0.2432 -0.5853 0.7734
vn -0.2417 -0.5755 0.7812
vn -0.2404 -0.5657 0.7888
vn -0.2392 -0.5557 0.7963
vn -0.2419 -0.5131 0.8236
vn -0.2446 -0.5444 0.8024
vn -0.2385 -0.4737 0.8478
vn -0.2359 -0.4368 0.8681
vn -0.2298 -0.3489 0.9085
vn -0.2244 -0.2837 0.9323
vn -0.1030 0.4659 0.8788
vn 0.2244 0.7965 -0.5615
vn 0.2147 0.8614 -0.4603
vn 0.2315 0.6938 -0.6819
vn 0.2319 0.6530 -0.7210
vn 0.2312 0.6308 -0.7407
vn 0.2301 0.6166 -0.7529
vn 0.2289 0.6067 -0.7613
vn 0.2276 0.5992 -0.7675
vn 0.2263 0.5933 -0.7725
vn 0.2520 0.6726 -0.6958
vn 0.2813 0.7654 -0.5788
vn 0.2942 0.8057 -0.5141
vn 0.3072 0.8459 -0.4360
vn 0.3194 0.8831 -0.3436
vn 0.3294 0.9137 -0.2379
vn 0.3361 0.9339 -0.1217
vn 0.3385 0.9410 -0.0001
vn 0.3379 0.9392 0.0611
vn -0.3639 -0.9313 -0.0157
vn -0.3636 -0.9306 -0.0422
vn -0.3637 -0.9307 0.0384
vn -0.3626 -0.9271 0.0944
vn -0.3605 -0.9205 0.1510
vn -0.3572 -0.9107 0.2073
vn -0.3531 -0.8981 0.2621
vn -0.3228 -0.8104 0.4890
vn -0.2766 -0.6825 0.6765
vn -0.2709 -0.6656 0.6954
vn -0.2662 -0.6509 0.7109
vn -0.2623 -0.6378 0.7242
vn -0.2590 -0.6259 0.7357
vn -0.2562 -0.6148 0.7460
vn -0.2537 -0.6043 0.7553
vn -0.2517 -0.5942 0.7640
vn -0.2499 -0.5843 0.7721
vn -0.2483 -0.5745 0.7799
vn -0.2469 -0.5647 0.7875
vn -0.2457 -0.5547 0.7949
vn -0.2432 -0.5129 0.8233
vn -0.2459 -0.5442 0.8021
vn -0.2398 -0.4736 0.8475
vn -0.2372 -0.4367 0.8678
vn -0.2310 -0.3488 0.9083
vn -0.2254 -0.2836 0.9321
vn -0.1031 0.4659 0.8788
vn 0.2258 0.7962 -0.5613
vn 0.2163 0.8611 -0.4602
vn 0.2329 0.6936 -0.6817
vn 0.2333 0.6528 -0.7208
vn 0.2325 0.6306 -0.7405
vn 0.2315 0.6164 -0.7526
vn 0.2303 0.6065 -0.7610
vn 0.2290 0.5990 -0.7673
vn 0.2276 0.5931 -0.7722
vn 0.2534 0.6723 -0.6956
vn 0.2829 0.7650 -0.5785
vn 0.2959 0.8052 -0.5139
vn 0.3090 0.8454 -0.4358
vn 0.3212 0.8826 -0.3434
vn 0.3313 0.9131 -0.2377
vn 0.3380 0.9333 -0.1216
vn 0.3404 0.9403 -0.0001
vn 0.3397 0.9385 0.0611
vn -0.3658 -0.9306 -0.0157
vn -0.3655 -0.9299 -0.0422
vn -0.3657 -0.9299 0.0384
vn -0.3646 -0.9264 0.0943
vn -0.3624 -0.9197 0.1509
vn -0.3592 -0.9100 0.2071
vn -0.3550 -0.8974 0.2619
vn -0.3246 -0.8098 0.4888
vn -0.2782 -0.6821 0.6762
vn -0.2724 -0.6653 0.6951
vn -0.2677 -0.6507 0.7106
vn -0.2637 -0.6376 0.7239
vn -0.2604 -0.6256 0.7354
vn -0.2576 -0.6145 0.7457
vn -0.2552 -0.6040 0.7550
vn -0.2531 -0.5939 0.7637
vn -0.2513 -0.5841 0.7718
vn -0.2497 -0.5743 0.7796
vn -0.2483 -0.5645 0.7872
vn -0.2470 -0.5545 0.7946
vn 0.3090 0.8454 -0.4357
vn -0.2782 -0.6822 0.6762
vn -0.2470 -0.5545 0.7947
vn -0.3652 -0.9291 -0.0586
vn -0.2637 -0.6375 0.7239
vn -0.2255 -0.2836 0.9321
vn -0.1031 0.4660 0.8788
vn 0.3397 0.9385 0.0610
vn -0.3650 -0.9286 -0.0672
vn -0.3643 -0.9267 -0.0922
vn 0.3212 0.8825 -0.3434
vn -0.3644 -0.9267 -0.0922
vn -0.2399 -0.4736 0.8475
vn -0.1032 0.4660 0.8788
vn 0.2257 0.7962 -0.5613
vn 0.2162 0.8611 -0.4602
vn 0.2332 0.6527 -0.7208
vn 0.2303 0.6064 -0.7611
vn 0.2276 0.5931 -0.7723
vn 0.2533 0.6723 -0.6956
vn 0.2829 0.7651 -0.5785
vn 0.3211 0.8826 -0.3435
vn 0.3312 0.9131 -0.2377
vn 0.3403 0.9403 -0.0001
vn 0.3397 0.9386 0.0610
vn -0.3245 -0.8098 0.4888
vn -0.2781 -0.6822 0.6763
vn -0.2677 -0.6506 0.7106
vn -0.2638 -0.6375 0.7239
vn -0.2531 -0.5940 0.7636
vn -0.2497 -0.5744 0.7796
vn -0.4230 -0.2847 0.8602
vn -0.2458 -0.5440 0.8023
vn -0.3204 -0.3553 0.8781
vn -0.1361 -0.4445 0.8854
vn -0.1552 -0.3447 0.9258
vn 0.4147 0.6475 -0.6394
vn 0.2161 0.8611 -0.4602
vn 0.5726 0.2885 -0.7674
vn 0.2332 0.6529 -0.7207
vn 0.2325 0.6308 -0.7403
vn 0.2315 0.6167 -0.7524
vn 0.2303 0.6067 -0.7608
vn -0.0252 0.3519 -0.9357
vn 0.0292 0.2926 -0.9558
vn 0.2498 0.6615 -0.7071
vn 0.2238 0.5551 -0.8011
vn 0.2043 0.7130 -0.6707
vn 0.2409 0.8804 -0.4085
vn 0.3207 0.8813 -0.3470
vn 0.2001 0.9622 -0.1850
vn 0.1600 0.9830 -0.0902
vn 0.2341 0.9722 -0.0108
vn -0.3650 -0.9285 -0.0676
vn -0.3658 -0.9306 -0.0158
vn -0.3657 -0.9299 0.0386
vn -0.3645 -0.9263 0.0949
vn -0.3624 -0.9196 0.1519
vn -0.3591 -0.9097 0.2084
vn -0.3548 -0.8971 0.2634
vn -0.0733 -0.7360 0.6730
vn -0.1589 -0.6769 0.7187
vn -0.2309 -0.7156 0.6592
vn -0.2674 -0.6497 0.7116
vn -0.2635 -0.6367 0.7247
vn -0.2603 -0.6248 0.7361
vn -0.2574 -0.6139 0.7463
vn -0.2551 -0.6035 0.7555
vn -0.2530 -0.5935 0.7640
vn -0.2513 -0.5837 0.7721
vn -0.1584 -0.4330 0.8874
vn -0.0008 -0.1665 0.9860
vn -0.2469 -0.5542 0.7949
vn 0.5936 -0.0000 -0.8048
vn 0.2146 -0.0000 -0.9767
vn 0.3124 -0.0000 -0.9499
vn -0.3587 -0.2651 0.8950
vn -0.6258 0.1067 0.7726
vn -0.0285 -0.4343 0.9003
vn -0.0000 -0.3362 0.9418
vn 1.0000 -0.0000 -0.0000
vn 0.5755 -0.5755 -0.5810
vn -0.0795 0.9968 -0.0000
vn 0.7412 -0.2699 -0.6146
vn 0.7637 0.0985 -0.6380
vn 0.6414 -0.5569 -0.5277
vn 0.1049 -0.9945 -0.0000
vn 0.5752 -0.8180 -0.0000
vn 0.4420 -0.8970 -0.0000
vn -0.0809 -0.9967 -0.0000
vn 0.6608 -0.7506 -0.0000
vn -0.7994 -0.6007 -0.0000
vn -0.2266 0.4003 -0.8879
vn -0.0651 0.7561 -0.6512
vn -0.3838 -0.4706 -0.7945
vn 0.1000 -0.8000 0.5916
vn 0.0739 0.7479 -0.6597
vn 0.0490 -0.0000 -0.9988
vn -0.0606 0.6821 -0.7287
vn 0.8153 -0.2654 0.5146
vn 0.8125 0.1774 0.5553
vn 0.3818 0.8612 0.3356
vn 0.3975 -0.9004 0.1769
vn -0.0231 0.9983 -0.0532
vn -0.0471 0.9961 -0.0743
vn -0.0000 0.9995 -0.0329
vn 0.3552 -0.9337 -0.0461
vn 0.3864 -0.9223 -0.0000
vn 0.4144 -0.9101 -0.0085
vn 0.4143 -0.9101 -0.0085
vn 0.1708 -0.9848 -0.0310
vn 0.6308 -0.7758 0.0146
vn -0.5070 0.8226 -0.2574
vn -0.5143 0.8168 -0.2615
vn -0.1648 0.9838 -0.0703
vn -0.5862 0.6870 -0.4294
vn -0.5829 0.6896 -0.4297
vn -0.3670 0.8252 -0.4294
vn 0.2195 -0.6030 0.7670
vn 0.3984 -0.7558 0.5196
vn -0.0293 -0.6610 0.7498
vn -0.0549 -0.8784 0.4747
vn -0.0778 -0.5227 -0.8489
vn -0.0960 -0.5183 -0.8498
vn -0.1732 -0.4972 -0.8502
vn -0.0000 -0.5397 -0.8419
vn -0.6474 -0.7622 -0.0000
vn -0.4849 -0.8746 -0.0000
vn -0.0000 -1.0000 -0.0000
vn -0.5887 -0.8084 -0.0000
vn -0.5025 -0.8646 -0.0000
vn -0.5676 -0.8233 -0.0000
vn -0.1970 -0.9804 -0.0000
vn 0.0639 0.9980 -0.0000
vn -0.8385 -0.5450 -0.0000
vn 0.1995 0.9799 -0.0000
vn 0.1601 0.0400 0.9863
vn 0.3146 0.4834 0.8169
vn -0.0000 -0.0000 -1.0000
vn -0.9890 0.1481 -0.0000
vn -0.5240 0.2649 -0.8095
vn -0.5639 0.1755 -0.8070
vn -0.6249 -0.0000 -0.7807
vn -0.1954 0.3182 -0.9277
vn -0.2533 0.3467 -0.9031
vn -0.0000 0.2145 -0.9767
vn -0.0000 -0.0000 1.0000
vn 0.1675 -0.3626 0.9168
vn 0.2025 -0.5049 0.8391
vn 0.2606 -0.7735 0.5778
vn 0.1950 0.1915 0.9619
vn 0.4334 0.5780 0.6915
vn 0.5049 0.7061 0.4965
vn 0.5414 0.8408 -0.0000
vn -0.5096 -0.5753 -0.6397
vn 0.3625 -0.5447 0.7562
vn 0.3230 -0.4687 0.8222
vn 0.4466 -0.7152 0.5377
vn 0.1997 -0.2402 0.9500
vn 0.8816 0.4720 -0.0000
vn -0.0000 0.5302 -0.8479
vn 0.8756 -0.0000 -0.4831
vn -0.2352 0.0281 -0.9715
vn 0.0561 0.9158 -0.3976
vn -0.2587 -0.8424 -0.4727
vn 0.3699 -0.1759 0.9123
vn 0.0049 -0.9244 0.3815
vn 0.0731 0.6680 0.7406
vn 0.0136 0.9811 0.1928
vn -0.0048 -0.9966 0.0823
vn -0.0041 -0.9966 0.0826
vn -0.1230 -0.9919 0.0323
vn -0.8287 -0.5597 -0.0000
vn 0.3045 -0.9449 -0.1202
vn 0.8395 -0.5433 -0.0000
vn 0.8482 -0.5297 -0.0000
vn 0.3830 -0.9237 -0.0000
vn 0.9990 0.0449 -0.0000
vn 0.4052 -0.9077 0.1092
vn 0.3937 -0.9131 0.1062
vn 0.1644 -0.9853 0.0469
vn 0.4075 -0.8975 0.1685
vn 0.3755 -0.7370 0.5619
vn 0.2113 -0.9630 0.1671
vn 0.4391 -0.4137 0.7975
vn -0.5115 -0.0459 -0.8581
vn -0.5104 -0.0271 -0.8595
vn -0.2183 -0.9551 -0.2005
vn -0.1072 0.9318 -0.3467
vn 0.0068 0.7152 -0.6989
vn -0.3763 0.2036 -0.9039
vn 0.0446 0.9429 -0.3301
vn -0.0123 0.5532 -0.8330
vn -0.1424 0.0024 -0.9898
vn -0.4169 -0.9090 -0.0000
vn 0.2759 0.9612 -0.0000
vn 0.4295 0.9030 -0.0000
vn 0.6948 -0.7192 -0.0000
vn -0.0650 0.9979 -0.0000
vn 0.2605 -0.9655 -0.0000
vn 0.3778 0.1364 0.9158
vn 0.4226 -0.0836 0.9024
vn 0.2319 0.5494 0.8027
vn 0.4468 -0.5044 0.7389
vn 0.2985 -0.9544 -0.0000
vn -0.0175 -0.2907 0.9567
vn -0.0330 -0.5481 0.8358
vn 0.6794 -0.1372 0.7208
vn 0.4112 -0.0407 0.9107
vn 0.3237 -0.0116 0.9461
vn 0.8919 -0.0876 0.4436
vn 0.8934 -0.1140 0.4344
vn 0.8819 -0.0000 0.4714
vn 0.8935 -0.2004 0.4019
vn -0.7836 -0.6213 -0.0000
vn -0.6397 -0.4305 -0.6368
vn -0.7466 0.0105 -0.6652
vn -0.0000 0.8746 -0.4848
vn -0.0000 -0.5254 -0.8508
vn -0.8739 -0.0877 0.4782
vn -0.5414 -0.8408 -0.0000
vn 0.6721 0.7405 -0.0000
vn -0.9325 -0.3611 -0.0000
vn -0.9895 -0.1448 -0.0000
vn -0.8708 -0.4916 -0.0000
vn 0.1317 -0.3046 0.9433
vn 0.1343 0.0370 0.9903
vn 0.1614 -0.0000 0.9869
vn 0.0989 -0.5276 0.8437
vn 0.1164 -0.0000 0.9932
vn -0.2137 -0.9769 -0.0000
vn -0.2587 0.9515 -0.1663
vn -0.3080 0.9514 -0.0000
vn 0.1004 -0.3351 0.9368
vn 0.1843 0.6941 0.6959
vn -0.0964 -0.9875 0.1244
vn -0.2825 0.9343 -0.2175
vn 0.5073 -0.8618 -0.0000
vn 0.7419 -0.6423 0.1923
vn 0.2151 0.9722 0.0930
vn 0.1605 0.9844 0.0723
vn 0.3693 0.9169 0.1513
vn -0.0182 -0.9449 0.3268
vn -0.0189 0.9381 0.3459
vn 0.2171 -0.9740 -0.0648
vn 0.2413 -0.9678 -0.0713
vn 0.4449 -0.8868 -0.1256
vn -0.3648 0.9311 -0.0000
vn 0.3338 -0.0000 0.9426
vn 0.0348 -0.0000 0.9994
vn 0.5129 -0.6601 0.5488
vn 0.0852 -0.9917 0.0962
vn -0.3352 0.1575 -0.9289
vn -0.4940 0.2006 -0.8460
vn -0.6293 -0.4428 -0.6386
vn -0.1869 0.3674 -0.9111
vn 0.2736 0.9618 -0.0000
vn -0.0000 0.0544 0.9985
vn -0.0000 -0.0274 0.9996
vn -0.0000 0.3837 0.9235
vn -0.0000 -0.3585 0.9335
vn 0.1918 -0.9814 -0.0000
vn -0.1063 0.3753 -0.9208
vn 0.0812 -0.3717 -0.9248
vn -0.1526 0.5657 -0.8104
vn -0.1918 0.0775 -0.9784
vn -0.1010 -0.1211 -0.9875
vn -0.3661 0.5246 -0.7686
vn 0.0189 0.9998 -0.0000
vn -0.1628 0.0438 -0.9857
vn -0.1607 -0.0100 -0.9869
vn -0.1148 -0.5293 -0.8407
vn -0.1568 0.5576 -0.8152
vn -0.0000 0.0889 0.9960
vn -0.2007 -0.0000 -0.9797
vn -0.3393 0.0790 -0.9374
vn -0.2650 0.0967 -0.9594
vn 0.0630 0.1637 -0.9845
vn 0.5841 0.4335 -0.6862
vn 0.7460 0.3730 0.5517
vn 0.7466 -0.0105 0.6652
vn 0.0695 -0.0000 0.9976
vn -0.9700 0.2431 -0.0000
vn 0.0487 -0.1802 -0.9824
vn 0.2182 -0.5180 -0.8271
vn 0.0887 -0.7306 -0.6770
vn -0.0104 -0.8469 -0.5316
vn 0.3012 -0.3351 -0.8927
vn 0.0989 0.5276 0.8437
vn 0.1164 0.9316 -0.3444
vn 0.2488 -0.9173 0.3108
vn 0.0042 -0.8086 0.5884
vn 0.4479 -0.8248 0.3450
vn 0.0563 -0.9623 0.2661
vn -0.2210 -0.8125 0.5395
vn -0.1097 0.9418 -0.3178
vn -0.1081 0.9426 -0.3159
vn -0.1490 0.9190 -0.3650
vn -0.0683 0.9612 -0.2673
vn 0.0057 -1.0000 -0.0000
vn 0.1866 -0.9812 0.0485
vn 0.5939 -0.8040 -0.0292
vn 0.8535 0.4947 0.1637
vn 0.1944 0.9809 -0.0000
vn -0.2828 -0.9587 -0.0313
vn -0.3015 -0.9528 -0.0346
vn -0.4203 -0.9057 -0.0558
vn -0.4274 -0.9040 0.0030
vn -0.4286 -0.9035 0.0030
vn -0.3753 -0.8193 0.4336
vn -0.2355 -0.9276 0.2901
vn 0.1864 -0.8581 0.4785
vn 0.2951 -0.8022 0.5190
vn 0.3582 -0.9141 0.1901
vn 0.2447 0.9613 0.1268
vn 0.7071 0.7071 -0.0000
vn 0.9969 0.0787 -0.0000
vn 0.4446 0.8957 -0.0000
vn -0.0000 1.0000 -0.0000
vn -0.7059 -0.7084 -0.0000
vn -0.0289 0.8506 -0.5250
vn -0.0365 0.8212 -0.5695
vn -0.0174 0.8802 -0.4743
vn -0.0766 0.7892 -0.6094
vn -0.0734 0.7946 -0.6026
vn -0.0424 0.6494 -0.7593
vn -0.1594 0.6646 -0.7300
vn 0.0559 0.6082 -0.7918
vn -0.1649 0.6791 -0.7153
vn 0.1276 -0.1957 0.9723
vn 0.1201 -0.1841 0.9756
vn 0.0716 0.0211 0.9972
vn 0.0920 -0.4793 0.8728
vn -0.1390 0.4624 0.8757
vn 0.1084 -0.3000 0.9478
vn 0.1435 -0.7666 -0.6258
vn 0.9585 -0.2850 -0.0000
vn 0.3449 -0.0000 0.9387
vn 0.1116 -0.9938 -0.0000
vn -0.1158 -0.0928 0.9889
vn -0.0857 -0.0984 0.9915
vn -0.1738 -0.0816 0.9814
vn -0.0272 -0.1091 0.9937
vn -0.8503 -0.1637 -0.5003
vn -0.6575 -0.0984 -0.7470
vn -0.5606 -0.0525 -0.8264
vn -0.2867 -0.1952 -0.9379
vn -0.2846 -0.1938 -0.9389
vn 0.8774 0.2045 -0.4341
vn 0.5866 -0.6977 -0.4112
vn 0.2342 -0.9369 -0.2596
vn 0.7292 0.6170 -0.2959
vn 0.2761 0.3311 0.9023
vn 0.0612 0.7520 0.6564
vn -0.5274 0.4710 -0.7071
vn -0.7459 0.6661 -0.0000
vn -0.4260 -0.1328 0.8949
vn -0.4038 -0.1209 0.9068
vn -0.6242 -0.2433 0.7424
vn -0.1715 -0.0000 0.9852
vn -0.4314 -0.0000 -0.9021
vn -0.2160 0.5784 -0.7866
vn -0.2446 0.2300 -0.9419
vn -0.5524 -0.8336 -0.0000
vn -0.5228 -0.8525 -0.0000
vn -0.6501 -0.7599 -0.0000
vn -0.4148 -0.9099 -0.0000
vn -0.0998 -0.6193 0.7788
vn -0.6011 -0.0000 0.7991
vn 0.7831 0.3331 0.5252
vn 0.3075 -0.2456 0.9193
vn 0.5841 0.7956 0.1607
vn 0.5558 0.8150 0.1638
vn 0.5325 0.8408 0.0975
vn 0.9816 0.1411 -0.1285
vn 0.2926 -0.9495 -0.1132
vn -0.0163 0.9992 0.0361
vn -0.0041 0.9995 0.0315
vn -0.0740 0.9956 0.0579
vn 0.0534 0.9985 0.0097
vn 0.4048 0.9144 -0.0000
vn 0.8819 0.0589 0.4677
vn 0.0839 -0.9953 0.0474
vn 0.1964 0.9753 0.1014
vn 0.7837 -0.6212 -0.0000
vn 0.4064 -0.9137 -0.0000
vn 0.2798 0.9425 -0.1829
vn 0.1538 -0.7075 0.6898
vn 0.0915 -0.7231 0.6846
vn -0.0105 -0.8146 0.5800
vn 0.2416 -0.7949 0.5566
vn -0.0546 -0.7052 0.7069
vn -0.0614 -0.7103 0.7012
vn -0.1800 -0.7877 0.5891
vn -0.5334 -0.8459 -0.0000
vn -0.2353 0.7064 -0.6675
vn -0.4040 0.6667 -0.6264
vn -0.0624 0.5714 -0.8183
vn -0.0592 0.5572 -0.8283
vn -0.0208 0.3810 -0.9243
vn 0.3248 -0.7116 0.6230
vn 0.1095 -0.9189 0.3789
vn -0.6449 0.3597 0.6743
vn -0.6843 0.7292 -0.0000
vn -0.0733 -0.2909 -0.9539
vn -0.0805 -0.3313 -0.9401
vn -0.1259 -0.5903 -0.7973
vn -0.0200 -0.0000 -0.9998
vn -0.9989 0.0461 -0.0000
vn -0.9781 0.2081 -0.0000
vn 0.9805 0.1964 -0.0000
vn -0.9015 0.4328 -0.0000
vn -0.3542 0.0890 -0.9309
vn -0.3037 0.0889 -0.9486
vn 0.0319 0.0828 -0.9961
vn -0.6173 0.0756 -0.7831
vn -0.3121 -0.0000 -0.9500
vn -0.5361 -0.3650 -0.7611
vn -0.3866 -0.5970 0.7030
vn -0.5065 -0.5673 0.6493
vn -0.5394 -0.5661 0.6234
vn -0.4352 -0.5995 0.6717
vn -0.3632 -0.3444 0.8657
vn -0.3694 -0.2769 0.8870
vn -0.3755 -0.0000 0.9268
vn -0.0811 -0.9967 -0.0000
vn 0.3861 -0.2484 0.8884
vn 0.2168 -0.1951 0.9565
vn 0.7910 -0.3488 0.5027
vn -0.3169 -0.0000 0.9485
vn 0.1043 0.1551 -0.9824
vn 0.2050 0.3048 -0.9301
vn -0.0306 0.1665 -0.9856
vn -0.0865 0.7682 -0.6344
vn -0.0637 0.9240 -0.3771
vn 0.1785 0.9839 -0.0000
vn 0.1386 -0.5588 0.8176
vn 0.1757 -0.9030 0.3921
vn 0.0520 -0.0000 0.9986
vn -0.5554 -0.7958 -0.2414
vn -0.6235 -0.7550 -0.2031
vn -0.4401 -0.8472 -0.2974
vn -0.9796 -0.1022 -0.1731
vn -0.9846 -0.0285 -0.1722
vn -0.7382 0.6745 -0.0071
vn -0.7380 0.6747 -0.0068
vn -0.6498 0.7517 0.1125
vn 0.9075 -0.2282 -0.3527
vn 0.1988 -0.9800 -0.0000
vn -0.0960 0.6769 -0.7298
vn -0.0966 0.6813 -0.7256
vn -0.0007 -0.0000 -1.0000
vn -0.4298 0.8763 -0.2176
vn -0.4278 0.8776 -0.2165
vn -0.5048 0.8218 -0.2640
vn -0.5027 0.8235 -0.2629
vn -0.2669 0.9512 -0.1547
vn -0.2609 0.9531 -0.1536
vn -0.2161 0.9655 -0.1455
vn -0.1325 -0.6935 0.7081
vn -0.0702 -0.9164 0.3941
vn -0.1794 -0.8654 0.4679
vn -0.2284 -0.0822 0.9701
vn 0.1892 -0.5432 -0.8180
vn 0.5765 -0.6857 0.4444
vn 0.6205 -0.6198 0.4804
vn 0.6647 -0.5397 0.5166
vn 0.5329 -0.7394 0.4114
vn 0.5283 -0.7452 0.4068
vn 0.3977 -0.7491 0.5298
vn 0.4185 -0.7479 0.5152
vn 0.2647 -0.7455 0.6116
vn -0.0762 -0.9971 -0.0000
vn 0.8871 -0.4616 -0.0000
vn 0.6962 -0.7178 -0.0000
vn -0.1088 0.5307 -0.8405
vn -0.0963 0.5315 -0.8416
vn -0.0366 0.5341 -0.8446
vn -0.1922 0.5410 -0.8187
vn -0.1916 0.5407 -0.8191
vn -0.2156 0.5554 -0.8032
vn 0.4833 0.4209 0.7676
vn 0.5868 -0.1514 -0.7955
vn 0.2560 -0.1004 0.9614
vn 0.3606 -0.0759 0.9296
vn -0.0630 -0.1637 0.9845
vn 0.6687 -0.0278 0.7430
vn 0.7333 -0.0874 0.6743
vn 0.7576 -0.1121 0.6430
vn 0.8013 0.4068 0.4386
vn -0.6539 -0.5155 0.5538
vn 0.6768 0.3332 -0.6564
vn 0.0967 0.2892 -0.9524
vn 0.7072 0.1276 -0.6954
vn 0.4052 0.8379 -0.3657
vn 0.1308 0.2704 -0.9538
vn -0.2816 0.0274 -0.9591
vn -0.1677 0.4117 -0.8958
vn -0.5381 0.4805 -0.6925
vn -0.0000 -0.3515 -0.9362
vn 0.1101 0.0868 -0.9901
vn 0.9766 -0.2150 -0.0000
vn -0.6017 -0.7987 -0.0000
vn -0.7577 -0.6525 -0.0000
vn 0.1574 -0.3331 0.9297
vn 0.2042 -0.6204 0.7572
vn 0.0842 -0.2210 0.9716
vn 0.1698 0.2941 0.9406
vn 0.1485 0.0564 0.9873
vn 0.1881 -0.4172 0.8892
vn 0.0717 0.8806 0.4684
vn -0.0017 0.9729 -0.2311
vn 0.4693 0.5024 0.7262
vn 0.2366 0.5733 0.7844
vn 0.2406 -0.4394 0.8655
vn 0.6042 -0.0000 0.7968
vn 0.5862 -0.0564 0.8082
vn 0.5806 0.0080 0.8141
vn 0.1832 -0.9819 0.0476
vn -0.0014 -1.0000 -0.0000
vn 0.4176 0.9048 0.0836
vn -0.1943 0.9809 -0.0000
vn -0.3886 0.9214 0.0060
vn -0.9644 0.2646 -0.0000
vn 0.7077 -0.7065 -0.0000
vn 0.6719 -0.7407 -0.0000
vn -0.0539 -0.9942 0.0930
vn -0.0553 -0.9942 0.0927
vn -0.1082 -0.9908 0.0811
vn -0.0114 -0.9403 0.3401
vn -0.0218 -0.8239 0.5664
vn -0.2884 0.5456 0.7869
vn -0.9795 0.2012 -0.0000
vn -0.9982 -0.0605 -0.0000
vn -0.7674 0.6412 -0.0000
vn -0.8500 -0.5267 -0.0000
vn -0.6525 -0.2907 0.6998
vn -0.7259 0.3849 -0.5700
vn -0.7294 0.3472 -0.5894
vn -0.6785 0.5919 -0.4350
vn -0.7230 0.1129 -0.6816
vn -0.0000 0.4659 0.8848
vn -0.1315 0.3339 0.9334
vn -0.2127 0.2019 0.9560
vn 0.8788 0.4771 -0.0000
vn 0.6616 0.7499 -0.0000
vn -0.7767 0.6299 -0.0000
vn 0.4067 -0.5292 -0.7446
vn 0.0787 -0.0000 0.9969
vn 1.0000 -0.0000 0.0001
vn -1.0000 -0.0000 0.0001
vn -1.0000 -0.0000 0.0005
vn 0.2007 -0.0000 0.9797
vn -0.0000 -0.1639 0.9865
vn -0.0346 -0.0000 0.9994
vn -0.7428 0.6695 -0.0000
vn -0.6607 0.7506 -0.0000
vn -0.7202 -0.1422 -0.6791
vn -0.7619 -0.2552 -0.5953
vn -0.7918 -0.3959 -0.4651
vn -0.6433 0.0082 -0.7656
vn -0.9997 0.0224 -0.0000
vn 0.1340 0.7654 -0.6295
vn 0.1751 0.7691 -0.6146
vn 0.2938 0.7716 -0.5642
vn -0.2991 0.5336 -0.7911
vn -0.1144 0.6741 -0.7298
vn -0.4623 0.0344 -0.8860
vn -0.3423 -0.7079 -0.6179
vn 0.7541 -0.6568 -0.0000
vn 0.0723 0.8264 -0.5584
vn 0.2228 0.8410 -0.4931
vn 0.1896 -0.6604 0.7265
vn -0.0696 -0.2833 0.9565
vn 0.2415 -0.7772 0.5811
vn 0.1906 -0.7893 0.5837
vn 0.3110 -0.9504 -0.0000
vn 0.5765 -0.6814 -0.4509
vn -0.0033 -0.5923 0.8057
vn 0.0067 -0.9667 0.2559
vn -0.0113 -0.0000 0.9999
vn 0.9546 -0.2978 -0.0000
vn 0.9796 -0.2009 -0.0000
vn 0.9792 0.2030 -0.0000
vn 0.7617 -0.6480 -0.0000
vn 0.3376 0.9373 -0.0868
vn -0.7752 0.6233 0.1028
vn 0.2324 -0.9726 -0.0020
vn 0.2311 -0.9729 -0.0021
vn 0.0718 -0.9973 -0.0130
vn 0.8171 -0.5502 0.1723
vn 0.8089 -0.5633 0.1685
vn 0.9619 -0.0000 0.2735
vn 0.9713 -0.2380 -0.0000
vn 0.9996 -0.0282 -0.0000
vn 0.7155 -0.6986 -0.0000
vn 0.0034 0.9512 -0.3087
vn 0.0035 0.9495 -0.3138
vn 0.0016 0.9787 -0.2054
vn 0.2046 0.3786 -0.9027
vn 0.0899 0.6456 -0.7583
vn 0.2881 -0.3137 -0.9048
vn 0.1263 0.4176 -0.8998
vn 0.2989 -0.1390 0.9441
vn 0.2995 -0.2095 0.9308
vn 0.2359 -0.7605 0.6049
vn 0.4870 0.3865 0.7832
vn 0.4142 0.4209 0.8070
vn 0.5096 -0.2690 0.8173
vn 0.5687 -0.1170 0.8142
vn 0.1695 0.3157 0.9336
vn 0.2874 -0.4242 0.8588
vn 0.1940 0.4069 0.8927
vn 0.2033 0.3921 0.8972
vn -0.1818 0.0558 0.9818
vn 0.1662 0.2031 0.9650
vn -0.3576 -0.0000 0.9339
vn -0.4023 -0.0000 0.9155
vn -0.0633 0.5939 -0.8021
vn -0.1040 -0.2444 0.9641
vn -0.0217 -0.0000 0.9998
vn -0.0000 -0.4719 0.8817
vn 0.9074 0.2244 0.3553
vn 0.2086 -0.2215 0.9526
vn -0.2046 0.0154 0.9787
vn -0.6493 -0.6700 0.3599
vn 0.1769 -0.5802 0.7950
vn 0.1365 -0.6037 0.7854
vn 0.2340 -0.5443 0.8056
vn -0.1265 -0.5441 0.8294
vn -0.0313 -0.5903 0.8066
vn -0.1863 0.1420 0.9722
vn -0.1499 0.3585 0.9214
vn -0.0104 0.8469 0.5316
vn -0.0204 0.8148 -0.5793
vn -0.1666 0.8506 -0.4987
vn -0.1625 0.5759 -0.8012
vn -0.1924 0.3331 -0.9230
vn -0.3811 0.6726 -0.6344
vn -0.1950 -0.1904 -0.9621
vn -0.1693 0.8953 -0.4121
vn -0.1154 0.5671 -0.8156
vn -0.0833 0.9153 -0.3940
vn -0.5088 0.4474 0.7355
vn -0.2554 0.7960 0.5487
vn -0.6500 -0.0000 0.7600
vn -0.0814 0.9593 -0.2705
vn -0.0277 0.8320 -0.5541
vn -0.0667 0.9519 -0.2991
vn -0.0953 0.9653 -0.2432
vn 0.0982 0.8411 -0.5318
vn -0.7794 -0.2579 0.5709
vn -0.7821 -0.2446 0.5731
vn -0.4463 0.8263 0.3436
vn -0.0806 -0.9958 0.0424
vn -0.1365 -0.9900 0.0350
vn -0.8109 -0.5453 0.2125
vn -0.9446 -0.2165 0.2466
vn 0.4673 0.8653 -0.1816
vn -0.1797 0.9836 0.0170
vn -0.1791 0.9837 0.0166
vn -0.2198 0.9747 0.0399
vn -0.1386 0.9903 -0.0064
vn 0.9989 -0.0474 -0.0000
vn 0.9959 -0.0904 -0.0000
vn -0.1385 0.9843 -0.1095
vn 0.2758 -0.9505 0.1432
vn 0.3296 -0.7975 0.5054
vn 0.3236 -0.8667 0.3795
vn -0.0442 0.8208 -0.5695
vn -0.0662 0.8693 -0.4898
vn -0.0458 0.7291 -0.6829
vn -0.0443 0.7333 -0.6784
vn -0.2411 0.5518 -0.7984
vn -0.4487 0.3480 -0.8231
vn -0.3784 0.4147 -0.8275
vn -0.3289 0.4622 -0.8235
vn -0.1301 0.0748 -0.9887
vn -0.0573 0.3328 -0.9412
vn -0.1142 0.0146 -0.9934
vn -0.2913 0.0675 -0.9542
vn 0.2887 0.0596 -0.9556
vn -0.0895 -0.1183 -0.9889
vn 0.2749 -0.3760 -0.8849
vn 0.3145 -0.3950 -0.8632
vn 0.0442 -0.2544 -0.9661
vn 0.1274 -0.0104 0.9918
vn 0.2098 -0.3020 0.9299
vn 0.2825 -0.3329 0.8997
vn 0.1163 -0.2560 0.9597
vn 0.1159 -0.0701 0.9908
vn 0.0965 -0.3696 0.9242
vn 0.0454 -0.3329 0.9419
vn 0.0424 -0.2924 0.9554
vn 0.2007 -0.0000 -0.9797
vn 0.1596 0.0338 -0.9866
vn 0.0220 0.1434 -0.9894
vn 0.4268 0.4268 -0.7973
vn 0.7555 -0.2924 0.5862
vn 0.0546 -0.0000 0.9985
vn -0.1508 0.1698 -0.9739
vn -0.0000 -0.3136 -0.9496
vn 0.1233 -0.8658 0.4850
vn -0.7541 -0.6568 -0.0000
vn 0.2684 0.6992 -0.6626
vn 0.7312 0.1727 -0.6599
vn 0.0123 -0.9999 -0.0000
vn 0.9256 0.3785 -0.0000
vn 0.0905 0.9959 -0.0000
vn 0.0651 -0.8609 0.5046
vn 0.2295 -0.6061 0.7616
vn -0.0907 -0.8316 0.5479
vn 0.2518 -0.8651 0.4338
vn 0.3525 0.0989 0.9306
vn 0.1381 -0.7568 -0.6389
vn 0.1297 -0.7178 -0.6841
vn 0.1453 -0.7898 -0.5959
vn -0.2739 -0.8253 -0.4939
vn -0.2760 -0.8171 -0.5062
vn -0.2516 -0.8929 -0.3735
vn -0.2924 -0.7317 -0.6157
vn -0.2723 -0.9622 -0.0000
vn -0.9518 -0.3068 -0.0000
vn -0.6294 -0.7771 -0.0000
vn 0.4566 -0.1794 -0.8714
vn 0.1436 -0.9711 -0.1908
vn -0.0006 0.9926 -0.1213
vn -0.0013 0.9927 -0.1203
vn -0.0711 0.9963 -0.0487
vn -0.9274 0.2835 0.2438
vn -0.9054 0.2306 0.3564
vn -0.2009 -0.9796 -0.0106
vn -0.1927 -0.9812 -0.0118
vn -0.0000 -0.9992 -0.0398
vn -0.2645 -0.9631 0.0488
vn 0.1326 -0.9559 0.2620
vn 0.1528 -0.9493 0.2749
vn 0.3505 -0.8785 0.3247
vn 0.2419 -0.9272 0.2859
vn 0.2279 -0.8973 0.3781
vn 0.1516 -0.8874 0.4354
vn 0.1563 -0.8196 0.5512
vn 0.1559 -0.8215 0.5486
vn 0.1436 -0.6016 0.7858
vn 0.1525 -0.6335 0.7586
vn 0.0990 -0.6224 0.7764
vn 0.0974 -0.6312 0.7695
vn 0.4992 -0.4574 0.7360
vn 0.3064 -0.5637 0.7670
vn 0.5208 -0.5933 0.6138
vn 0.1955 -0.3632 0.9110
vn 0.2779 -0.8695 0.4084
vn -0.0378 -0.4526 0.8909
vn -0.3203 0.3142 -0.8937
vn 0.0614 0.6766 -0.7338
vn -0.6782 -0.3484 -0.6470
vn -0.1068 0.5616 0.8205
vn -0.1734 0.4067 0.8970
vn 0.0111 0.1818 0.9833
vn 0.3791 -0.4305 0.8191
vn 0.1272 -0.0000 0.9919
vn 0.3604 -0.6390 0.6795
vn 0.0930 -0.4787 0.8730
vn -0.2664 0.9639 -0.0000
vn -0.0197 0.1756 -0.9843
vn 0.7807 -0.6249 -0.0000
vn -0.5443 0.5028 -0.6715
vn -0.4716 0.5707 -0.6723
vn -0.3537 0.6619 -0.6609
vn -0.6430 0.3920 -0.6579
vn -0.0084 0.3951 -0.9186
vn 0.5406 0.2617 -0.7996
vn 0.7364 0.2847 0.6138
vn -0.0677 0.9738 -0.2173
vn 0.9644 0.2643 -0.0000
vn 0.3639 0.9314 -0.0000
vn 0.9351 0.3544 -0.0000
vn 0.3354 -0.3302 0.8823
vn 0.5732 0.1479 0.8060
vn -0.0000 -0.7123 0.7019
vn 0.5528 0.8333 -0.0000
vn 0.8708 0.4916 -0.0000
vn 0.1351 0.2858 0.9487
vn 0.3710 0.2892 0.8825
vn 0.0427 0.1431 0.9888
vn 0.1180 0.1332 0.9840
vn 0.3670 0.4144 0.8328
vn 0.2093 0.8443 0.4934
vn 0.2984 0.7650 0.5707
vn -0.0017 0.9578 0.2875
vn -0.9520 -0.3060 -0.0000
vn -0.4630 -0.8863 -0.0000
vn -0.9445 0.3285 -0.0000
vn -0.1389 -0.8953 0.4233
vn -0.1289 -0.8770 0.4629
vn -0.2660 -0.7191 0.6420
vn 0.0933 -0.9868 0.1325
vn 0.3635 -0.8493 0.3827
vn 0.2288 -0.9734 0.0137
vn 0.2294 -0.9733 0.0125
vn 0.2704 -0.9602 -0.0705
vn 0.9807 -0.0000 -0.1956
vn 0.9051 0.4152 0.0912
vn 0.6500 0.7560 0.0775
vn 0.3981 0.8908 0.2190
vn 0.9839 -0.0000 0.1786
vn 0.6522 0.7579 -0.0151
vn -0.6076 0.7753 -0.1727
vn -0.4017 0.9158 -0.0000
vn -0.4360 0.8999 -0.0000
vn -0.4071 -0.9134 -0.0000
vn -0.0000 -0.9853 0.1709
vn -0.4187 0.4570 -0.7847
vn -0.4779 0.0895 -0.8738
vn -0.2984 0.9008 -0.3154
vn -0.1117 -0.7939 -0.5977
vn -0.4477 0.0947 -0.8891
vn 0.3573 -0.5261 0.7717
vn 0.4630 -0.7382 0.4906
vn -0.0415 -0.0456 0.9981
vn -0.2023 -0.1309 0.9705
vn 0.2011 -0.2799 0.9387
vn 0.2707 -0.2336 0.9339
vn 0.1265 -0.0402 0.9912
vn -0.3025 -0.0000 0.9531
vn -0.2076 -0.9782 -0.0000
vn -0.8144 0.5802 -0.0000
vn -0.3171 0.9484 -0.0000
vn 0.0851 0.5281 -0.8449
vn -0.3978 0.3124 -0.8626
vn -0.1173 0.8804 -0.4594
vn 0.2635 -0.0000 -0.9647
vn -0.2583 0.0608 -0.9641
vn 0.0351 -0.9994 -0.0000
vn 0.1853 -0.9827 -0.0000
vn -0.9918 0.1279 -0.0000
vn -0.9992 0.0399 -0.0000
vn -0.9961 0.0885 -0.0000
vn 0.1941 -0.5368 0.8211
vn 0.2777 -0.5098 0.8143
vn -0.0543 -0.5908 0.8050
vn 0.2326 -0.4135 0.8803
vn 0.3035 -0.4162 0.8571
vn 0.0385 -0.3612 0.9317
vn 0.0473 -0.3507 0.9353
vn 0.0731 -0.3194 0.9448
vn -0.8153 0.0183 0.5787
vn 0.9814 0.1921 -0.0000
vn -0.1129 -0.9936 -0.0000
vn -0.2839 0.6644 -0.6914
vn -0.4120 0.1965 -0.8897
vn -0.7448 -0.0000 -0.6672
vn -0.0264 0.8241 -0.5658
vn -0.1353 0.3104 -0.9409
vn 0.6395 0.7688 -0.0000
vn -0.6870 0.7267 -0.0000
vn -0.3516 0.9361 -0.0000
vn -0.9154 0.4025 -0.0000
vn -0.0868 0.1492 -0.9850
vn -0.1243 0.2318 -0.9648
vn -0.2940 0.6119 -0.7342
vn 0.1114 -0.2822 -0.9529
vn -0.5471 0.8371 -0.0000
vn -0.5097 0.8603 -0.0000
vn -0.1572 -0.0825 -0.9841
vn -0.1411 -0.1199 -0.9827
vn -0.2811 0.2367 -0.9300
vn 0.0027 -0.4254 -0.9050
vn 0.2452 0.9389 0.2415
vn 0.5958 0.1583 -0.7874
vn 0.5972 -0.1102 -0.7945
vn 0.1666 -0.9564 -0.2397
vn 0.1578 0.9689 -0.1904
vn 0.1010 -0.0374 0.9942
vn 0.1443 0.9652 0.2183
vn -0.9851 -0.1720 -0.0036
vn -0.9998 -0.0190 0.0040
vn 0.0008 -0.9988 -0.0494
vn -0.1905 0.9804 0.0494
vn -0.0530 0.9869 0.1524
vn 0.0031 0.9592 0.2827
vn -0.1076 0.9940 0.0195
vn 0.7251 -0.6887 -0.0000
vn 0.6879 -0.7258 -0.0000
vn -0.0109 -0.9999 -0.0000
vn -0.4549 0.6569 -0.6013
vn -0.4228 0.7736 -0.4721
vn -0.1961 0.5982 -0.7770
vn -0.0000 0.9853 -0.1709
vn -0.6824 -0.0000 -0.7310
vn -0.9497 -0.3131 -0.0000
vn -0.7843 -0.6203 -0.0000
vn -0.5086 -0.8610 -0.0000
vn -0.4111 0.6195 -0.6688
vn -0.5516 0.6378 -0.5376
vn -0.2151 0.5497 -0.8072
vn -0.1920 0.6381 -0.7457
vn 0.1508 0.5865 -0.7958
vn 0.0134 0.7730 -0.6343
vn 0.3231 0.6554 -0.6827
vn 0.0218 0.7259 -0.6875
vn -0.0768 0.6851 -0.7243
vn -0.0670 0.6844 -0.7260
vn -0.1928 0.2890 -0.9377
vn -0.2003 0.1420 -0.9694
vn -0.1944 -0.3176 -0.9281
vn -0.1328 0.9911 -0.0000
vn -0.2502 0.3125 -0.9164
vn -0.1532 0.1958 -0.9686
vn -0.4407 0.1497 -0.8851
vn 0.8435 -0.1911 0.5020
vn 0.6281 -0.1423 0.7651
vn 0.3308 -0.0749 0.9407
vn -0.1479 0.3698 -0.9173
vn 0.0010 0.5160 -0.8566
vn 0.1937 0.6690 -0.7175
vn -0.2489 0.2208 -0.9430
vn -0.1089 0.3246 -0.9396
vn -0.0253 0.3809 -0.9243
vn 0.2889 0.6627 0.6910
vn -0.3007 -0.9191 0.2547
vn 0.9370 -0.1296 -0.3244
vn 0.9342 0.0895 -0.3452
vn 0.8739 0.0877 -0.4782
vn -0.2152 -0.0000 -0.9766
vn -0.3779 -0.0000 -0.9259
vn -0.9112 -0.4119 -0.0000
vn 0.1263 -0.4593 0.8792
vn 0.0519 -0.5615 0.8259
vn -0.0706 -0.7044 0.7063
vn 0.2417 -0.2756 0.9304
vn 0.6073 0.7725 -0.1858
vn 0.7405 0.6121 -0.2776
vn 0.0991 -0.7887 0.6068
vn 0.1029 -0.7855 0.6102
vn 0.1459 -0.7482 0.6472
vn 0.0556 -0.8221 0.5667
vn -0.0606 -0.7637 -0.6427
vn 0.3251 0.6290 0.7061
vn 0.3136 0.6527 0.6897
vn 0.4829 -0.0000 0.8757
vn -0.1473 -0.9787 0.1432
vn -0.0947 -0.6479 0.7558
vn -0.0105 -0.0000 0.9999
vn 0.3030 -0.9530 -0.0000
vn 0.8883 -0.4591 0.0127
vn 0.9818 -0.1897 -0.0000
vn -0.0052 0.9969 -0.0781
vn -0.3737 0.9275 -0.0000
vn -0.9750 0.2222 -0.0033
vn -0.8901 0.4557 -0.0114
vn -0.7993 0.5943 -0.0890
vn -0.8091 0.5806 -0.0909
vn -0.3111 0.9504 -0.0048
vn -0.6455 -0.0000 -0.7637
vn -0.2115 0.5656 -0.7971
vn -0.3590 0.8915 -0.2763
vn -0.9882 -0.1471 0.0423
vn -0.9879 -0.1514 0.0340
vn 0.2733 0.5640 -0.7792
vn 0.2931 0.5607 -0.7744
vn 0.5164 0.5037 -0.6925
vn 0.0964 0.7187 -0.6886
vn 0.0955 0.7169 -0.6906
vn 0.1571 0.8248 -0.5432
vn 0.0891 -0.8396 0.5358
vn -0.1572 0.8677 -0.4716
vn -0.1188 0.9402 -0.3194
vn -0.1843 0.7920 -0.5821
vn 0.6802 0.7330 -0.0000
vn -0.8932 0.2403 0.3800
vn -0.9069 0.2066 0.3673
vn 0.1720 -0.5457 0.8201
vn 0.1440 -0.6063 0.7821
vn 0.0127 -0.8266 0.5626
vn 0.2813 -0.2450 0.9278
vn 0.0668 -0.9978 -0.0000
vn -0.0919 0.1428 -0.9855
vn -0.5133 -0.2212 -0.8292
vn 0.4565 0.5154 -0.7252
vn 0.9683 -0.2498 -0.0000
vn -0.9452 -0.1707 0.2783
vn -0.9488 -0.1941 0.2491
vn -0.9434 -0.1858 0.2746
vn -0.9470 -0.1557 0.2811
vn -0.9492 -0.1393 0.2822
vn -0.9538 -0.1029 0.2821
vn -0.9614 0.0259 0.2739
vn -0.9549 0.1391 0.2623
vn 0.9239 0.2532 -0.2867
vn 0.7992 0.5302 -0.2833
vn 0.9144 0.2741 -0.2977
vn 0.9185 0.2574 -0.3000
vn 0.9202 0.2485 -0.3025
vn 0.9207 0.2433 -0.3051
vn 0.9206 0.2401 -0.3080
vn 0.9453 0.2623 -0.1937
vn 0.9495 0.2665 -0.1656
vn 0.9533 0.2700 -0.1352
vn 0.9565 0.2730 -0.1030
vn 0.9589 0.2751 -0.0693
vn 0.9604 0.2764 -0.0348
vn -0.9702 -0.2411 -0.0240
vn -0.9705 -0.2411 0.0098
vn -0.9703 -0.2407 0.0242
vn -0.9700 -0.2401 0.0388
vn -0.9646 -0.2331 0.1234
vn -0.9504 -0.2221 0.2177
vn -0.9484 -0.2202 0.2280
vn -0.9468 -0.2181 0.2365
vn -0.9456 -0.2158 0.2436
vn -0.9432 -0.2078 0.2591
vn -0.9429 -0.2048 0.2629
vn -0.9427 -0.2015 0.2661
vn -0.9426 -0.1980 0.2688
vn -0.9428 -0.1942 0.2711
vn -0.9430 -0.1901 0.2730
vn 0.9486 0.1945 -0.2498
vn 0.9449 0.1712 -0.2791
vn 0.9431 0.1863 -0.2753
vn 0.9466 0.1562 -0.2820
vn 0.9488 0.1398 -0.2831
vn 0.9535 0.1033 -0.2832
vn 0.9610 -0.0259 -0.2752
vn 0.9544 -0.1399 -0.2638
vn -0.9236 -0.2537 0.2873
vn -0.8240 -0.4886 0.2868
vn -0.7996 -0.5296 0.2830
vn -0.9023 -0.3135 0.2959
vn -0.9141 -0.2746 0.2983
vn -0.9182 -0.2579 0.3006
vn -0.9199 -0.2490 0.3031
vn -0.9204 -0.2438 0.3058
vn -0.9202 -0.2406 0.3086
vn -0.9197 -0.2388 0.3116
vn -0.9367 -0.2540 0.2410
vn -0.9451 -0.2629 0.1941
vn -0.9493 -0.2670 0.1659
vn -0.9531 -0.2706 0.1355
vn -0.9563 -0.2735 0.1032
vn -0.9587 -0.2757 0.0695
vn -0.9603 -0.2770 0.0349
vn -0.9608 -0.2773 -0.0000
vn -0.9606 -0.2773 -0.0180
vn 0.9702 0.2417 0.0173
vn 0.9701 0.2416 0.0241
vn 0.9703 0.2418 0.0040
vn 0.9703 0.2416 -0.0099
vn 0.9702 0.2413 -0.0242
vn 0.9698 0.2407 -0.0389
vn 0.9693 0.2399 -0.0538
vn 0.9686 0.2389 -0.0687
vn 0.9644 0.2337 -0.1236
vn 0.9501 0.2227 -0.2183
vn 0.9482 0.2208 -0.2285
vn 0.9466 0.2186 -0.2371
vn 0.9453 0.2164 -0.2442
vn 0.9443 0.2139 -0.2502
vn 0.9435 0.2112 -0.2554
vn 0.9429 0.2083 -0.2598
vn 0.9426 0.2053 -0.2635
vn 0.9424 0.2020 -0.2668
vn 0.9423 0.1985 -0.2695
vn 0.9424 0.1947 -0.2718
vn 0.9427 0.1907 -0.2737
vn -0.0849 0.9964 -0.0000
vn -0.1020 0.9948 -0.0000
vn -0.0856 0.9963 -0.0000
vn 0.0785 -0.9969 -0.0000
vn -0.0693 0.9976 -0.0000
vn 0.3256 -0.9455 -0.0000
vn -0.2648 0.9643 -0.0000
vn -0.1034 -0.9946 -0.0000
vn 0.0884 0.9961 -0.0000
vn 0.1669 0.9860 -0.0000
vn 0.1619 0.9868 -0.0000
vn 0.1673 0.9859 -0.0000
vn -0.1944 -0.9809 -0.0000
vn 0.1727 0.9850 -0.0000
vn 0.7454 -0.3929 -0.5386
vn 0.6839 -0.4096 -0.6038
vn 0.6847 -0.3850 -0.6188
vn 0.6869 -0.3543 -0.6345
vn 0.6895 -0.3252 -0.6472
vn 0.6950 -0.2570 -0.6715
vn 0.6964 -0.2089 -0.6866
vn 0.6900 0.3391 -0.6394
vn 0.5907 0.3780 -0.7129
vn 0.6355 0.3617 -0.6821
vn -0.6911 0.4735 0.5461
vn -0.4980 0.7648 0.4087
vn -0.5624 0.6801 0.4703
vn -0.6171 0.5621 0.5508
vn -0.6293 0.5220 0.5757
vn -0.6335 0.5018 0.5889
vn -0.6347 0.4897 0.5977
vn -0.6345 0.4818 0.6044
vn -0.6333 0.4762 0.6100
vn -0.6316 0.4723 0.6148
vn -0.6669 0.5153 0.5383
vn -0.7082 0.5629 0.4261
vn -0.7236 0.5815 0.3717
vn -0.7384 0.5992 0.3095
vn -0.7514 0.6147 0.2398
vn -0.7432 0.6438 0.1820
vn -0.0764 0.0270 0.9967
vn -0.7491 0.6625 0.0005
vn -0.7484 0.6618 0.0440
vn -0.7332 0.6758 0.0757
vn -0.7383 0.6745 0.0003
vn -0.7484 0.6619 -0.0431
vn -0.7381 0.6732 -0.0438
vn -0.2106 0.1497 -0.9660
vn 0.7837 -0.6181 0.0618
vn 0.7822 -0.6167 0.0887
vn 0.7769 -0.6256 0.0709
vn 0.7744 -0.6310 0.0467
vn 0.7850 -0.6193 0.0126
vn 0.7752 -0.6316 0.0115
vn 0.7851 -0.6193 -0.0079
vn 0.7720 -0.6353 -0.0206
vn 0.0448 -0.0021 -0.9990
vn 0.8424 -0.5342 -0.0708
vn 0.7907 -0.6084 -0.0677
vn 0.7912 -0.6043 -0.0943
vn 0.1963 -0.1798 0.9639
vn 0.7774 -0.6088 -0.1582
vn 0.7648 -0.6266 -0.1499
vn 0.7630 -0.6220 -0.1761
vn 0.0256 0.0502 -0.9984
vn 0.7262 -0.5533 -0.4081
vn 0.7166 -0.4952 -0.4911
vn 0.7095 -0.4872 -0.5092
vn 0.7037 -0.4798 -0.5241
vn 0.6989 -0.4727 -0.5368
vn 0.6950 -0.4659 -0.5477
vn 0.6918 -0.4592 -0.5573
vn 0.6893 -0.4525 -0.5658
vn 0.6873 -0.4459 -0.5734
vn 0.6858 -0.4391 -0.5804
vn 0.6848 -0.4322 -0.5868
vn 0.6841 -0.4250 -0.5928
vn 0.6838 -0.4175 -0.5984
vn 0.6121 -0.4440 -0.6544
vn 0.6127 -0.4179 -0.6708
vn 0.6137 -0.3851 -0.6892
vn 0.6158 -0.3542 -0.7038
vn 0.6205 -0.2812 -0.7320
vn 0.6223 -0.2279 -0.7489
vn 0.5097 0.4030 -0.7601
vn 0.5188 0.4005 -0.7553
vn -0.4551 0.7853 0.4197
vn -0.5031 0.7083 0.4952
vn -0.5489 0.5964 0.5857
vn -0.5596 0.5564 0.6142
vn -0.5631 0.5358 0.6292
vn -0.5639 0.5233 0.6389
vn -0.5633 0.5149 0.6461
vn -0.5620 0.5090 0.6520
vn -0.5602 0.5046 0.6570
vn -0.5998 0.5543 0.5771
vn -0.6432 0.6106 0.4619
vn -0.6605 0.6328 0.4041
vn -0.6771 0.6540 0.3374
vn -0.6920 0.6726 0.2621
vn -0.7038 0.6874 0.1792
vn -0.7115 0.6968 0.0909
vn -0.7141 0.7001 0.0001
vn -0.7140 0.6986 -0.0454
vn 0.7517 -0.6562 0.0653
vn 0.7518 -0.6577 0.0476
vn 0.7526 -0.6584 0.0111
vn 0.7525 -0.6580 -0.0272
vn 0.7515 -0.6564 -0.0668
vn 0.7494 -0.6534 -0.1072
vn 0.7462 -0.6491 -0.1478
vn 0.7420 -0.6435 -0.1879
vn 0.7061 -0.6023 -0.3723
vn 0.6497 -0.5398 -0.5352
vn 0.6418 -0.5303 -0.5540
vn 0.6353 -0.5215 -0.5696
vn 0.6300 -0.5133 -0.5828
vn 0.6256 -0.5055 -0.5942
vn 0.6221 -0.4980 -0.6042
vn 0.6192 -0.4906 -0.6132
vn 0.6169 -0.4832 -0.6213
vn 0.6151 -0.4758 -0.6287
vn 0.6137 -0.4683 -0.6357
vn 0.6128 -0.4605 -0.6422
vn 0.6123 -0.4524 -0.6484
vn 0.5773 -0.4585 -0.6757
vn 0.5777 -0.4315 -0.6928
vn 0.5786 -0.3978 -0.7120
vn 0.5805 -0.3660 -0.7274
vn 0.5849 -0.2908 -0.7572
vn 0.5864 -0.2358 -0.7749
vn 0.4704 0.4134 -0.7796
vn 0.4813 0.4106 -0.7744
vn -0.4251 0.7983 0.4266
vn -0.4716 0.7226 0.5054
vn -0.5156 0.6114 0.6004
vn -0.5258 0.5711 0.6304
vn -0.5291 0.5502 0.6460
vn -0.5298 0.5374 0.6561
vn -0.5293 0.5288 0.6635
vn -0.5279 0.5226 0.6695
vn -0.5261 0.5180 0.6745
vn -0.5658 0.5716 0.5943
vn -0.6095 0.6323 0.4783
vn -0.6270 0.6566 0.4192
vn -0.6441 0.6798 0.3507
vn -0.6595 0.7005 0.2728
vn -0.6717 0.7169 0.1868
vn -0.6796 0.7274 0.0949
vn -0.6823 0.7310 0.0001
vn -0.6825 0.7294 -0.0474
vn 0.7382 -0.6713 0.0668
vn 0.7278 -0.6844 0.0428
vn 0.7225 -0.6913 0.0117
vn 0.7224 -0.6909 -0.0285
vn 0.7213 -0.6890 -0.0701
vn 0.7191 -0.6857 -0.1125
vn 0.7158 -0.6809 -0.1550
vn 0.7114 -0.6747 -0.1970
vn 0.6738 -0.6291 -0.3876
vn 0.6157 -0.5596 -0.5547
vn 0.6076 -0.5492 -0.5737
vn 0.6010 -0.5397 -0.5895
vn 0.5956 -0.5309 -0.6028
vn 0.5912 -0.5226 -0.6143
vn 0.5876 -0.5146 -0.6244
vn 0.5846 -0.5068 -0.6335
vn 0.5823 -0.4991 -0.6417
vn 0.5805 -0.4914 -0.6493
vn 0.5791 -0.4835 -0.6564
vn 0.5781 -0.4755 -0.6631
vn 0.5775 -0.4672 -0.6695
vn 0.5321 -0.4754 -0.7006
vn 0.5322 -0.4476 -0.7186
vn 0.5329 -0.4127 -0.7387
vn 0.5345 -0.3798 -0.7550
vn 0.5382 -0.3021 -0.7868
vn 0.5395 -0.2451 -0.8055
vn 0.4206 0.4250 -0.8016
vn 0.4335 0.4221 -0.7961
vn -0.3881 0.8128 0.4344
vn -0.4322 0.7389 0.5170
vn -0.4732 0.6286 0.6172
vn -0.4827 0.5880 0.6490
vn -0.4942 0.5664 0.6595
vn -0.4946 0.5489 0.6738
vn -0.4857 0.5448 0.6836
vn -0.4844 0.5384 0.6896
vn -0.4825 0.5335 0.6946
vn -0.5217 0.5919 0.6144
vn -0.5651 0.6580 0.4976
vn -0.5828 0.6850 0.4372
vn -0.6002 0.7109 0.3666
vn -0.6159 0.7342 0.2859
vn -0.6285 0.7527 0.1961
vn -0.6366 0.7647 0.0997
vn -0.6394 0.7688 0.0001
vn -0.6398 0.7669 -0.0499
vn 0.6814 -0.7312 0.0332
vn 0.6811 -0.7321 0.0124
vn 0.6810 -0.7317 -0.0302
vn 0.6798 -0.7296 -0.0743
vn 0.6775 -0.7258 -0.1191
vn 0.6739 -0.7204 -0.1640
vn 0.6693 -0.7132 -0.2082
vn 0.6302 -0.6618 -0.4060
vn 0.5709 -0.5831 -0.5780
vn 0.5627 -0.5716 -0.5971
vn 0.5561 -0.5613 -0.6130
vn 0.5507 -0.5517 -0.6264
vn 0.5462 -0.5428 -0.6380
vn 0.5426 -0.5342 -0.6482
vn 0.5396 -0.5260 -0.6574
vn 0.5372 -0.5178 -0.6658
vn 0.5354 -0.5097 -0.6735
vn 0.5340 -0.5015 -0.6807
vn 0.5330 -0.4931 -0.6876
vn 0.5323 -0.4844 -0.6942
vn 0.4716 -0.4951 -0.7297
vn 0.4714 -0.4662 -0.7486
vn 0.4717 -0.4301 -0.7698
vn 0.4729 -0.3960 -0.7872
vn 0.4755 -0.3152 -0.8214
vn 0.4764 -0.2559 -0.8411
vn 0.3561 0.4377 -0.8256
vn 0.3714 0.4349 -0.8203
vn -0.3418 0.8288 0.4429
vn -0.3818 0.7573 0.5298
vn -0.4181 0.6483 0.6364
vn -0.4264 0.6073 0.6703
vn -0.4186 0.5913 0.6893
vn -0.4187 0.5737 0.7040
vn -0.4287 0.5630 0.7065
vn -0.4274 0.5563 0.7126
vn -0.4257 0.5512 0.7176
vn -0.4633 0.6156 0.6375
vn -0.5051 0.6885 0.5204
vn -0.5226 0.7188 0.4586
vn -0.5398 0.7483 0.3857
vn -0.5555 0.7749 0.3016
vn -0.5682 0.7964 0.2074
vn -0.5764 0.8103 0.1056
vn -0.5910 0.8064 0.0189
vn -0.6142 0.7875 -0.0512
vn 0.6221 -0.7822 0.0355
vn 0.6215 -0.7833 0.0132
vn 0.6214 -0.7828 -0.0323
vn 0.6202 -0.7804 -0.0794
vn 0.6177 -0.7760 -0.1273
vn 0.6140 -0.7696 -0.1752
vn 0.6092 -0.7613 -0.2222
vn 0.5692 -0.7020 -0.4281
vn 0.5100 -0.6109 -0.6055
vn 0.5020 -0.5981 -0.6247
vn 0.4955 -0.5866 -0.6406
vn 0.4901 -0.5762 -0.6541
vn 0.4858 -0.5664 -0.6657
vn 0.4822 -0.5572 -0.6760
vn 0.4793 -0.5483 -0.6853
vn 0.4769 -0.5396 -0.6938
vn 0.4751 -0.5310 -0.7017
vn 0.4737 -0.5224 -0.7091
vn 0.4726 -0.5136 -0.7162
vn 0.4719 -0.5045 -0.7230
vn 0.3884 -0.5174 -0.7625
vn 0.3876 -0.4873 -0.7825
vn 0.3874 -0.4496 -0.8049
vn 0.3878 -0.4141 -0.8235
vn 0.3886 -0.3299 -0.8603
vn 0.3892 -0.2682 -0.8812
vn 0.2713 0.4509 -0.8504
vn 0.2886 0.4485 -0.8459
vn -0.2828 0.8460 0.4521
vn -0.3159 0.7775 0.5437
vn -0.3447 0.6700 0.6575
vn -0.3511 0.6287 0.6939
vn -0.3530 0.6067 0.7123
vn -0.3531 0.5928 0.7238
vn -0.3523 0.5833 0.7319
vn -0.3511 0.5762 0.7381
vn -0.3495 0.5707 0.7431
vn -0.3835 0.6426 0.6634
vn -0.4214 0.7236 0.5467
vn -0.4376 0.7582 0.4834
vn -0.4537 0.7922 0.4080
vn -0.4686 0.8234 0.3201
vn -0.4807 0.8486 0.2208
vn -0.4887 0.8652 0.1126
vn -0.4906 0.8695 0.0568
vn 0.5325 -0.8455 0.0384
vn 0.5316 -0.8469 0.0143
vn 0.5315 -0.8463 -0.0349
vn 0.5303 -0.8435 -0.0858
vn 0.5278 -0.8382 -0.1375
vn 0.5241 -0.8304 -0.1889
vn 0.5193 -0.8204 -0.2393
vn 0.4805 -0.7505 -0.4538
vn 0.4245 -0.6431 -0.6373
vn 0.4171 -0.6286 -0.6564
vn 0.4111 -0.6157 -0.6722
vn 0.4062 -0.6041 -0.6857
vn 0.4021 -0.5933 -0.6973
vn 0.3988 -0.5833 -0.7076
vn 0.3961 -0.5737 -0.7170
vn 0.3939 -0.5643 -0.7255
vn 0.3921 -0.5552 -0.7335
vn 0.3907 -0.5460 -0.7411
vn 0.3896 -0.5367 -0.7484
vn 0.3888 -0.5272 -0.7555
vn 0.2763 -0.5396 -0.7953
vn 0.2749 -0.5082 -0.8162
vn 0.2738 -0.4690 -0.8397
vn 0.2731 -0.4322 -0.8594
vn 0.2714 -0.3445 -0.8987
vn 0.2715 -0.2802 -0.9208
vn 0.1648 0.4620 -0.8714
vn 0.1809 0.4607 -0.8689
vn -0.2094 0.8624 0.4609
vn -0.2313 0.7974 0.5573
vn -0.2488 0.6914 0.6783
vn -0.2523 0.6498 0.7170
vn -0.2530 0.6273 0.7365
vn -0.2527 0.6131 0.7485
vn -0.2519 0.6031 0.7568
vn -0.2508 0.5957 0.7631
vn -0.2495 0.5898 0.7680
vn -0.2765 0.6700 0.6890
vn -0.3065 0.7597 0.5735
vn -0.3197 0.7992 0.5091
vn -0.3329 0.8385 0.4314
vn -0.3452 0.8749 0.3397
vn -0.3554 0.9047 0.2350
vn -0.3621 0.9244 0.1202
vn -0.3638 0.9295 0.0607
vn 0.3978 -0.9165 0.0416
vn 0.3968 -0.9178 0.0155
vn 0.3966 -0.9172 -0.0379
vn 0.3955 -0.9138 -0.0929
vn 0.3933 -0.9073 -0.1487
vn 0.3900 -0.8979 -0.2042
vn 0.3858 -0.8857 -0.2582
vn 0.3529 -0.8030 -0.4802
vn 0.3067 -0.6762 -0.6698
vn 0.3007 -0.6597 -0.6887
vn 0.2959 -0.6452 -0.7044
vn 0.2919 -0.6323 -0.7176
vn 0.2886 -0.6205 -0.7292
vn 0.2858 -0.6095 -0.7394
vn 0.2835 -0.5991 -0.7487
vn 0.2816 -0.5891 -0.7574
vn 0.2801 -0.5793 -0.7655
vn 0.2788 -0.5696 -0.7732
vn 0.2778 -0.5598 -0.7807
vn 0.2769 -0.5499 -0.7880
vn 0.1785 -0.5525 -0.8142
vn 0.1770 -0.5204 -0.8354
vn 0.1753 -0.4802 -0.8594
vn 0.1740 -0.4426 -0.8797
vn 0.1710 -0.3532 -0.9198
vn 0.1693 -0.2869 -0.9429
vn 0.0885 0.4666 -0.8800
vn 0.0929 0.4664 -0.8797
vn -0.1459 0.8725 0.4663
vn -0.1566 0.8080 0.5680
vn -0.1647 0.7036 0.6912
vn -0.1659 0.6620 0.7309
vn -0.1759 0.6411 0.7471
vn -0.1757 0.6217 0.7633
vn -0.1646 0.6147 0.7714
vn -0.1637 0.6070 0.7776
vn -0.1628 0.6010 0.7825
vn -0.1818 0.6850 0.7055
vn -0.2032 0.7813 0.5901
vn -0.2127 0.8240 0.5251
vn -0.2224 0.8669 0.4462
vn -0.2316 0.9068 0.3523
vn -0.2391 0.9398 0.2443
vn -0.2442 0.9616 0.1251
vn -0.2455 0.9673 0.0632
vn 0.2681 -0.9624 0.0437
vn 0.2678 -0.9633 0.0163
vn 0.2677 -0.9627 -0.0397
vn 0.2668 -0.9588 -0.0975
vn 0.2651 -0.9515 -0.1560
vn 0.2626 -0.9409 -0.2140
vn 0.2593 -0.9272 -0.2704
vn 0.2357 -0.8342 -0.4986
vn 0.2013 -0.6958 -0.6894
vn 0.1970 -0.6781 -0.7081
vn 0.1935 -0.6627 -0.7235
vn 0.1907 -0.6489 -0.7366
vn 0.1883 -0.6365 -0.7480
vn 0.1863 -0.6249 -0.7581
vn 0.1845 -0.6140 -0.7674
vn 0.1831 -0.6036 -0.7760
vn 0.1819 -0.5934 -0.7841
vn 0.1808 -0.5834 -0.7918
vn 0.1799 -0.5733 -0.7994
vn 0.1792 -0.5630 -0.8068
vn 0.1203 -0.5574 -0.8215
vn 0.1190 -0.5251 -0.8427
vn 0.1176 -0.4844 -0.8669
vn 0.1165 -0.4465 -0.8872
vn 0.1139 -0.3564 -0.9274
vn 0.1121 -0.2893 -0.9507
vn 0.0541 0.4677 -0.8822
vn 0.0558 0.4677 -0.8821
vn -0.1014 0.8774 0.4689
vn -0.1078 0.8129 0.5724
vn -0.1123 0.7088 0.6965
vn -0.1127 0.6670 0.7365
vn -0.1125 0.6528 0.7491
vn -0.1123 0.6237 0.7736
vn -0.1115 0.6193 0.7772
vn -0.1109 0.6115 0.7834
vn -0.1102 0.6054 0.7883
vn -0.1234 0.6912 0.7121
vn -0.1385 0.7902 0.5970
vn -0.1452 0.8343 0.5318
vn -0.1521 0.8788 0.4524
vn -0.1585 0.9203 0.3576
vn -0.1640 0.9547 0.2482
vn -0.1676 0.9776 0.1272
vn -0.1685 0.9836 0.0643
vn 0.1838 -0.9819 0.0446
vn 0.1837 -0.9828 0.0166
vn 0.1836 -0.9822 -0.0405
vn 0.1830 -0.9781 -0.0995
vn 0.1818 -0.9704 -0.1591
vn 0.1800 -0.9592 -0.2182
vn 0.1776 -0.9447 -0.2755
vn 0.1610 -0.8473 -0.5062
vn 0.1365 -0.7037 -0.6973
vn 0.1335 -0.6854 -0.7158
vn 0.1311 -0.6696 -0.7311
vn 0.1291 -0.6555 -0.7441
vn 0.1274 -0.6428 -0.7554
vn 0.1260 -0.6310 -0.7655
vn 0.1248 -0.6199 -0.7747
vn 0.1237 -0.6093 -0.7833
vn 0.1228 -0.5989 -0.7913
vn 0.1220 -0.5887 -0.7991
vn 0.1214 -0.5785 -0.8066
vn 0.1208 -0.5681 -0.8140
vn 0.0714 -0.5601 -0.8254
vn 0.0705 -0.5275 -0.8466
vn 0.0695 -0.4866 -0.8708
vn 0.0687 -0.4485 -0.8911
vn 0.0668 -0.3579 -0.9314
vn 0.0656 -0.2905 -0.9546
vn 0.0291 0.4682 -0.8831
vn 0.0301 0.4682 -0.8831
vn -0.0618 0.8803 0.4704
vn -0.0651 0.8159 0.5745
vn -0.0673 0.7116 0.6993
vn -0.0674 0.6698 0.7395
vn -0.0596 0.6501 0.7575
vn -0.0595 0.6305 0.7739
vn -0.0665 0.6218 0.7803
vn -0.0661 0.6140 0.7865
vn -0.0657 0.6078 0.7914
vn -0.0737 0.6947 0.7155
vn -0.0829 0.7952 0.6007
vn -0.0870 0.8401 0.5355
vn -0.0912 0.8854 0.4558
vn -0.0951 0.9279 0.3605
vn -0.0984 0.9631 0.2504
vn -0.1007 0.9866 0.1283
vn -0.1012 0.9927 0.0649
vn 0.1103 -0.9929 0.0451
vn 0.1102 -0.9938 0.0168
vn 0.1101 -0.9931 -0.0410
vn 0.1098 -0.9889 -0.1006
vn 0.1090 -0.9809 -0.1608
vn 0.1079 -0.9694 -0.2205
vn 0.1065 -0.9546 -0.2784
vn 0.0963 -0.8548 -0.5100
vn 0.0814 -0.7080 -0.7015
vn 0.0796 -0.6894 -0.7200
vn 0.0781 -0.6733 -0.7352
vn 0.0769 -0.6591 -0.7481
vn 0.0758 -0.6462 -0.7594
vn 0.0749 -0.6343 -0.7695
vn 0.0742 -0.6230 -0.7787
vn 0.0735 -0.6123 -0.7872
vn 0.0730 -0.6019 -0.7952
vn 0.0725 -0.5916 -0.8030
vn 0.0721 -0.5813 -0.8105
vn 0.0717 -0.5708 -0.8179
vn 0.0226 -0.5614 -0.8273
vn 0.0222 -0.5287 -0.8485
vn 0.0216 -0.4877 -0.8727
vn 0.0212 -0.4495 -0.8931
vn 0.0200 -0.3587 -0.9333
vn 0.0193 -0.2911 -0.9565
vn 0.0044 0.4684 -0.8835
vn 0.0047 0.4684 -0.8835
vn -0.0223 0.8817 0.4712
vn -0.0228 0.8174 0.5756
vn -0.0226 0.7131 0.7007
vn -0.0223 0.6711 0.7410
vn -0.0221 0.6482 0.7612
vn -0.0219 0.6334 0.7735
vn -0.0218 0.6231 0.7819
vn -0.0216 0.6152 0.7881
vn -0.0215 0.6090 0.7929
vn -0.0242 0.6964 0.7172
vn -0.0273 0.7976 0.6025
vn -0.0287 0.8429 0.5373
vn -0.0301 0.8887 0.4575
vn -0.0315 0.9316 0.3620
vn -0.0326 0.9673 0.2514
vn -0.0333 0.9911 0.1289
vn -0.0335 0.9973 0.0652
vn 0.0360 -0.9983 0.0453
vn 0.0359 -0.9992 0.0169
vn 0.0359 -0.9985 -0.0412
vn 0.0358 -0.9942 -0.1011
vn 0.0355 -0.9862 -0.1617
vn 0.0351 -0.9745 -0.2216
vn 0.0347 -0.9594 -0.2798
vn 0.0313 -0.8585 -0.5119
vn 0.0263 -0.7101 -0.7036
vn 0.0257 -0.6914 -0.7220
vn 0.0252 -0.6752 -0.7372
vn 0.0248 -0.6608 -0.7501
vn 0.0244 -0.6479 -0.7614
vn 0.0241 -0.6359 -0.7714
vn 0.0238 -0.6246 -0.7806
vn 0.0236 -0.6138 -0.7891
vn 0.0233 -0.6033 -0.7972
vn 0.0231 -0.5930 -0.8049
vn 0.0230 -0.5826 -0.8124
vn 0.0228 -0.5721 -0.8198
vn -0.0256 -0.5613 -0.8272
vn -0.0256 -0.5287 -0.8484
vn -0.0257 -0.4877 -0.8727
vn -0.0259 -0.4494 -0.8930
vn -0.0262 -0.3586 -0.9331
vn -0.0264 -0.2910 -0.9564
vn -0.0200 0.4683 -0.8833
vn -0.0203 0.4683 -0.8833
vn 0.0166 0.8818 0.4712
vn 0.0191 0.8175 0.5757
vn 0.0216 0.7131 0.7007
vn 0.0222 0.6711 0.7410
vn 0.0224 0.6482 0.7612
vn 0.0225 0.6334 0.7735
vn 0.0225 0.6230 0.7819
vn 0.0224 0.6152 0.7881
vn 0.0223 0.6090 0.7929
vn 0.0248 0.6964 0.7172
vn 0.0277 0.7976 0.6025
vn 0.0290 0.8429 0.5373
vn 0.0304 0.8887 0.4575
vn 0.0317 0.9316 0.3620
vn 0.0328 0.9673 0.2514
vn 0.0335 0.9911 0.1289
vn 0.0337 0.9973 0.0651
vn -0.0379 -0.9983 0.0453
vn -0.0379 -0.9991 0.0169
vn -0.0379 -0.9984 -0.0412
vn -0.0377 -0.9942 -0.1011
vn -0.0375 -0.9861 -0.1617
vn -0.0371 -0.9744 -0.2216
vn -0.0366 -0.9594 -0.2798
vn -0.0333 -0.8584 -0.5119
vn -0.0282 -0.7101 -0.7036
vn -0.0276 -0.6913 -0.7220
vn -0.0272 -0.6752 -0.7372
vn -0.0268 -0.6608 -0.7501
vn -0.0265 -0.6478 -0.7613
vn -0.0262 -0.6358 -0.7714
vn -0.0260 -0.6246 -0.7805
vn -0.0259 -0.6138 -0.7891
vn -0.0258 -0.6033 -0.7971
vn -0.0257 -0.5929 -0.8048
vn -0.0256 -0.5826 -0.8124
vn -0.0256 -0.5721 -0.8198
vn -0.0729 -0.5600 -0.8253
vn -0.0726 -0.5274 -0.8465
vn -0.0722 -0.4866 -0.8707
vn -0.0720 -0.4484 -0.8909
vn -0.0717 -0.3578 -0.9310
vn -0.0713 -0.2904 -0.9543
vn -0.0441 0.4680 -0.8826
vn -0.0449 0.4680 -0.8826
vn 0.0550 0.8806 0.4706
vn 0.0603 0.8161 0.5747
vn 0.0650 0.7117 0.6994
vn 0.0660 0.6698 0.7396
vn 0.0662 0.6469 0.7597
vn 0.0662 0.6322 0.7720
vn 0.0659 0.6218 0.7804
vn 0.0656 0.6140 0.7866
vn 0.0653 0.6078 0.7914
vn 0.0730 0.6947 0.7156
vn 0.0817 0.7953 0.6007
vn 0.0857 0.8402 0.5355
vn 0.0897 0.8855 0.4559
vn 0.0936 0.9280 0.3606
vn 0.0968 0.9633 0.2504
vn 0.0989 0.9868 0.1283
vn 0.0995 0.9929 0.0649
vn -0.1101 -0.9929 0.0451
vn -0.1100 -0.9938 0.0168
vn -0.1100 -0.9931 -0.0410
vn -0.1096 -0.9889 -0.1006
vn -0.1089 -0.9810 -0.1608
vn -0.1078 -0.9694 -0.2205
vn -0.1064 -0.9546 -0.2784
vn -0.0964 -0.8547 -0.5101
vn -0.0818 -0.7080 -0.7015
vn -0.0800 -0.6894 -0.7200
vn -0.0786 -0.6733 -0.7352
vn -0.0774 -0.6591 -0.7481
vn -0.0764 -0.6461 -0.7594
vn -0.0756 -0.6342 -0.7694
vn -0.0750 -0.6230 -0.7786
vn -0.0744 -0.6123 -0.7871
vn -0.0740 -0.6018 -0.7952
vn -0.0736 -0.5915 -0.8029
vn -0.0733 -0.5812 -0.8104
vn -0.0731 -0.5708 -0.8179
vn -0.1191 -0.5575 -0.8216
vn -0.1184 -0.5251 -0.8428
vn -0.1176 -0.4844 -0.8669
vn -0.1171 -0.4465 -0.8871
vn -0.1160 -0.3563 -0.9271
vn -0.1151 -0.2892 -0.9503
vn -0.0677 0.4674 -0.8815
vn -0.0691 0.4673 -0.8814
vn 0.0925 0.8782 0.4693
vn 0.1006 0.8135 0.5728
vn 0.1075 0.7091 0.6968
vn 0.1088 0.6673 0.7368
vn 0.1020 0.6478 0.7549
vn 0.1019 0.6284 0.7712
vn 0.1084 0.6195 0.7775
vn 0.1079 0.6118 0.7837
vn 0.1073 0.6056 0.7885
vn 0.1199 0.6914 0.7124
vn 0.1343 0.7907 0.5973
vn 0.1407 0.8348 0.5322
vn 0.1473 0.8794 0.4527
vn 0.1535 0.9210 0.3579
vn 0.1587 0.9556 0.2484
vn 0.1622 0.9785 0.1273
vn 0.1631 0.9845 0.0643
vn -0.1796 -0.9827 0.0446
vn -0.1795 -0.9836 0.0166
vn -0.1794 -0.9829 -0.0406
vn -0.1788 -0.9788 -0.0996
vn -0.1776 -0.9711 -0.1592
vn -0.1759 -0.9599 -0.2183
vn -0.1737 -0.9454 -0.2757
vn -0.1576 -0.8477 -0.5065
vn -0.1338 -0.7039 -0.6975
vn -0.1310 -0.6856 -0.7161
vn -0.1286 -0.6698 -0.7313
vn -0.1267 -0.6557 -0.7443
vn -0.1251 -0.6429 -0.7556
vn -0.1238 -0.6311 -0.7657
vn -0.1227 -0.6200 -0.7749
vn -0.1218 -0.6094 -0.7835
vn -0.1210 -0.5991 -0.7915
vn -0.1204 -0.5888 -0.7992
vn -0.1199 -0.5786 -0.8068
vn -0.1194 -0.5682 -0.8142
vn -0.1576 -0.5545 -0.8171
vn -0.1566 -0.5223 -0.8383
vn -0.1554 -0.4819 -0.8623
vn -0.1546 -0.4441 -0.8825
vn -0.1529 -0.3545 -0.9225
vn -0.1513 -0.2878 -0.9457
vn -0.0872 0.4666 -0.8801
vn -0.0884 0.4666 -0.8800
vn 0.1247 0.8751 0.4676
vn 0.1347 0.8101 0.5707
vn 0.1432 0.7059 0.6937
vn 0.1447 0.6642 0.7334
vn 0.1449 0.6501 0.7459
vn 0.1446 0.6210 0.7703
vn 0.1440 0.6167 0.7739
vn 0.1433 0.6090 0.7801
vn 0.1425 0.6029 0.7850
vn 0.1591 0.6871 0.7089
vn 0.1780 0.7851 0.5933
vn 0.1865 0.8284 0.5282
vn 0.1951 0.8719 0.4491
vn 0.2032 0.9126 0.3548
vn 0.2100 0.9462 0.2461
vn 0.2146 0.9685 0.1261
vn 0.2157 0.9744 0.0637
vn -0.2366 -0.9706 0.0441
vn -0.2366 -0.9715 0.0164
vn -0.2364 -0.9708 -0.0401
vn -0.2357 -0.9668 -0.0984
vn -0.2341 -0.9594 -0.1573
vn -0.2319 -0.9485 -0.2158
vn -0.2290 -0.9345 -0.2726
vn -0.2082 -0.8390 -0.5027
vn -0.1771 -0.6990 -0.6928
vn -0.1734 -0.6811 -0.7114
vn -0.1703 -0.6655 -0.7267
vn -0.1678 -0.6516 -0.7397
vn -0.1657 -0.6391 -0.7511
vn -0.1640 -0.6274 -0.7612
vn -0.1625 -0.6164 -0.7704
vn -0.1613 -0.6059 -0.7790
vn -0.1603 -0.5957 -0.7871
vn -0.1594 -0.5856 -0.7948
vn -0.1587 -0.5754 -0.8023
vn -0.1581 -0.5651 -0.8097
vn -0.1782 -0.5525 -0.8142
vn -0.1770 -0.5205 -0.8353
vn -0.1754 -0.4802 -0.8594
vn -0.1745 -0.4426 -0.8796
vn -0.1722 -0.3533 -0.9195
vn -0.1699 -0.2869 -0.9428
vn -0.0959 0.4663 -0.8794
vn -0.0960 0.4663 -0.8794
vn 0.1437 0.8728 0.4664
vn 0.1539 0.8075 0.5694
vn 0.1629 0.7036 0.6916
vn 0.1645 0.6621 0.7311
vn 0.1662 0.6421 0.7484
vn 0.1657 0.6228 0.7646
vn 0.1635 0.6148 0.7715
vn 0.1626 0.6072 0.7777
vn 0.1617 0.6011 0.7826
vn 0.1804 0.6841 0.7068
vn 0.2018 0.7813 0.5906
vn 0.2114 0.8240 0.5257
vn 0.2211 0.8669 0.4467
vn 0.2302 0.9069 0.3528
vn 0.2379 0.9400 0.2446
vn 0.2430 0.9619 0.1253
vn 0.2443 0.9676 0.0632
vn -0.2669 -0.9627 0.0437
vn -0.2670 -0.9636 0.0163
vn -0.2669 -0.9629 -0.0398
vn -0.2660 -0.9590 -0.0976
vn -0.2643 -0.9517 -0.1561
vn -0.2618 -0.9411 -0.2142
vn -0.2586 -0.9273 -0.2706
vn -0.2354 -0.8330 -0.5007
vn -0.2005 -0.6958 -0.6897
vn -0.1962 -0.6781 -0.7083
vn -0.1928 -0.6627 -0.7237
vn -0.1899 -0.6489 -0.7367
vn -0.1876 -0.6365 -0.7481
vn -0.1856 -0.6249 -0.7583
vn -0.1839 -0.6141 -0.7675
vn -0.1825 -0.6036 -0.7761
vn -0.1813 -0.5935 -0.7842
vn -0.1803 -0.5834 -0.7919
vn -0.1795 -0.5733 -0.7994
vn -0.1788 -0.5631 -0.8068
vn -0.1880 -0.5515 -0.8127
vn -0.1865 -0.5195 -0.8339
vn -0.1847 -0.4794 -0.8579
vn -0.1835 -0.4419 -0.8781
vn -0.1806 -0.3527 -0.9181
vn -0.1779 -0.2865 -0.9414
vn -0.0970 0.4662 -0.8793
vn -0.0971 0.4662 -0.8793
vn 0.1540 0.8714 0.4657
vn 0.1642 0.8062 0.5684
vn 0.1729 0.7024 0.6904
vn 0.1743 0.6610 0.7299
vn 0.1743 0.6384 0.7497
vn 0.1738 0.6240 0.7619
vn 0.1730 0.6138 0.7703
vn 0.1721 0.6062 0.7765
vn 0.1712 0.6001 0.7814
vn 0.1909 0.6826 0.7054
vn 0.2136 0.7793 0.5891
vn 0.2236 0.8217 0.5242
vn 0.2338 0.8643 0.4454
vn 0.2435 0.9039 0.3516
vn 0.2515 0.9367 0.2438
vn 0.2568 0.9584 0.1248
vn 0.2582 0.9640 0.0630
vn -0.2814 -0.9586 0.0435
vn -0.2815 -0.9594 0.0162
vn -0.2814 -0.9588 -0.0396
vn -0.2805 -0.9549 -0.0972
vn -0.2787 -0.9477 -0.1555
vn -0.2761 -0.9372 -0.2133
vn -0.2727 -0.9236 -0.2695
vn -0.2484 -0.8301 -0.4992
vn -0.2117 -0.6941 -0.6880
vn -0.2072 -0.6765 -0.7067
vn -0.2036 -0.6612 -0.7221
vn -0.2006 -0.6475 -0.7352
vn -0.1981 -0.6351 -0.7466
vn -0.1960 -0.6237 -0.7567
vn -0.1942 -0.6128 -0.7660
vn -0.1927 -0.6024 -0.7746
vn -0.1914 -0.5923 -0.7827
vn -0.1903 -0.5823 -0.7904
vn -0.1894 -0.5722 -0.7979
vn -0.1886 -0.5620 -0.8053
vn -0.1977 -0.5504 -0.8111
vn -0.1960 -0.5185 -0.8323
vn -0.1939 -0.4786 -0.8564
vn -0.1925 -0.4411 -0.8766
vn -0.1891 -0.3522 -0.9166
vn -0.1859 -0.2860 -0.9400
vn -0.0980 0.4662 -0.8792
vn -0.0981 0.4662 -0.8792
vn 0.1644 0.8700 0.4649
vn 0.1745 0.8047 0.5674
vn 0.1830 0.7011 0.6892
vn 0.1842 0.6598 0.7285
vn 0.1840 0.6372 0.7484
vn 0.1834 0.6229 0.7605
vn 0.1826 0.6127 0.7689
vn 0.1817 0.6051 0.7751
vn 0.1806 0.5991 0.7800
vn 0.2014 0.6811 0.7039
vn 0.2253 0.7772 0.5875
vn 0.2358 0.8193 0.5227
vn 0.2466 0.8615 0.4439
vn 0.2567 0.9007 0.3504
vn 0.2650 0.9332 0.2429
vn 0.2707 0.9546 0.1243
vn 0.2721 0.9602 0.0627
vn -0.2958 -0.9543 0.0433
vn -0.2959 -0.9551 0.0161
vn -0.2958 -0.9544 -0.0394
vn -0.2949 -0.9506 -0.0967
vn -0.2930 -0.9435 -0.1548
vn -0.2903 -0.9331 -0.2124
vn -0.2867 -0.9197 -0.2683
vn -0.2613 -0.8271 -0.4976
vn -0.2229 -0.6923 -0.6863
vn -0.2182 -0.6748 -0.7050
vn -0.2144 -0.6596 -0.7204
vn -0.2112 -0.6461 -0.7335
vn -0.2085 -0.6337 -0.7449
vn -0.2063 -0.6223 -0.7551
vn -0.2044 -0.6115 -0.7644
vn -0.2028 -0.6012 -0.7729
vn -0.2014 -0.5911 -0.7810
vn -0.2003 -0.5811 -0.7888
vn -0.1993 -0.5711 -0.7963
vn -0.1984 -0.5609 -0.8038
vn -0.2076 -0.5493 -0.8095
vn -0.2057 -0.5175 -0.8306
vn -0.2033 -0.4776 -0.8547
vn -0.2016 -0.4403 -0.8749
vn -0.1976 -0.3516 -0.9151
vn -0.1940 -0.2856 -0.9385
vn -0.0990 0.4661 -0.8792
vn -0.0991 0.4661 -0.8791
vn 0.1749 0.8684 0.4640
vn 0.1851 0.8032 0.5663
vn 0.1932 0.6997 0.6878
vn 0.1943 0.6585 0.7271
vn 0.1940 0.6360 0.7469
vn 0.1933 0.6217 0.7591
vn 0.1924 0.6116 0.7674
vn 0.1914 0.6040 0.7737
vn 0.1902 0.5980 0.7786
vn 0.2121 0.6795 0.7023
vn 0.2372 0.7749 0.5858
vn 0.2482 0.8167 0.5210
vn 0.2595 0.8585 0.4424
vn 0.2700 0.8973 0.3491
vn 0.2788 0.9294 0.2419
vn 0.2846 0.9506 0.1238
vn 0.2861 0.9562 0.0625
vn -0.3104 -0.9496 0.0431
vn -0.3105 -0.9504 0.0161
vn -0.3104 -0.9498 -0.0392
vn -0.3094 -0.9460 -0.0963
vn -0.3075 -0.9390 -0.1540
vn -0.3046 -0.9287 -0.2114
vn -0.3009 -0.9155 -0.2671
vn -0.2744 -0.8239 -0.4958
vn -0.2343 -0.6904 -0.6844
vn -0.2294 -0.6731 -0.7031
vn -0.2253 -0.6580 -0.7186
vn -0.2220 -0.6445 -0.7317
vn -0.2192 -0.6322 -0.7431
vn -0.2169 -0.6209 -0.7533
vn -0.2149 -0.6101 -0.7626
vn -0.2131 -0.5998 -0.7712
vn -0.2117 -0.5898 -0.7793
vn -0.2104 -0.5798 -0.7871
vn -0.2093 -0.5699 -0.7946
vn -0.2084 -0.5597 -0.8021
vn -0.2177 -0.5480 -0.8076
vn -0.2155 -0.5164 -0.8288
vn -0.2129 -0.4766 -0.8529
vn -0.2110 -0.4394 -0.8732
vn -0.2064 -0.3509 -0.9134
vn -0.2023 -0.2851 -0.9369
vn -0.1001 0.4661 -0.8791
vn -0.1002 0.4661 -0.8791
vn 0.1857 0.8666 0.4631
vn 0.1958 0.8015 0.5651
vn 0.2037 0.6982 0.6863
vn 0.2045 0.6571 0.7256
vn 0.2025 0.6378 0.7431
vn 0.2016 0.6188 0.7593
vn 0.2023 0.6103 0.7659
vn 0.2012 0.6028 0.7721
vn 0.2001 0.5968 0.7770
vn 0.2230 0.6778 0.7006
vn 0.2492 0.7725 0.5840
vn 0.2608 0.8139 0.5192
vn 0.2726 0.8553 0.4407
vn 0.2836 0.8937 0.3477
vn 0.2927 0.9254 0.2408
vn 0.2988 0.9463 0.1232
vn 0.3033 0.9527 0.0212
vn -0.3251 -0.9447 0.0429
vn -0.3252 -0.9455 0.0160
vn -0.3251 -0.9449 -0.0390
vn -0.3241 -0.9412 -0.0958
vn -0.3221 -0.9342 -0.1533
vn -0.3191 -0.9241 -0.2103
vn -0.3153 -0.9110 -0.2658
vn -0.2877 -0.8205 -0.4940
vn -0.2459 -0.6884 -0.6824
vn -0.2407 -0.6712 -0.7011
vn -0.2365 -0.6562 -0.7166
vn -0.2330 -0.6428 -0.7298
vn -0.2301 -0.6306 -0.7412
vn -0.2276 -0.6193 -0.7514
vn -0.2255 -0.6086 -0.7607
vn -0.2237 -0.5984 -0.7694
vn -0.2221 -0.5884 -0.7775
vn -0.2207 -0.5785 -0.7853
vn -0.2196 -0.5686 -0.7928
vn -0.2186 -0.5584 -0.8002
vn -0.2279 -0.5467 -0.8057
vn -0.2256 -0.5152 -0.8269
vn -0.2227 -0.4756 -0.8510
vn -0.2205 -0.4385 -0.8713
vn -0.2153 -0.3502 -0.9116
vn -0.2108 -0.2846 -0.9352
vn -0.1011 0.4660 -0.8790
vn -0.1013 0.4660 -0.8790
vn 0.1967 0.8647 0.4621
vn 0.2067 0.7996 0.5638
vn 0.2143 0.6966 0.6847
vn 0.2150 0.6556 0.7239
vn 0.2147 0.6417 0.7363
vn 0.2133 0.6132 0.7606
vn 0.2125 0.6090 0.7642
vn 0.2113 0.6015 0.7704
vn 0.2101 0.5955 0.7754
vn 0.2341 0.6760 0.6988
vn 0.2615 0.7699 0.5821
vn 0.2736 0.8109 0.5173
vn 0.2858 0.8518 0.4390
vn 0.2973 0.8898 0.3462
vn 0.3068 0.9211 0.2397
vn 0.3131 0.9418 0.1227
vn 0.3153 0.9490 0.0001
vn 0.3076 0.9495 -0.0618
vn 0.3149 0.9471 -0.0616
vn -0.3399 -0.9395 0.0426
vn -0.3401 -0.9403 0.0159
vn -0.3400 -0.9396 -0.0388
vn -0.3389 -0.9360 -0.0953
vn -0.3368 -0.9291 -0.1524
vn -0.3338 -0.9192 -0.2092
vn -0.3298 -0.9063 -0.2644
vn -0.3011 -0.8168 -0.4921
vn -0.2576 -0.6862 -0.6802
vn -0.2522 -0.6692 -0.6990
vn -0.2478 -0.6543 -0.7145
vn -0.2442 -0.6410 -0.7277
vn -0.2411 -0.6289 -0.7392
vn -0.2385 -0.6176 -0.7494
vn -0.2363 -0.6070 -0.7587
vn -0.2343 -0.5968 -0.7674
vn -0.2327 -0.5869 -0.7755
vn -0.2312 -0.5770 -0.7833
vn -0.2300 -0.5672 -0.7908
vn -0.2289 -0.5571 -0.7983
vn -0.2382 -0.5453 -0.8037
vn -0.2356 -0.5139 -0.8249
vn -0.2324 -0.4745 -0.8490
vn -0.2300 -0.4375 -0.8693
vn -0.2242 -0.3495 -0.9097
vn -0.2192 -0.2840 -0.9334
vn -0.1022 0.4660 -0.8789
vn -0.1024 0.4660 -0.8789
vn 0.2076 0.8628 0.4610
vn 0.2176 0.7977 0.5624
vn 0.2249 0.6949 0.6830
vn 0.2254 0.6540 0.7222
vn 0.2265 0.6342 0.7393
vn 0.2253 0.6153 0.7554
vn 0.2226 0.6076 0.7624
vn 0.2213 0.6001 0.7687
vn 0.2200 0.5942 0.7736
vn 0.2451 0.6740 0.6969
vn 0.2737 0.7672 0.5800
vn 0.2863 0.8078 0.5154
vn 0.2990 0.8483 0.4371
vn 0.3108 0.8858 0.3446
vn 0.3207 0.9166 0.2386
vn 0.3272 0.9370 0.1221
vn 0.3295 0.9441 0.0001
vn 0.3291 0.9423 -0.0613
vn -0.3545 -0.9341 0.0424
vn -0.3547 -0.9348 0.0158
vn -0.3546 -0.9342 -0.0386
vn -0.3535 -0.9306 -0.0947
vn -0.3514 -0.9239 -0.1516
vn -0.3482 -0.9140 -0.2080
vn -0.3441 -0.9013 -0.2630
vn -0.3144 -0.8130 -0.4901
vn -0.2693 -0.6840 -0.6780
vn -0.2637 -0.6670 -0.6968
vn -0.2591 -0.6523 -0.7123
vn -0.2553 -0.6391 -0.7255
vn -0.2521 -0.6271 -0.7371
vn -0.2494 -0.6159 -0.7473
vn -0.2470 -0.6054 -0.7567
vn -0.2450 -0.5952 -0.7653
vn -0.2432 -0.5853 -0.7734
vn -0.2417 -0.5755 -0.7812
vn -0.2404 -0.5657 -0.7888
vn -0.2392 -0.5557 -0.7963
vn -0.2446 -0.5444 -0.8024
vn -0.2419 -0.5131 -0.8236
vn -0.2385 -0.4737 -0.8478
vn -0.2359 -0.4368 -0.8681
vn -0.2298 -0.3489 -0.9085
vn -0.2244 -0.2837 -0.9323
vn -0.1030 0.4659 -0.8788
vn 0.2147 0.8614 0.4603
vn 0.2244 0.7965 0.5615
vn 0.2315 0.6938 0.6819
vn 0.2319 0.6530 0.7210
vn 0.2312 0.6308 0.7407
vn 0.2301 0.6166 0.7529
vn 0.2289 0.6067 0.7613
vn 0.2276 0.5992 0.7675
vn 0.2263 0.5933 0.7725
vn 0.2520 0.6726 0.6958
vn 0.2813 0.7654 0.5788
vn 0.2942 0.8057 0.5141
vn 0.3072 0.8459 0.4360
vn 0.3194 0.8831 0.3436
vn 0.3294 0.9137 0.2379
vn 0.3361 0.9339 0.1217
vn 0.3385 0.9410 0.0001
vn 0.3379 0.9392 -0.0611
vn -0.3636 -0.9306 0.0422
vn -0.3639 -0.9313 0.0157
vn -0.3637 -0.9307 -0.0384
vn -0.3626 -0.9271 -0.0944
vn -0.3605 -0.9205 -0.1510
vn -0.3572 -0.9107 -0.2073
vn -0.3531 -0.8981 -0.2621
vn -0.3228 -0.8104 -0.4890
vn -0.2766 -0.6825 -0.6765
vn -0.2709 -0.6656 -0.6954
vn -0.2662 -0.6509 -0.7109
vn -0.2623 -0.6378 -0.7242
vn -0.2590 -0.6259 -0.7357
vn -0.2562 -0.6148 -0.7460
vn -0.2537 -0.6043 -0.7553
vn -0.2517 -0.5942 -0.7640
vn -0.2499 -0.5843 -0.7721
vn -0.2483 -0.5745 -0.7799
vn -0.2469 -0.5647 -0.7875
vn -0.2457 -0.5547 -0.7949
vn -0.2459 -0.5442 -0.8021
vn -0.2432 -0.5129 -0.8233
vn -0.2398 -0.4736 -0.8475
vn -0.2372 -0.4367 -0.8678
vn -0.2310 -0.3488 -0.9083
vn -0.2254 -0.2836 -0.9321
vn -0.1031 0.4659 -0.8788
vn 0.2163 0.8611 0.4602
vn 0.2258 0.7962 0.5613
vn 0.2329 0.6936 0.6817
vn 0.2333 0.6528 0.7208
vn 0.2325 0.6306 0.7405
vn 0.2315 0.6164 0.7526
vn 0.2303 0.6065 0.7610
vn 0.2290 0.5990 0.7673
vn 0.2276 0.5931 0.7722
vn 0.2534 0.6723 0.6956
vn 0.2829 0.7650 0.5785
vn 0.2959 0.8052 0.5139
vn 0.3090 0.8454 0.4358
vn 0.3212 0.8826 0.3434
vn 0.3313 0.9131 0.2377
vn 0.3380 0.9333 0.1216
vn 0.3404 0.9403 0.0001
vn 0.3397 0.9385 -0.0611
vn -0.3655 -0.9299 0.0422
vn -0.3658 -0.9306 0.0157
vn -0.3657 -0.9299 -0.0384
vn -0.3646 -0.9264 -0.0943
vn -0.3624 -0.9197 -0.1509
vn -0.3592 -0.9100 -0.2071
vn -0.3550 -0.8974 -0.2619
vn -0.3246 -0.8098 -0.4888
vn -0.2782 -0.6822 -0.6762
vn -0.2724 -0.6653 -0.6951
vn -0.2677 -0.6507 -0.7106
vn -0.2637 -0.6376 -0.7239
vn -0.2604 -0.6256 -0.7354
vn -0.2576 -0.6145 -0.7457
vn -0.2552 -0.6040 -0.7550
vn -0.2531 -0.5939 -0.7637
vn -0.2513 -0.5841 -0.7718
vn -0.2497 -0.5743 -0.7796
vn -0.2483 -0.5645 -0.7872
vn -0.2470 -0.5545 -0.7946
vn 0.3090 0.8454 0.4357
vn -0.2470 -0.5545 -0.7947
vn -0.3652 -0.9291 0.0586
vn -0.2782 -0.6821 -0.6762
vn -0.2637 -0.6375 -0.7239
vn -0.1031 0.4660 -0.8788
vn 0.3397 0.9385 -0.0610
vn -0.3643 -0.9267 0.0922
vn -0.3650 -0.9286 0.0672
vn 0.3212 0.8825 0.3434
vn -0.3644 -0.9267 0.0922
vn -0.2399 -0.4736 -0.8475
vn -0.1032 0.4659 -0.8788
vn 0.2162 0.8611 0.4602
vn 0.2257 0.7962 0.5613
vn 0.2332 0.6527 0.7208
vn 0.2303 0.6064 0.7611
vn 0.2276 0.5931 0.7723
vn 0.2533 0.6722 0.6956
vn 0.2829 0.7651 0.5785
vn 0.2959 0.8052 0.5138
vn 0.3211 0.8826 0.3435
vn 0.3312 0.9131 0.2377
vn -0.3245 -0.8098 -0.4888
vn -0.2781 -0.6822 -0.6762
vn -0.2677 -0.6506 -0.7106
vn -0.2638 -0.6375 -0.7239
vn -0.2531 -0.5940 -0.7636
vn -0.2497 -0.5744 -0.7796
vn -0.2458 -0.5440 -0.8023
vn -0.4669 -0.3295 -0.8206
vn -0.3371 -0.3880 -0.8578
vn -0.1201 -0.4316 -0.8940
vn -0.1553 -0.3238 -0.9333
vn -0.1033 0.4659 -0.8788
vn 0.2161 0.8611 0.4602
vn 0.4238 0.6283 0.6524
vn 0.5905 0.2422 0.7698
vn 0.2332 0.6529 0.7207
vn 0.2325 0.6308 0.7403
vn 0.2315 0.6167 0.7524
vn 0.2303 0.6067 0.7608
vn 0.0071 0.2926 0.9562
vn 0.0510 0.2245 0.9731
vn 0.2498 0.6615 0.7071
vn 0.2060 0.5571 0.8045
vn 0.1961 0.6950 0.6917
vn 0.2488 0.8641 0.4375
vn 0.3207 0.8813 0.3470
vn 0.2002 0.9621 0.1850
vn 0.1601 0.9830 0.0902
vn 0.2341 0.9722 0.0108
vn -0.3650 -0.9285 0.0676
vn -0.3658 -0.9306 0.0158
vn -0.3657 -0.9299 -0.0386
vn -0.3645 -0.9263 -0.0949
vn -0.3623 -0.9196 -0.1519
vn -0.3591 -0.9097 -0.2084
vn -0.3548 -0.8971 -0.2634
vn -0.1143 -0.7158 -0.6889
vn -0.1668 -0.6120 -0.7730
vn -0.2309 -0.7156 -0.6592
vn -0.2674 -0.6497 -0.7116
vn -0.2635 -0.6367 -0.7247
vn -0.2603 -0.6249 -0.7361
vn -0.2574 -0.6139 -0.7463
vn -0.2551 -0.6035 -0.7555
vn -0.2530 -0.5935 -0.7640
vn -0.2512 -0.5837 -0.7721
vn -0.1753 -0.4247 -0.8882
vn -0.0444 -0.1493 -0.9878
vn -0.2469 -0.5542 -0.7949
vn 0.5936 -0.0000 0.8048
vn 0.3124 -0.0000 0.9499
vn 0.2146 -0.0000 0.9767
vn -0.7308 -0.0000 -0.6826
vn -0.3832 -0.3262 -0.8641
vn -0.0000 -0.4023 -0.9155
vn -0.0000 -0.2730 -0.9620
vn 0.5755 -0.5755 0.5810
vn 0.7674 -0.0000 0.6411
vn 0.7384 -0.3619 0.5690
vn 0.6332 -0.6332 0.4452
vn 0.9564 0.2921 -0.0000
vn 0.9347 0.3554 -0.0000
vn -0.0000 0.7577 0.6526
vn -0.1728 0.3437 0.9231
vn -0.3403 -0.6807 0.6487
vn 0.1000 -0.8000 -0.5916
vn 0.0615 0.7403 0.6694
vn -0.0051 0.6784 0.7347
vn 0.7694 -0.3762 -0.5163
vn 0.3571 0.8789 -0.3162
vn 0.7978 0.1766 -0.5765
vn 0.2688 -0.9556 -0.1204
vn -0.0467 0.9961 0.0743
vn -0.0229 0.9983 0.0532
vn -0.0000 0.9995 0.0329
vn 0.3551 -0.9337 0.0461
vn 0.7714 -0.6363 0.0073
vn 0.1895 -0.9813 0.0344
vn 0.7711 -0.6366 0.0073
vn 0.9997 -0.0000 -0.0232
vn -0.6696 0.6589 0.3428
vn -0.1390 0.9885 0.0593
vn -0.6805 0.6444 0.3487
vn -0.6946 0.5481 0.4659
vn -0.6887 0.5569 0.4644
vn -0.2611 0.9157 0.3055
vn 0.2667 -0.8985 -0.3487
vn 0.1677 -0.5650 -0.8079
vn -0.0320 -0.5115 -0.8587
vn -0.0549 -0.8784 -0.4747
vn -0.0898 -0.0000 0.9960
vn -0.1996 -0.0000 0.9799
vn -0.1108 -0.0000 0.9938
vn -0.8009 -0.5988 -0.0000
vn -0.5999 -0.8001 -0.0000
vn -0.1886 0.9821 -0.0000
vn -0.9813 0.1924 -0.0000
vn 0.2507 0.5014 -0.8281
vn 0.1386 0.0515 -0.9890
vn -0.6106 0.2089 0.7639
vn -0.7308 -0.0000 0.6826
vn -0.6565 0.1384 0.7415
vn -0.2341 0.1560 0.9596
vn -0.3034 0.2022 0.9312
vn 0.1040 -0.4161 -0.9033
vn 0.2136 -0.8545 -0.4736
vn 0.1448 -0.5793 -0.8021
vn 0.1026 0.2053 -0.9733
vn 0.3098 0.6195 -0.7212
vn 0.3786 0.7571 -0.5324
vn 0.4472 0.8944 -0.0000
vn -0.3900 -0.7799 0.4895
vn 0.3657 -0.4705 -0.8031
vn 0.3711 -0.7422 -0.5580
vn 0.3503 -0.3471 -0.8699
vn 0.2788 -0.0000 -0.9604
vn 0.8706 -0.0000 0.4920
vn 0.0441 0.9411 0.3353
vn -0.2087 -0.0520 0.9766
vn -0.1808 -0.9255 0.3330
vn 0.4046 -0.2117 -0.8897
vn 0.0078 0.9921 -0.1250
vn 0.1280 0.2182 -0.9675
vn -0.0138 -0.9474 -0.3197
vn -0.0144 -0.9973 -0.0721
vn -0.0137 -0.9973 -0.0723
vn -0.1245 -0.9917 -0.0327
vn 0.4052 -0.9001 0.1599
vn 0.7943 -0.6075 -0.0000
vn 0.2782 -0.9605 -0.0000
vn 0.8046 -0.5938 -0.0000
vn 0.7442 -0.6376 -0.1992
vn 0.1387 -0.9895 -0.0396
vn 0.7166 -0.6706 -0.1920
vn 0.6899 -0.6851 -0.2337
vn 0.5871 -0.4527 -0.6711
vn 0.1384 -0.9843 -0.1095
vn 0.4185 -0.4353 -0.7971
vn -0.5064 -0.0525 0.8607
vn -0.1601 -0.9761 0.1470
vn -0.5055 -0.0277 0.8624
vn -0.0897 0.9563 0.2783
vn 0.0217 0.3480 0.9373
vn 0.0566 0.9062 0.4190
vn -0.3404 0.2191 0.9144
vn -0.0783 -0.4179 0.9051
vn 0.5550 0.8318 -0.0000
vn 0.7370 -0.6759 -0.0000
vn 0.2425 -0.9701 -0.0000
vn 0.2487 0.3483 -0.9038
vn -0.0000 0.7715 -0.6363
vn 0.3557 0.0616 -0.9326
vn 0.4595 -0.4595 -0.7601
vn -0.0000 -0.2908 -0.9568
vn -0.0000 -0.5484 -0.8362
vn 0.2750 -0.0000 -0.9614
vn 0.3494 -0.0000 -0.9370
vn 0.8985 -0.0000 -0.4390
vn 0.9060 -0.0000 -0.4232
vn 0.8961 -0.0000 -0.4438
vn 0.8882 -0.0000 -0.4594
vn -0.7071 -0.7071 -0.0000
vn -0.4887 -0.4887 0.7228
vn -0.7038 -0.0000 0.7104
vn -0.0000 0.8746 0.4848
vn -0.9055 -0.0000 -0.4244
vn -0.4472 -0.8944 -0.0000
vn 0.1138 -0.0000 -0.9935
vn 0.2537 -0.0000 -0.9673
vn 0.0920 -0.0000 -0.9958
vn -0.2258 0.9634 0.1446
vn 0.2522 -0.0000 -0.9677
vn 0.1052 -0.6670 -0.7376
vn -0.0964 -0.9875 -0.1244
vn -0.7946 -0.0000 0.6071
vn 0.9681 -0.0000 -0.2506
vn 0.7380 0.5991 -0.3104
vn 0.9253 -0.0000 -0.3792
vn 0.5505 0.8007 -0.2362
vn -0.0236 -0.8896 -0.4561
vn -0.0242 0.8787 -0.4767
vn 0.6438 -0.7421 0.1866
vn 0.7155 -0.6674 0.2064
vn 0.9624 -0.0000 0.2717
vn 0.0351 -0.0000 -0.9994
vn 0.3323 -0.0000 -0.9432
vn 0.5109 -0.6601 -0.5506
vn 0.0852 -0.9917 -0.0962
vn -0.6873 -0.0000 0.7263
vn -0.4490 0.4502 0.7718
vn -0.3161 0.2463 0.9162
vn -0.1404 0.3207 0.9367
vn 0.2425 0.9701 -0.0000
vn -0.0000 -0.2640 -0.9645
vn -0.0000 -0.3243 -0.9460
vn -0.0000 -0.5625 -0.8268
vn -0.1942 0.5698 0.7985
vn -0.1908 0.7633 0.6172
vn -0.0504 -0.5837 0.8104
vn -0.3481 -0.0856 0.9335
vn -0.2585 -0.3257 0.9094
vn -0.4595 0.4595 0.7601
vn -0.1056 0.1035 0.9890
vn -0.0000 -0.5328 0.8463
vn -0.0971 0.0422 0.9944
vn -0.1624 0.6495 0.7428
vn -0.4382 -0.0000 0.8989
vn -0.3582 -0.0000 0.9336
vn 0.5439 0.5439 0.6390
vn 0.7460 0.3730 -0.5517
vn 0.7038 -0.0000 -0.7104
vn 0.4411 -0.2941 0.8479
vn -0.0000 -0.8470 0.5316
vn 0.1919 -0.6751 0.7123
vn 0.5538 -0.0000 0.8327
vn 0.1164 0.9316 0.3444
vn 0.1873 -0.9492 -0.2527
vn 0.3380 -0.9014 -0.2706
vn -0.0464 -0.8420 -0.5375
vn 0.0456 -0.9719 -0.2308
vn -0.2182 -0.8172 -0.5334
vn -0.1414 0.9003 0.4117
vn -0.1890 0.8642 0.4664
vn -0.1395 0.9016 0.4095
vn -0.0910 0.9315 0.3521
vn 0.0039 -1.0000 -0.0000
vn 0.1866 -0.9812 -0.0485
vn 0.9825 0.0080 -0.1859
vn 0.5584 -0.8295 -0.0128
vn -0.2681 -0.9629 0.0300
vn -0.4070 -0.9119 0.0540
vn -0.2870 -0.9573 0.0332
vn -0.7547 -0.6560 -0.0095
vn -0.7572 -0.6531 -0.0096
vn -0.6844 -0.0000 -0.7291
vn -0.5670 -0.5717 -0.5930
vn 0.5182 -0.0000 -0.8552
vn 0.5492 -0.0257 -0.8353
vn 0.8834 -0.0000 -0.4687
vn 0.2164 0.9698 -0.1128
vn 0.9018 -0.4321 -0.0000
vn 0.9706 -0.2406 -0.0000
vn -0.0257 0.8215 0.5697
vn -0.0222 0.8508 0.5251
vn -0.0072 0.8633 0.5046
vn -0.0769 0.7312 0.6778
vn -0.0729 0.7385 0.6703
vn -0.0773 0.7014 0.7085
vn -0.1739 0.7321 0.6586
vn -0.0000 0.8058 0.5922
vn -0.1762 0.7625 0.6225
vn 0.1457 -0.1943 -0.9701
vn 0.1371 -0.1828 -0.9736
vn 0.1507 -0.2010 -0.9679
vn 0.0831 -0.5826 -0.8085
vn 0.1241 -0.4808 -0.8680
vn -0.0000 -0.7747 0.6324
vn 0.3116 -0.0000 -0.9502
vn -0.1869 -0.0000 -0.9824
vn -0.3067 -0.0000 -0.9518
vn -0.1233 -0.0000 -0.9924
vn -0.8969 -0.0000 0.4422
vn -0.4231 -0.0000 0.9061
vn -0.5910 -0.0000 0.8067
vn -0.2119 -0.2119 0.9540
vn -0.2135 -0.2135 0.9533
vn 0.8552 0.2790 0.4368
vn 0.2342 -0.9369 0.2596
vn 0.5839 -0.6944 0.4205
vn 0.6781 0.6781 0.2833
vn -0.0000 0.8970 -0.4420
vn -0.7071 -0.0000 0.7071
vn -0.3872 -0.0000 -0.9220
vn -0.5021 -0.0000 -0.8648
vn -0.3755 -0.0000 -0.9268
vn -0.2537 -0.0000 -0.9673
vn -0.4384 -0.0000 0.8988
vn -0.2498 0.3005 0.9205
vn -0.2126 0.6447 0.7342
vn -0.8561 -0.5168 -0.0000
vn -0.7482 -0.6635 -0.0000
vn -0.2983 -0.9545 -0.0000
vn -0.5863 -0.0000 -0.8101
vn -0.1071 -0.6305 -0.7687
vn 0.6755 0.5204 -0.5224
vn 0.2446 -0.2253 -0.9431
vn 0.8189 0.5380 -0.1998
vn 0.7411 0.6434 -0.1915
vn 0.8452 0.5114 -0.1553
vn 0.9983 0.0406 0.0408
vn 0.1877 -0.9795 0.0726
vn -0.0195 0.9992 -0.0363
vn -0.0753 0.9954 -0.0590
vn -0.0076 0.9995 -0.0315
vn 0.0481 0.9988 -0.0087
vn 0.0706 -0.9967 -0.0399
vn 0.8765 0.1205 -0.4661
vn 0.1427 0.9870 -0.0736
vn 0.2742 -0.9617 -0.0000
vn 0.7278 -0.6858 -0.0000
vn 0.2798 0.9425 0.1829
vn 0.1627 -0.6966 -0.6988
vn 0.2655 -0.7079 -0.6545
vn 0.0094 -0.8181 -0.5750
vn 0.0985 -0.7130 -0.6942
vn -0.0448 -0.7693 -0.6373
vn -0.0510 -0.7739 -0.6313
vn -0.1578 -0.8416 -0.5165
vn -0.5300 -0.8480 -0.0000
vn -0.3737 0.7474 0.5493
vn -0.2313 0.7235 0.6503
vn -0.0609 0.5520 0.8316
vn -0.0562 0.5392 0.8403
vn -0.0000 0.3811 0.9245
vn -0.0000 -0.9245 -0.3812
vn 0.2914 -0.7010 -0.6509
vn -0.7747 -0.0000 -0.6324
vn -0.4472 0.8944 -0.0000
vn -0.0000 -0.4147 0.9100
vn -0.0000 -0.7952 0.6063
vn -0.0000 -0.4722 0.8815
vn -0.3693 -0.0000 0.9293
vn -0.3213 -0.0000 0.9470
vn -0.5971 -0.0000 0.8021
vn -0.4057 -0.4057 0.8190
vn -0.3340 -0.6680 -0.6650
vn -0.3589 -0.7177 -0.5967
vn -0.5451 -0.4258 -0.7222
vn -0.5183 -0.3835 -0.7644
vn -0.4482 -0.3497 -0.8227
vn -0.4807 -0.2812 -0.8306
vn -0.5795 -0.0000 -0.8150
vn 0.3283 -0.0000 -0.9446
vn 0.8470 -0.0000 -0.5316
vn 0.0889 -0.0000 -0.9960
vn -0.5538 -0.0000 -0.8327
vn -0.0270 0.2163 0.9759
vn -0.0748 0.8347 0.5455
vn -0.0585 0.9363 0.3462
vn 0.1456 -0.9320 -0.3320
vn 0.1178 -0.5900 -0.7987
vn 0.0434 -0.0000 -0.9991
vn -0.9049 -0.0000 0.4257
vn -0.8300 -0.0000 0.5577
vn -0.9419 -0.0000 0.3359
vn -0.9120 0.3753 0.1653
vn -0.8973 0.4109 0.1611
vn -0.9170 0.3975 -0.0347
vn -0.9174 0.3965 -0.0351
vn -0.9853 -0.0000 -0.1706
vn 0.9320 -0.0000 0.3624
vn 0.1441 -0.9896 -0.0000
vn -0.0955 0.6769 0.7299
vn -0.0961 0.6813 0.7257
vn -0.6776 0.6491 0.3456
vn -0.6741 0.6538 0.3437
vn -0.7518 0.5293 0.3932
vn -0.7483 0.5356 0.3914
vn -0.3062 0.9357 0.1755
vn -0.2954 0.9397 0.1720
vn -0.2150 0.9657 0.1455
vn -0.1441 -0.9225 -0.3580
vn -0.0601 -0.7777 -0.6258
vn -0.1289 -0.5179 -0.8457
vn -0.2414 -0.3842 -0.8911
vn 0.2253 -0.0000 0.9743
vn 0.5700 -0.6872 -0.4504
vn 0.5386 -0.7181 -0.4407
vn 0.5555 -0.7018 -0.4460
vn 0.6121 -0.6438 -0.4591
vn 0.6021 -0.6543 -0.4576
vn 0.4367 -0.7161 -0.5445
vn 0.4651 -0.7058 -0.5344
vn 0.2544 -0.7631 -0.5941
vn 0.7219 -0.6920 -0.0000
vn 0.8938 -0.4486 -0.0000
vn -0.0851 0.6258 0.7753
vn -0.0000 0.6287 0.7777
vn -0.0703 0.6266 0.7761
vn -0.0772 0.7042 0.7058
vn -0.0791 0.7023 0.7075
vn -0.0000 0.7747 0.6324
vn 0.5328 -0.0000 -0.8463
vn 0.2969 -0.0000 -0.9549
vn 0.3927 -0.0000 -0.9197
vn 0.6630 -0.0574 -0.7464
vn 0.6865 -0.1804 -0.7044
vn 0.6928 -0.2309 -0.6832
vn 0.8152 0.4076 -0.4114
vn -0.6698 -0.0000 -0.7425
vn 0.5866 0.2301 0.7765
vn 0.5795 -0.0000 0.8150
vn 0.0815 0.2505 0.9647
vn 0.4092 0.8185 0.4033
vn 0.0914 0.1828 0.9789
vn -0.2974 -0.0000 0.9547
vn -0.6231 -0.0000 0.7822
vn -0.1543 0.2712 0.9501
vn 0.1468 0.2936 0.9446
vn 0.1172 -0.4356 -0.8925
vn 0.1210 -0.0000 -0.9926
vn 0.0898 -0.1920 -0.9773
vn 0.1693 -0.6749 -0.7182
vn 0.1293 0.2049 -0.9702
vn 0.1905 -0.3741 -0.9076
vn 0.0299 0.9573 -0.2874
vn -0.0000 0.9729 0.2311
vn 0.3938 -0.0000 -0.9192
vn 0.5970 -0.0000 -0.8023
vn 0.2296 -0.4158 -0.8800
vn 0.2012 -0.0000 -0.9796
vn 0.1647 -0.6783 -0.7161
vn 0.1636 -0.6708 -0.7234
vn 0.1865 -0.9813 -0.0485
vn -0.0007 -1.0000 -0.0000
vn 0.2833 0.9574 -0.0567
vn -0.1445 0.9895 -0.0000
vn -0.3917 0.9201 -0.0061
vn 0.8961 -0.4438 -0.0000
vn -0.0722 -0.9889 -0.1298
vn -0.1459 -0.9832 -0.1093
vn -0.0742 -0.9888 -0.1293
vn -0.0000 -0.6683 -0.7439
vn -0.3758 -0.0000 -0.9267
vn -0.6770 -0.0000 -0.7359
vn -0.7415 0.3225 0.5883
vn -0.7096 0.5677 0.4172
vn -0.7403 0.2771 0.6125
vn -0.6938 -0.0000 0.7202
vn -0.3144 -0.0000 -0.9493
vn -0.1673 -0.0000 -0.9859
vn 0.5632 -0.0000 0.8263
vn 0.9092 -0.0000 0.4163
vn 0.3646 -0.7292 0.5791
vn -0.0000 -0.1616 -0.9869
vn -0.6707 -0.1489 0.7266
vn -0.7918 -0.3959 0.4651
vn -0.7363 -0.2605 0.6245
vn -0.5601 -0.0000 0.8284
vn 0.0924 0.8128 0.5752
vn 0.2136 0.8544 0.4736
vn 0.1235 0.8255 0.5508
vn -0.2018 0.6259 0.7533
vn -0.0820 0.7168 0.6925
vn -0.4440 0.1030 0.8901
vn -0.4092 -0.8185 0.4033
vn 0.3341 0.7534 0.5664
vn 0.0647 0.7829 0.6187
vn 0.1753 -0.7013 -0.6909
vn 0.2089 -0.8355 -0.5082
vn 0.1971 -0.7883 -0.5829
vn 0.2983 -0.9545 -0.0000
vn 0.7809 -0.0000 0.6247
vn 0.0074 -0.9409 -0.3385
vn -0.0054 -0.5585 -0.8295
vn -0.0155 -0.0000 -0.9999
vn 0.9686 -0.0000 0.2488
vn -0.9913 -0.0000 -0.1315
vn 0.2912 -0.9567 0.0008
vn 0.0725 -0.9973 0.0131
vn 0.2894 -0.9572 0.0009
vn 0.8498 -0.4998 -0.1675
vn 0.8434 -0.5117 -0.1639
vn 0.9619 -0.0000 -0.2735
vn -0.0000 0.9449 0.3275
vn -0.0000 0.9888 0.1490
vn -0.0000 0.9417 0.3363
vn 0.1920 0.4873 0.8518
vn 0.0951 0.6972 0.7105
vn 0.3202 -0.0000 0.9474
vn 0.1340 0.5447 0.8279
vn 0.2572 -0.3332 -0.9071
vn 0.2848 -0.6510 -0.7036
vn 0.2611 -0.3634 -0.8943
vn 0.4957 -0.0000 -0.8685
vn 0.4132 -0.0000 -0.9106
vn 0.4722 -0.3288 -0.8179
vn 0.5343 -0.2460 -0.8087
vn 0.1850 0.3281 -0.9263
vn 0.2693 -0.3379 -0.9018
vn 0.2197 0.2935 -0.9304
vn 0.2282 0.2654 -0.9367
vn -0.3639 -0.0000 -0.9314
vn 0.1291 -0.0000 -0.9916
vn -0.5179 -0.0000 -0.8555
vn -0.5174 -0.0000 -0.8558
vn -0.0000 0.7952 0.6063
vn -0.0000 -0.2433 -0.9700
vn -0.0000 -0.4719 -0.8817
vn 0.8893 0.2964 -0.3482
vn 0.2147 -0.2147 -0.9528
vn -0.4341 -0.8682 -0.2406
vn 0.1583 -0.5757 -0.8022
vn 0.2487 -0.4974 -0.8311
vn 0.0932 -0.6255 -0.7746
vn -0.2212 -0.6861 -0.6930
vn -0.1191 -0.6913 -0.7127
vn -0.2966 -0.0029 -0.9550
vn -0.2339 0.2808 -0.9308
vn -0.0000 0.8470 -0.5316
vn -0.3711 0.7422 0.5580
vn -0.1054 0.7747 0.6235
vn -0.1226 0.4762 0.8708
vn -0.1431 0.1949 0.9703
vn -0.3611 0.6045 0.7100
vn -0.1608 -0.3270 0.9313
vn -0.1438 0.9069 0.3959
vn -0.1176 0.5869 0.8011
vn -0.0731 0.9354 0.3459
vn -0.5236 -0.0000 -0.8520
vn -0.3844 -0.0000 -0.9232
vn -0.6500 -0.0000 -0.7600
vn -0.0759 0.9649 0.2515
vn -0.0565 0.9639 0.2601
vn -0.0558 0.8655 0.4979
vn -0.0943 0.9654 0.2433
vn 0.0563 0.8676 0.4940
vn -0.5944 -0.6709 -0.4433
vn -0.7916 -0.0000 -0.6110
vn -0.5968 -0.6676 -0.4452
vn -0.0933 -0.9944 -0.0492
vn -0.0960 -0.9951 -0.0246
vn -0.8690 -0.4396 -0.2271
vn -0.7141 -0.6745 -0.1873
vn -0.2101 0.9774 -0.0223
vn -0.2773 0.9594 -0.0504
vn -0.2090 0.9777 -0.0218
vn -0.1406 0.9900 0.0065
vn -0.1384 0.9843 0.1095
vn 0.2748 -0.9508 -0.1432
vn 0.4505 -0.7028 -0.5505
vn 0.4663 -0.4640 -0.7532
vn -0.0566 0.9062 0.4190
vn -0.0425 0.8224 0.5673
vn -0.0560 0.6860 0.7254
vn -0.0540 0.6908 0.7210
vn -0.2586 0.4673 0.8455
vn -0.4652 0.2144 0.8588
vn -0.4139 0.2712 0.8690
vn -0.3700 0.3252 0.8703
vn -0.1631 0.0128 0.9865
vn -0.1106 0.3461 0.9317
vn -0.0909 0.1532 0.9840
vn -0.2956 0.2956 0.9084
vn 0.2805 0.0523 0.9584
vn -0.1541 0.0249 0.9877
vn 0.1854 -0.3707 0.9100
vn 0.2175 -0.4349 0.8738
vn 0.2401 -0.2401 -0.9406
vn 0.1312 -0.1312 -0.9826
vn -0.0000 -0.3352 -0.9421
vn -0.0000 -0.3468 -0.9380
vn -0.0000 -0.4722 -0.8815
vn -0.0000 -0.4147 -0.9100
vn 0.4268 0.4268 0.7973
vn 0.7901 -0.0000 -0.6130
vn -0.0000 0.3202 0.9473
vn -0.0000 -0.3136 0.9496
vn 0.1888 -0.7551 -0.6278
vn 0.3786 0.7571 0.5324
vn 0.7123 -0.0000 0.7019
vn 0.9918 -0.1278 -0.0000
vn 0.1024 -0.8539 -0.5103
vn -0.0000 -0.7993 -0.6009
vn 0.2791 -0.6650 -0.6927
vn 0.2238 -0.8952 -0.3855
vn 0.4228 -0.1738 -0.8894
vn 0.1781 -0.7123 0.6789
vn 0.1442 -0.8112 0.5667
vn 0.1106 -0.8844 0.4534
vn -0.3571 -0.6063 0.7105
vn -0.1768 -0.9427 0.2830
vn -0.3720 -0.5481 0.7491
vn -0.4183 -0.0000 0.9083
vn -0.9448 -0.3276 -0.0000
vn 0.0926 -0.9879 0.1245
vn 0.4098 -0.2704 0.8712
vn 0.0012 0.9931 0.1171
vn 0.0004 0.9932 0.1161
vn -0.0677 0.9967 0.0439
vn -0.9671 -0.0000 -0.2543
vn -0.9304 -0.0000 -0.3664
vn -0.7215 -0.6922 -0.0152
vn -0.0000 -0.9997 0.0263
vn -0.6923 -0.7215 -0.0131
vn -0.7527 -0.6531 -0.0828
vn 0.3770 -0.7364 -0.5618
vn 0.4186 -0.6869 -0.5941
vn 0.6122 -0.5394 -0.5781
vn 0.4499 -0.7552 -0.4767
vn 0.3447 -0.7748 -0.5299
vn 0.1919 -0.8132 -0.5494
vn 0.1714 -0.7917 -0.5864
vn 0.1712 -0.7930 -0.5847
vn 0.1544 -0.5566 -0.8163
vn 0.1621 -0.6035 -0.7807
vn 0.1138 -0.5795 -0.8070
vn 0.1123 -0.5919 -0.7982
vn 0.5475 -0.2567 -0.7965
vn 0.3341 -0.4835 -0.8091
vn 0.5670 -0.4888 -0.6631
vn 0.1988 -0.3160 -0.9277
vn 0.2285 -0.9138 -0.3358
vn -0.0328 -0.5716 -0.8199
vn -0.0000 0.7891 0.6143
vn -0.3345 0.5341 0.7764
vn -0.6800 -0.0000 0.7332
vn -0.0232 0.3095 -0.9506
vn -0.1760 0.5970 -0.7827
vn 0.3860 -0.3860 -0.8379
vn 0.4249 -0.4249 -0.7993
vn -0.5880 0.4491 0.6728
vn -0.3432 0.6864 0.6412
vn -0.4961 0.5529 0.6695
vn -0.7024 0.2810 0.6540
vn -0.0000 0.4936 0.8697
vn 0.5393 0.2697 0.7978
vn 0.6639 0.3319 -0.6701
vn -0.1196 0.9568 0.2651
vn 0.3268 -0.4017 -0.8555
vn 0.5795 -0.0000 -0.8150
vn -0.0000 -0.7123 -0.7019
vn 0.7729 0.6345 -0.0000
vn 0.5021 -0.0000 -0.8648
vn 0.0891 -0.0000 -0.9960
vn 0.1361 -0.0000 -0.9907
vn 0.4222 -0.0000 -0.9065
vn 0.2908 0.7086 -0.6429
vn 0.4135 0.4992 -0.7614
vn -0.0000 0.9578 -0.2875
vn -0.3118 -0.9502 -0.0000
vn -0.8412 -0.5407 -0.0000
vn -0.2479 -0.6325 -0.7338
vn -0.3861 -0.0000 -0.9225
vn -0.1836 -0.6119 -0.7693
vn 0.0934 -0.9829 -0.1585
vn 0.4009 -0.8289 -0.3901
vn 0.2300 -0.9731 -0.0134
vn 0.2307 -0.9730 -0.0122
vn 0.2729 -0.9594 0.0711
vn 0.9807 -0.0000 0.1957
vn 0.9969 -0.0000 -0.0789
vn 0.9839 -0.0000 -0.1786
vn 0.3840 0.9068 -0.1739
vn 0.8745 0.4774 -0.0857
vn 0.9997 -0.0000 0.0231
vn -0.9619 -0.0000 0.2735
vn -0.2707 0.9627 -0.0000
vn -0.9115 0.4113 -0.0000
vn -0.3464 0.9381 -0.0000
vn -0.0000 -0.9939 -0.1105
vn -0.5054 0.3400 0.7931
vn -0.3691 0.8436 0.3900
vn -0.5200 0.0663 0.8516
vn -0.1093 -0.8745 0.4726
vn -0.4577 0.1490 0.8765
vn 0.4701 -0.7522 -0.4616
vn 0.3810 -0.4548 -0.8049
vn -0.0293 -0.0000 -0.9996
vn -0.1684 -0.2876 -0.9428
vn 0.2478 -0.3280 -0.9116
vn 0.3194 -0.2545 -0.9128
vn 0.0422 -0.0000 -0.9991
vn -0.5184 -0.0000 -0.8551
vn -0.0000 0.5622 0.8270
vn -0.0000 0.9258 0.3779
vn -0.4411 0.3234 0.8372
vn 0.1869 -0.0000 -0.9824
vn 0.9831 -0.0000 -0.1832
vn 0.2282 -0.5258 -0.8195
vn -0.0000 -0.6261 -0.7798
vn 0.3042 -0.4830 -0.8211
vn 0.2273 -0.3826 -0.8955
vn 0.3007 -0.3751 -0.8769
vn -0.0000 -0.3614 -0.9324
vn -0.0000 -0.3510 -0.9364
vn -0.0000 -0.3202 -0.9473
vn -0.7038 -0.0000 -0.7104
vn -0.2879 0.5731 0.7672
vn -0.8180 -0.0000 0.5752
vn -0.4483 0.1709 0.8774
vn -0.0000 0.7123 0.7019
vn -0.1185 0.2589 0.9586
vn 0.6070 0.7947 -0.0000
vn -0.5895 0.8077 -0.0000
vn -0.8443 0.5359 -0.0000
vn -0.1168 0.2335 0.9653
vn -0.2435 0.4870 0.8388
vn -0.1371 0.2741 0.9519
vn -0.1575 -0.0000 0.9875
vn -0.2960 -0.0000 0.9552
vn -0.1418 -0.0000 0.9899
vn 0.2223 0.9486 -0.2253
vn 0.5883 0.2218 0.7777
vn 0.1221 -0.9768 0.1757
vn 0.5922 -0.1668 0.7883
vn 0.1041 0.9868 0.1243
vn 0.5584 0.6341 -0.5350
vn 0.3326 -0.4845 -0.8091
vn -0.9852 -0.1714 0.0085
vn 0.0007 -0.9988 0.0494
vn -0.9999 -0.0156 0.0008
vn -0.1871 0.9811 -0.0485
vn 0.0019 0.9846 -0.1749
vn -0.0714 0.9923 -0.1008
vn -0.1435 0.9893 -0.0260
vn -0.4641 0.6760 0.5724
vn -0.0000 0.9939 0.1105
vn -0.4215 0.0680 0.9043
vn -0.6535 0.4130 0.6343
vn -0.6824 -0.0000 0.7310
vn -0.9343 -0.3565 -0.0000
vn -0.7051 -0.7091 -0.0000
vn -0.3511 -0.9363 -0.0000
vn -0.4435 0.7885 0.4261
vn -0.3701 0.6965 0.6148
vn -0.2144 0.5992 0.7713
vn -0.1887 0.6806 0.7080
vn 0.1241 0.6926 0.7106
vn -0.0045 0.8141 0.5808
vn 0.2778 0.7094 0.6478
vn 0.0053 0.6846 0.7289
vn -0.0902 0.6144 0.7838
vn -0.0787 0.6054 0.7920
vn -0.2516 0.1948 0.9480
vn -0.2645 0.0131 0.9643
vn -0.2509 -0.5018 0.8278
vn -0.2075 0.4239 0.8816
vn -0.3373 0.3930 0.8554
vn -0.5484 -0.0000 0.8362
vn 0.8278 -0.0000 -0.5611
vn 0.3192 -0.0000 -0.9477
vn 0.6060 -0.0000 -0.7955
vn -0.3826 0.2999 0.8739
vn -0.0000 0.7308 0.6826
vn -0.2228 0.5156 0.8273
vn -0.4044 -0.0000 0.9146
vn -0.1508 -0.0000 0.9886
vn -0.0000 0.7038 -0.7104
vn -0.2342 -0.9369 -0.2596
vn 0.9095 0.3585 0.2103
vn 0.9518 0.2230 0.2104
vn 0.9055 -0.0000 0.4244
vn -0.2106 -0.0000 0.9776
vn -0.3700 -0.0000 0.9290
vn 0.1716 -0.3217 -0.9312
vn -0.0000 -0.7577 -0.6526
vn 0.1077 -0.5124 -0.8520
vn 0.7638 0.3926 0.5123
vn 0.4492 0.6481 0.6149
vn 0.1424 -0.3384 -0.9302
vn 0.1651 -0.6604 -0.7325
vn 0.1451 -0.3682 -0.9183
vn 0.1035 -0.0000 -0.9946
vn -0.0656 -0.0000 0.9978
vn 0.3284 0.6530 -0.6825
vn 0.4771 -0.0000 -0.8788
vn 0.3167 0.6776 -0.6638
vn -0.1013 -0.9901 -0.0976
vn -0.0678 -0.6636 -0.7451
vn -0.0099 -0.0000 -1.0000
vn 0.9829 0.1841 -0.0000
vn 0.9899 0.1418 -0.0092
vn -0.0039 0.9982 0.0591
vn -0.9926 -0.1213 0.0087
vn -0.9876 -0.1568 0.0026
vn -0.8249 0.5585 0.0871
vn -0.3920 0.9200 0.0060
vn -0.8334 0.5455 0.0890
vn -0.6455 -0.0000 0.7637
vn -0.4344 -0.0000 0.9007
vn -0.7925 -0.0000 0.6098
vn -0.9879 -0.1514 -0.0340
vn -0.9882 -0.1471 -0.0423
vn 0.3406 0.3326 0.8794
vn 0.6076 -0.0000 0.7942
vn 0.3654 0.3073 0.8787
vn 0.0890 0.7487 0.6569
vn 0.0883 0.7466 0.6593
vn 0.1362 0.8716 0.4710
vn 0.1059 -0.8475 -0.5201
vn -0.1175 0.9403 0.3194
vn -0.1641 0.8668 0.4709
vn -0.1975 0.7899 0.5806
vn -0.8151 -0.3764 -0.4404
vn -0.7972 -0.3847 -0.4652
vn 0.1837 -0.4457 -0.8761
vn -0.0000 -0.8550 -0.5185
vn 0.1512 -0.5412 -0.8272
vn 0.2901 -0.0000 -0.9570
vn -0.5223 -0.0000 0.8528
vn -0.1478 0.4092 0.9004
vn 0.3646 0.7292 0.5791
vn -0.9452 -0.1707 -0.2783
vn -0.9434 -0.1858 -0.2746
vn -0.9488 -0.1941 -0.2491
vn -0.9470 -0.1557 -0.2811
vn -0.9492 -0.1393 -0.2822
vn -0.9538 -0.1029 -0.2821
vn -0.9614 0.0259 -0.2739
vn -0.9549 0.1391 -0.2623
vn 0.7992 0.5302 0.2833
vn 0.9239 0.2532 0.2867
vn 0.9144 0.2741 0.2977
vn 0.9185 0.2574 0.3000
vn 0.9202 0.2485 0.3025
vn 0.9207 0.2433 0.3051
vn 0.9206 0.2401 0.3080
vn 0.9453 0.2623 0.1937
vn 0.9495 0.2665 0.1656
vn 0.9533 0.2700 0.1352
vn 0.9565 0.2730 0.1030
vn 0.9589 0.2751 0.0693
vn 0.9604 0.2764 0.0348
vn -0.9702 -0.2411 0.0240
vn -0.9705 -0.2411 -0.0098
vn -0.9703 -0.2407 -0.0242
vn -0.9700 -0.2401 -0.0388
vn -0.9646 -0.2331 -0.1234
vn -0.9504 -0.2221 -0.2177
vn -0.9484 -0.2202 -0.2280
vn -0.9468 -0.2181 -0.2365
vn -0.9456 -0.2158 -0.2436
vn -0.9432 -0.2078 -0.2591
vn -0.9429 -0.2048 -0.2629
vn -0.9427 -0.2015 -0.2661
vn -0.9426 -0.1980 -0.2688
vn -0.9428 -0.1942 -0.2711
vn -0.9430 -0.1901 -0.2730
vn 0.9486 0.1945 0.2498
vn 0.9431 0.1863 0.2753
vn 0.9449 0.1712 0.2791
vn 0.9466 0.1562 0.2820
vn 0.9488 0.1398 0.2831
vn 0.9535 0.1033 0.2832
vn 0.9610 -0.0259 0.2752
vn 0.9544 -0.1399 0.2638
vn -0.9236 -0.2537 -0.2873
vn -0.7996 -0.5296 -0.2830
vn -0.8240 -0.4886 -0.2868
vn -0.9023 -0.3135 -0.2959
vn -0.9141 -0.2746 -0.2983
vn -0.9182 -0.2579 -0.3006
vn -0.9199 -0.2490 -0.3031
vn -0.9204 -0.2438 -0.3058
vn -0.9202 -0.2406 -0.3086
vn -0.9197 -0.2388 -0.3116
vn -0.9367 -0.2540 -0.2410
vn -0.9451 -0.2629 -0.1941
vn -0.9493 -0.2670 -0.1659
vn -0.9531 -0.2706 -0.1355
vn -0.9563 -0.2735 -0.1032
vn -0.9587 -0.2757 -0.0695
vn -0.9603 -0.2770 -0.0349
vn -0.9606 -0.2773 0.0180
vn 0.9701 0.2416 -0.0241
vn 0.9702 0.2417 -0.0173
vn 0.9703 0.2418 -0.0040
vn 0.9703 0.2416 0.0099
vn 0.9702 0.2413 0.0242
vn 0.9698 0.2407 0.0389
vn 0.9693 0.2399 0.0538
vn 0.9686 0.2389 0.0687
vn 0.9644 0.2337 0.1236
vn 0.9501 0.2227 0.2183
vn 0.9482 0.2208 0.2285
vn 0.9466 0.2186 0.2371
vn 0.9453 0.2164 0.2442
vn 0.9443 0.2139 0.2502
vn 0.9435 0.2112 0.2554
vn 0.9429 0.2083 0.2598
vn 0.9426 0.2053 0.2635
vn 0.9424 0.2020 0.2668
vn 0.9423 0.1985 0.2695
vn 0.9424 0.1947 0.2718
vn 0.9427 0.1907 0.2737
vt 0.000000 1.000000
vt 0.018868 1.000000
vt 0.018868 0.988095
vt 0.000000 0.011905
vt 0.018868 0.011905
vt 0.018868 0.000000
vt 0.000000 0.023810
vt 0.018868 0.023810
vt 0.000000 0.035714
vt 0.018868 0.035714
vt 0.000000 0.047619
vt 0.018868 0.047619
vt 0.000000 0.059524
vt 0.018868 0.059524
vt 0.000000 0.071429
vt 0.018868 0.071429
vt 0.000000 0.083333
vt 0.018868 0.083333
vt 0.000000 0.095238
vt 0.018868 0.095238
vt 0.000000 0.107143
vt 0.018868 0.107143
vt 0.000000 0.119048
vt 0.018868 0.119048
vt 0.000000 0.130952
vt 0.018868 0.130952
vt 0.000000 0.142857
vt 0.018868 0.142857
vt 0.000000 0.154762
vt 0.018868 0.154762
vt 0.000000 0.166667
vt 0.018868 0.166667
vt 0.000000 0.178571
vt 0.018868 0.178571
vt 0.000000 0.190476
vt 0.018868 0.190476
vt 0.000000 0.202381
vt 0.018868 0.202381
vt 0.000000 0.214286
vt 0.018868 0.214286
vt 0.000000 0.226190
vt 0.018868 0.226190
vt 0.000000 0.238095
vt 0.018868 0.238095
vt 0.000000 0.250000
vt 0.018868 0.250000
vt 0.000000 0.261905
vt 0.018868 0.261905
vt 0.000000 0.273810
vt 0.018868 0.273810
vt 0.000000 0.738095
vt 0.018868 0.738095
vt 0.018868 0.726190
vt 0.000000 0.726190
vt 0.000000 0.750000
vt 0.018868 0.750000
vt 0.000000 0.761905
vt 0.018868 0.761905
vt 0.000000 0.773810
vt 0.018868 0.773810
vt 0.000000 0.785714
vt 0.018868 0.785714
vt 0.000000 0.797619
vt 0.018868 0.797619
vt 0.000000 0.809524
vt 0.018868 0.809524
vt 0.000000 0.821429
vt 0.018868 0.821429
vt 0.000000 0.833333
vt 0.018868 0.833333
vt 0.000000 0.845238
vt 0.018868 0.845238
vt 0.000000 0.857143
vt 0.018868 0.857143
vt 0.000000 0.869048
vt 0.018868 0.869048
vt 0.000000 0.880952
vt 0.018868 0.880952
vt 0.000000 0.892857
vt 0.018868 0.892857
vt 0.000000 0.904762
vt 0.018868 0.904762
vt 0.000000 0.916667
vt 0.018868 0.916667
vt 0.000000 0.928571
vt 0.018868 0.928571
vt 0.000000 0.940476
vt 0.018868 0.940476
vt 0.000000 0.952381
vt 0.018868 0.952381
vt 0.000000 0.964286
vt 0.018868 0.964286
vt 0.000000 0.976190
vt 0.018868 0.976190
vt 0.000000 0.988095
vt 0.037736 1.000000
vt 0.037736 0.988095
vt 0.037736 0.011905
vt 0.037736 0.000000
vt 0.037736 0.023810
vt 0.037736 0.035714
vt 0.037736 0.047619
vt 0.037736 0.059524
vt 0.037736 0.071429
vt 0.037736 0.083333
vt 0.037736 0.095238
vt 0.037736 0.107143
vt 0.037736 0.119048
vt 0.037736 0.130952
vt 0.037736 0.142857
vt 0.037736 0.154762
vt 0.037736 0.166667
vt 0.037736 0.178571
vt 0.037736 0.190476
vt 0.037736 0.202381
vt 0.037736 0.214286
vt 0.037736 0.226190
vt 0.037736 0.238095
vt 0.037736 0.250000
vt 0.037736 0.261905
vt 0.037736 0.750000
vt 0.037736 0.738095
vt 0.037736 0.761905
vt 0.037736 0.773810
vt 0.037736 0.785714
vt 0.037736 0.797619
vt 0.037736 0.809524
vt 0.037736 0.821429
vt 0.037736 0.833333
vt 0.037736 0.845238
vt 0.037736 0.857143
vt 0.037736 0.869048
vt 0.037736 0.880952
vt 0.037736 0.892857
vt 0.037736 0.904762
vt 0.037736 0.916667
vt 0.037736 0.928571
vt 0.037736 0.940476
vt 0.037736 0.952381
vt 0.037736 0.964286
vt 0.037736 0.976190
vt 0.056604 1.000000
vt 0.056604 0.988095
vt 0.056604 0.011905
vt 0.056604 0.000000
vt 0.056604 0.023810
vt 0.056604 0.035714
vt 0.056604 0.047619
vt 0.056604 0.059524
vt 0.056604 0.071429
vt 0.056604 0.083333
vt 0.056604 0.095238
vt 0.056604 0.107143
vt 0.056604 0.119048
vt 0.056604 0.130952
vt 0.056604 0.142857
vt 0.056604 0.154762
vt 0.056604 0.166667
vt 0.056604 0.178571
vt 0.056604 0.190476
vt 0.056604 0.202381
vt 0.056604 0.214286
vt 0.056604 0.226190
vt 0.056604 0.238095
vt 0.056604 0.250000
vt 0.056604 0.261905
vt 0.056604 0.750000
vt 0.056604 0.738095
vt 0.056604 0.761905
vt 0.056604 0.773810
vt 0.056604 0.785714
vt 0.056604 0.797619
vt 0.056604 0.809524
vt 0.056604 0.821429
vt 0.056604 0.833333
vt 0.056604 0.845238
vt 0.056604 0.857143
vt 0.056604 0.869048
vt 0.056604 0.880952
vt 0.056604 0.892857
vt 0.056604 0.904762
vt 0.056604 0.916667
vt 0.056604 0.928571
vt 0.056604 0.940476
vt 0.056604 0.952381
vt 0.056604 0.964286
vt 0.056604 0.976190
vt 0.075472 1.000000
vt 0.075472 0.988095
vt 0.075472 0.011905
vt 0.075472 0.000000
vt 0.075472 0.023810
vt 0.075472 0.035714
vt 0.075472 0.047619
vt 0.075472 0.059524
vt 0.075472 0.071429
vt 0.075472 0.083333
vt 0.075472 0.095238
vt 0.075472 0.107143
vt 0.075472 0.119048
vt 0.075472 0.130952
vt 0.075472 0.142857
vt 0.075472 0.154762
vt 0.075472 0.166667
vt 0.075472 0.178571
vt 0.075472 0.190476
vt 0.075472 0.202381
vt 0.075472 0.214286
vt 0.075472 0.226190
vt 0.075472 0.238095
vt 0.075472 0.250000
vt 0.075472 0.261905
vt 0.075472 0.761905
vt 0.075472 0.750000
vt 0.075472 0.773810
vt 0.075472 0.785714
vt 0.075472 0.797619
vt 0.075472 0.809524
vt 0.075472 0.821429
vt 0.075472 0.833333
vt 0.075472 0.845238
vt 0.075472 0.857143
vt 0.075472 0.869048
vt 0.075472 0.880952
vt 0.075472 0.892857
vt 0.075472 0.904762
vt 0.075472 0.916667
vt 0.075472 0.928571
vt 0.075472 0.940476
vt 0.075472 0.952381
vt 0.075472 0.964286
vt 0.075472 0.976190
vt 0.094340 1.000000
vt 0.094340 0.988095
vt 0.094340 0.011905
vt 0.094340 0.000000
vt 0.094340 0.023810
vt 0.094340 0.035714
vt 0.094340 0.047619
vt 0.094340 0.059524
vt 0.094340 0.071429
vt 0.094340 0.083333
vt 0.094340 0.095238
vt 0.094340 0.107143
vt 0.094340 0.119048
vt 0.094340 0.130952
vt 0.094340 0.142857
vt 0.094340 0.154762
vt 0.094340 0.166667
vt 0.094340 0.178571
vt 0.094340 0.190476
vt 0.094340 0.202381
vt 0.094340 0.214286
vt 0.094340 0.226190
vt 0.094340 0.238095
vt 0.094340 0.250000
vt 0.094340 0.261905
vt 0.094340 0.761905
vt 0.094340 0.750000
vt 0.094340 0.773810
vt 0.094340 0.785714
vt 0.094340 0.797619
vt 0.094340 0.809524
vt 0.094340 0.821429
vt 0.094340 0.833333
vt 0.094340 0.845238
vt 0.094340 0.857143
vt 0.094340 0.869048
vt 0.094340 0.880952
vt 0.094340 0.892857
vt 0.094340 0.904762
vt 0.094340 0.916667
vt 0.094340 0.928571
vt 0.094340 0.940476
vt 0.094340 0.952381
vt 0.094340 0.964286
vt 0.094340 0.976190
vt 0.113208 1.000000
vt 0.113208 0.988095
vt 0.113208 0.011905
vt 0.113208 0.000000
vt 0.113208 0.023810
vt 0.113208 0.035714
vt 0.113208 0.047619
vt 0.113208 0.059524
vt 0.113208 0.071429
vt 0.113208 0.083333
vt 0.113208 0.095238
vt 0.113208 0.107143
vt 0.113208 0.119048
vt 0.113208 0.130952
vt 0.113208 0.142857
vt 0.113208 0.154762
vt 0.113208 0.166667
vt 0.113208 0.178571
vt 0.113208 0.190476
vt 0.113208 0.202381
vt 0.113208 0.214286
vt 0.113208 0.226190
vt 0.113208 0.238095
vt 0.113208 0.250000
vt 0.113208 0.761905
vt 0.113208 0.750000
vt 0.113208 0.773810
vt 0.113208 0.785714
vt 0.113208 0.797619
vt 0.113208 0.809524
vt 0.113208 0.821429
vt 0.113208 0.833333
vt 0.113208 0.845238
vt 0.113208 0.857143
vt 0.113208 0.869048
vt 0.113208 0.880952
vt 0.113208 0.892857
vt 0.113208 0.904762
vt 0.113208 0.916667
vt 0.113208 0.928571
vt 0.113208 0.940476
vt 0.113208 0.952381
vt 0.113208 0.964286
vt 0.113208 0.976190
vt 0.132075 1.000000
vt 0.132075 0.988095
vt 0.132075 0.011905
vt 0.132075 0.000000
vt 0.132075 0.023810
vt 0.132075 0.035714
vt 0.132075 0.047619
vt 0.132075 0.059524
vt 0.132075 0.071429
vt 0.132075 0.083333
vt 0.132075 0.095238
vt 0.132075 0.107143
vt 0.132075 0.119048
vt 0.132075 0.130952
vt 0.132075 0.142857
vt 0.132075 0.154762
vt 0.132075 0.166667
vt 0.132075 0.178571
vt 0.132075 0.190476
vt 0.132075 0.202381
vt 0.132075 0.214286
vt 0.132075 0.226190
vt 0.132075 0.238095
vt 0.132075 0.250000
vt 0.132075 0.761905
vt 0.132075 0.750000
vt 0.132075 0.773810
vt 0.132075 0.785714
vt 0.132075 0.797619
vt 0.132075 0.809524
vt 0.132075 0.821429
vt 0.132075 0.833333
vt 0.132075 0.845238
vt 0.132075 0.857143
vt 0.132075 0.869048
vt 0.132075 0.880952
vt 0.132075 0.892857
vt 0.132075 0.904762
vt 0.132075 0.916667
vt 0.132075 0.928571
vt 0.132075 0.940476
vt 0.132075 0.952381
vt 0.132075 0.964286
vt 0.132075 0.976190
vt 0.150943 1.000000
vt 0.150943 0.988095
vt 0.150943 0.011905
vt 0.150943 0.000000
vt 0.150943 0.023810
vt 0.150943 0.035714
vt 0.150943 0.047619
vt 0.150943 0.059524
vt 0.150943 0.071429
vt 0.150943 0.083333
vt 0.150943 0.095238
vt 0.150943 0.107143
vt 0.150943 0.119048
vt 0.150943 0.130952
vt 0.150943 0.142857
vt 0.150943 0.154762
vt 0.150943 0.166667
vt 0.150943 0.178571
vt 0.150943 0.190476
vt 0.150943 0.202381
vt 0.150943 0.214286
vt 0.150943 0.226190
vt 0.150943 0.238095
vt 0.150943 0.250000
vt 0.150943 0.761905
vt 0.150943 0.750000
vt 0.150943 0.773810
vt 0.150943 0.785714
vt 0.150943 0.797619
vt 0.150943 0.809524
vt 0.150943 0.821429
vt 0.150943 0.833333
vt 0.150943 0.845238
vt 0.150943 0.857143
vt 0.150943 0.869048
vt 0.150943 0.880952
vt 0.150943 0.892857
vt 0.150943 0.904762
vt 0.150943 0.916667
vt 0.150943 0.928571
vt 0.150943 0.940476
vt 0.150943 0.952381
vt 0.150943 0.964286
vt 0.150943 0.976190
vt 0.169811 1.000000
vt 0.169811 0.988095
vt 0.169811 0.011905
vt 0.169811 0.000000
vt 0.169811 0.023810
vt 0.169811 0.035714
vt 0.169811 0.047619
vt 0.169811 0.059524
vt 0.169811 0.071429
vt 0.169811 0.083333
vt 0.169811 0.095238
vt 0.169811 0.107143
vt 0.188679 0.119048
vt 0.188679 0.107143
vt 0.169811 0.130952
vt 0.169811 0.119048
vt 0.169811 0.142857
vt 0.169811 0.154762
vt 0.169811 0.166667
vt 0.169811 0.178571
vt 0.169811 0.190476
vt 0.169811 0.202381
vt 0.169811 0.214286
vt 0.169811 0.226190
vt 0.169811 0.238095
vt 0.169811 0.250000
vt 0.169811 0.761905
vt 0.169811 0.750000
vt 0.169811 0.773810
vt 0.169811 0.785714
vt 0.169811 0.797619
vt 0.169811 0.809524
vt 0.169811 0.821429
vt 0.169811 0.833333
vt 0.169811 0.845238
vt 0.169811 0.857143
vt 0.169811 0.869048
vt 0.169811 0.880952
vt 0.169811 0.892857
vt 0.169811 0.904762
vt 0.169811 0.916667
vt 0.169811 0.928571
vt 0.169811 0.940476
vt 0.169811 0.952381
vt 0.169811 0.964286
vt 0.169811 0.976190
vt 0.188679 1.000000
vt 0.188679 0.988095
vt 0.188679 0.011905
vt 0.188679 0.000000
vt 0.188679 0.023810
vt 0.188679 0.035714
vt 0.188679 0.047619
vt 0.188679 0.059524
vt 0.188679 0.071429
vt 0.188679 0.083333
vt 0.188679 0.095238
vt 0.188679 0.130952
vt 0.188679 0.142857
vt 0.188679 0.154762
vt 0.188679 0.166667
vt 0.188679 0.178571
vt 0.188679 0.190476
vt 0.188679 0.202381
vt 0.188679 0.214286
vt 0.188679 0.226190
vt 0.188679 0.238095
vt 0.188679 0.250000
vt 0.188679 0.761905
vt 0.188679 0.750000
vt 0.188679 0.773810
vt 0.188679 0.785714
vt 0.188679 0.797619
vt 0.188679 0.809524
vt 0.188679 0.821429
vt 0.188679 0.833333
vt 0.188679 0.845238
vt 0.188679 0.857143
vt 0.188679 0.869048
vt 0.188679 0.880952
vt 0.188679 0.892857
vt 0.188679 0.904762
vt 0.188679 0.916667
vt 0.188679 0.928571
vt 0.188679 0.940476
vt 0.188679 0.952381
vt 0.188679 0.964286
vt 0.188679 0.976190
vt 0.207547 1.000000
vt 0.207547 0.988095
vt 0.207547 0.011905
vt 0.207547 0.000000
vt 0.207547 0.023810
vt 0.207547 0.035714
vt 0.207547 0.047619
vt 0.207547 0.059524
vt 0.207547 0.071429
vt 0.207547 0.083333
vt 0.207547 0.095238
vt 0.207547 0.107143
vt 0.207547 0.119048
vt 0.207547 0.130952
vt 0.207547 0.142857
vt 0.207547 0.154762
vt 0.207547 0.166667
vt 0.207547 0.178571
vt 0.207547 0.190476
vt 0.207547 0.202381
vt 0.207547 0.214286
vt 0.207547 0.226190
vt 0.207547 0.238095
vt 0.207547 0.250000
vt 0.207547 0.761905
vt 0.207547 0.750000
vt 0.207547 0.773810
vt 0.207547 0.785714
vt 0.207547 0.797619
vt 0.207547 0.809524
vt 0.207547 0.821429
vt 0.207547 0.833333
vt 0.207547 0.845238
vt 0.207547 0.857143
vt 0.207547 0.869048
vt 0.207547 0.880952
vt 0.207547 0.892857
vt 0.207547 0.904762
vt 0.207547 0.916667
vt 0.207547 0.928571
vt 0.207547 0.940476
vt 0.207547 0.952381
vt 0.207547 0.964286
vt 0.207547 0.976190
vt 0.226415 1.000000
vt 0.226415 0.988095
vt 0.226415 0.011905
vt 0.226415 0.000000
vt 0.226415 0.023810
vt 0.226415 0.035714
vt 0.226415 0.047619
vt 0.226415 0.059524
vt 0.226415 0.071429
vt 0.226415 0.083333
vt 0.226415 0.095238
vt 0.226415 0.107143
vt 0.226415 0.119048
vt 0.226415 0.130952
vt 0.226415 0.142857
vt 0.226415 0.154762
vt 0.226415 0.166667
vt 0.226415 0.178571
vt 0.226415 0.190476
vt 0.226415 0.202381
vt 0.226415 0.214286
vt 0.226415 0.226190
vt 0.226415 0.238095
vt 0.226415 0.250000
vt 0.226415 0.761905
vt 0.226415 0.750000
vt 0.226415 0.773810
vt 0.226415 0.785714
vt 0.226415 0.797619
vt 0.226415 0.809524
vt 0.226415 0.821429
vt 0.226415 0.833333
vt 0.226415 0.845238
vt 0.226415 0.857143
vt 0.226415 0.869048
vt 0.226415 0.880952
vt 0.226415 0.892857
vt 0.226415 0.904762
vt 0.226415 0.916667
vt 0.226415 0.928571
vt 0.226415 0.940476
vt 0.226415 0.952381
vt 0.226415 0.964286
vt 0.226415 0.976190
vt 0.245283 1.000000
vt 0.245283 0.988095
vt 0.245283 0.011905
vt 0.245283 0.000000
vt 0.245283 0.023810
vt 0.245283 0.035714
vt 0.245283 0.047619
vt 0.245283 0.059524
vt 0.245283 0.071429
vt 0.245283 0.083333
vt 0.245283 0.095238
vt 0.245283 0.107143
vt 0.245283 0.119048
vt 0.245283 0.130952
vt 0.245283 0.142857
vt 0.245283 0.154762
vt 0.245283 0.166667
vt 0.245283 0.178571
vt 0.245283 0.190476
vt 0.245283 0.202381
vt 0.245283 0.214286
vt 0.245283 0.226190
vt 0.245283 0.238095
vt 0.245283 0.250000
vt 0.245283 0.761905
vt 0.245283 0.750000
vt 0.245283 0.773810
vt 0.245283 0.785714
vt 0.245283 0.797619
vt 0.245283 0.809524
vt 0.245283 0.821429
vt 0.245283 0.833333
vt 0.245283 0.845238
vt 0.245283 0.857143
vt 0.245283 0.869048
vt 0.245283 0.880952
vt 0.245283 0.892857
vt 0.245283 0.904762
vt 0.245283 0.916667
vt 0.245283 0.928571
vt 0.245283 0.940476
vt 0.245283 0.952381
vt 0.245283 0.964286
vt 0.245283 0.976190
vt 0.264151 1.000000
vt 0.264151 0.988095
vt 0.264151 0.011905
vt 0.264151 0.000000
vt 0.264151 0.023810
vt 0.264151 0.035714
vt 0.264151 0.047619
vt 0.264151 0.059524
vt 0.264151 0.071429
vt 0.264151 0.083333
vt 0.264151 0.095238
vt 0.264151 0.107143
vt 0.264151 0.119048
vt 0.264151 0.130952
vt 0.264151 0.142857
vt 0.264151 0.154762
vt 0.264151 0.166667
vt 0.264151 0.178571
vt 0.264151 0.190476
vt 0.264151 0.202381
vt 0.264151 0.214286
vt 0.264151 0.226190
vt 0.264151 0.238095
vt 0.264151 0.250000
vt 0.264151 0.761905
vt 0.264151 0.750000
vt 0.264151 0.773810
vt 0.264151 0.785714
vt 0.264151 0.797619
vt 0.264151 0.809524
vt 0.264151 0.821429
vt 0.264151 0.833333
vt 0.264151 0.845238
vt 0.264151 0.857143
vt 0.264151 0.869048
vt 0.264151 0.880952
vt 0.264151 0.892857
vt 0.264151 0.904762
vt 0.264151 0.916667
vt 0.264151 0.928571
vt 0.264151 0.940476
vt 0.264151 0.952381
vt 0.264151 0.964286
vt 0.264151 0.976190
vt 0.283019 1.000000
vt 0.283019 0.988095
vt 0.283019 0.011905
vt 0.283019 0.000000
vt 0.283019 0.023810
vt 0.283019 0.035714
vt 0.283019 0.047619
vt 0.283019 0.059524
vt 0.283019 0.071429
vt 0.283019 0.083333
vt 0.283019 0.095238
vt 0.283019 0.107143
vt 0.301887 0.107143
vt 0.283019 0.130952
vt 0.283019 0.119048
vt 0.283019 0.142857
vt 0.283019 0.154762
vt 0.283019 0.166667
vt 0.283019 0.178571
vt 0.283019 0.190476
vt 0.283019 0.202381
vt 0.283019 0.214286
vt 0.283019 0.226190
vt 0.283019 0.238095
vt 0.283019 0.250000
vt 0.283019 0.761905
vt 0.283019 0.750000
vt 0.283019 0.773810
vt 0.283019 0.785714
vt 0.283019 0.797619
vt 0.283019 0.809524
vt 0.283019 0.821429
vt 0.283019 0.833333
vt 0.283019 0.845238
vt 0.283019 0.857143
vt 0.283019 0.869048
vt 0.283019 0.880952
vt 0.283019 0.892857
vt 0.283019 0.904762
vt 0.283019 0.916667
vt 0.283019 0.928571
vt 0.283019 0.940476
vt 0.283019 0.952381
vt 0.283019 0.964286
vt 0.283019 0.976190
vt 0.301887 1.000000
vt 0.301887 0.988095
vt 0.301887 0.011905
vt 0.301887 0.000000
vt 0.301887 0.023810
vt 0.301887 0.035714
vt 0.301887 0.047619
vt 0.301887 0.059524
vt 0.301887 0.071429
vt 0.301887 0.083333
vt 0.301887 0.095238
vt 0.301887 0.119048
vt 0.301887 0.130952
vt 0.301887 0.142857
vt 0.301887 0.154762
vt 0.301887 0.166667
vt 0.301887 0.178571
vt 0.301887 0.190476
vt 0.301887 0.202381
vt 0.301887 0.214286
vt 0.301887 0.226190
vt 0.301887 0.238095
vt 0.301887 0.250000
vt 0.301887 0.761905
vt 0.301887 0.750000
vt 0.301887 0.773810
vt 0.301887 0.785714
vt 0.301887 0.797619
vt 0.301887 0.809524
vt 0.301887 0.821429
vt 0.301887 0.833333
vt 0.301887 0.845238
vt 0.301887 0.857143
vt 0.301887 0.869048
vt 0.301887 0.880952
vt 0.301887 0.892857
vt 0.301887 0.904762
vt 0.301887 0.916667
vt 0.301887 0.928571
vt 0.301887 0.940476
vt 0.301887 0.952381
vt 0.301887 0.964286
vt 0.301887 0.976190
vt 0.320755 1.000000
vt 0.320755 0.988095
vt 0.320755 0.011905
vt 0.320755 0.000000
vt 0.320755 0.023810
vt 0.320755 0.035714
vt 0.320755 0.047619
vt 0.320755 0.059524
vt 0.320755 0.071429
vt 0.320755 0.083333
vt 0.320755 0.095238
vt 0.320755 0.107143
vt 0.320755 0.119048
vt 0.320755 0.130952
vt 0.320755 0.142857
vt 0.320755 0.154762
vt 0.320755 0.166667
vt 0.320755 0.178571
vt 0.320755 0.190476
vt 0.320755 0.202381
vt 0.320755 0.214286
vt 0.320755 0.226190
vt 0.320755 0.238095
vt 0.320755 0.250000
vt 0.320755 0.761905
vt 0.320755 0.750000
vt 0.320755 0.773810
vt 0.320755 0.785714
vt 0.320755 0.797619
vt 0.320755 0.809524
vt 0.320755 0.821429
vt 0.320755 0.833333
vt 0.320755 0.845238
vt 0.320755 0.857143
vt 0.320755 0.869048
vt 0.320755 0.880952
vt 0.320755 0.892857
vt 0.320755 0.904762
vt 0.320755 0.916667
vt 0.320755 0.928571
vt 0.320755 0.940476
vt 0.320755 0.952381
vt 0.320755 0.964286
vt 0.320755 0.976190
vt 0.339623 1.000000
vt 0.339623 0.988095
vt 0.339623 0.011905
vt 0.339623 0.000000
vt 0.339623 0.023810
vt 0.339623 0.035714
vt 0.339623 0.047619
vt 0.339623 0.059524
vt 0.339623 0.071429
vt 0.339623 0.083333
vt 0.339623 0.095238
vt 0.339623 0.107143
vt 0.339623 0.119048
vt 0.339623 0.130952
vt 0.339623 0.142857
vt 0.339623 0.154762
vt 0.339623 0.166667
vt 0.339623 0.178571
vt 0.339623 0.190476
vt 0.339623 0.202381
vt 0.339623 0.214286
vt 0.339623 0.226190
vt 0.339623 0.238095
vt 0.339623 0.250000
vt 0.339623 0.761905
vt 0.339623 0.750000
vt 0.339623 0.773810
vt 0.339623 0.785714
vt 0.339623 0.797619
vt 0.339623 0.809524
vt 0.339623 0.821429
vt 0.339623 0.833333
vt 0.339623 0.845238
vt 0.339623 0.857143
vt 0.339623 0.869048
vt 0.339623 0.880952
vt 0.339623 0.892857
vt 0.339623 0.904762
vt 0.339623 0.916667
vt 0.339623 0.928571
vt 0.339623 0.940476
vt 0.339623 0.952381
vt 0.339623 0.964286
vt 0.339623 0.976190
vt 0.358491 1.000000
vt 0.358491 0.988095
vt 0.358491 0.011905
vt 0.358491 0.000000
vt 0.358491 0.023810
vt 0.358491 0.035714
vt 0.358491 0.047619
vt 0.358491 0.059524
vt 0.358491 0.071429
vt 0.358491 0.083333
vt 0.358491 0.095238
vt 0.358491 0.107143
vt 0.358491 0.119048
vt 0.358491 0.130952
vt 0.358491 0.142857
vt 0.358491 0.154762
vt 0.358491 0.166667
vt 0.358491 0.178571
vt 0.358491 0.190476
vt 0.358491 0.202381
vt 0.358491 0.214286
vt 0.358491 0.226190
vt 0.358491 0.238095
vt 0.358491 0.250000
vt 0.358491 0.761905
vt 0.358491 0.750000
vt 0.358491 0.773810
vt 0.358491 0.785714
vt 0.358491 0.797619
vt 0.358491 0.809524
vt 0.358491 0.821429
vt 0.358491 0.833333
vt 0.358491 0.845238
vt 0.358491 0.857143
vt 0.358491 0.869048
vt 0.358491 0.880952
vt 0.358491 0.892857
vt 0.358491 0.904762
vt 0.358491 0.916667
vt 0.358491 0.928571
vt 0.358491 0.940476
vt 0.358491 0.952381
vt 0.358491 0.964286
vt 0.358491 0.976190
vt 0.377358 1.000000
vt 0.377358 0.988095
vt 0.377358 0.011905
vt 0.377358 0.000000
vt 0.377358 0.023810
vt 0.377358 0.035714
vt 0.377358 0.047619
vt 0.377358 0.059524
vt 0.377358 0.071429
vt 0.377358 0.083333
vt 0.377358 0.095238
vt 0.377358 0.107143
vt 0.377358 0.119048
vt 0.377358 0.130952
vt 0.377358 0.142857
vt 0.377358 0.154762
vt 0.377358 0.166667
vt 0.377358 0.178571
vt 0.377358 0.190476
vt 0.377358 0.202381
vt 0.377358 0.214286
vt 0.377358 0.226190
vt 0.377358 0.238095
vt 0.377358 0.250000
vt 0.377358 0.761905
vt 0.377358 0.750000
vt 0.377358 0.773810
vt 0.377358 0.785714
vt 0.377358 0.797619
vt 0.377358 0.809524
vt 0.377358 0.821429
vt 0.377358 0.833333
vt 0.377358 0.845238
vt 0.377358 0.857143
vt 0.377358 0.869048
vt 0.377358 0.880952
vt 0.377358 0.892857
vt 0.377358 0.904762
vt 0.377358 0.916667
vt 0.377358 0.928571
vt 0.377358 0.940476
vt 0.377358 0.952381
vt 0.377358 0.964286
vt 0.377358 0.976190
vt 0.396226 1.000000
vt 0.396226 0.988095
vt 0.396226 0.011905
vt 0.396226 0.000000
vt 0.396226 0.023810
vt 0.396226 0.035714
vt 0.396226 0.047619
vt 0.396226 0.059524
vt 0.396226 0.071429
vt 0.396226 0.083333
vt 0.396226 0.095238
vt 0.396226 0.107143
vt 0.396226 0.119048
vt 0.396226 0.130952
vt 0.396226 0.142857
vt 0.396226 0.154762
vt 0.396226 0.166667
vt 0.396226 0.178571
vt 0.396226 0.190476
vt 0.396226 0.202381
vt 0.396226 0.214286
vt 0.396226 0.226190
vt 0.396226 0.238095
vt 0.396226 0.250000
vt 0.377358 0.261905
vt 0.396226 0.261905
vt 0.396226 0.761905
vt 0.396226 0.750000
vt 0.396226 0.773810
vt 0.396226 0.785714
vt 0.396226 0.797619
vt 0.396226 0.809524
vt 0.396226 0.821429
vt 0.396226 0.833333
vt 0.396226 0.845238
vt 0.396226 0.857143
vt 0.396226 0.869048
vt 0.396226 0.880952
vt 0.396226 0.892857
vt 0.396226 0.904762
vt 0.396226 0.916667
vt 0.396226 0.928571
vt 0.396226 0.940476
vt 0.396226 0.952381
vt 0.396226 0.964286
vt 0.396226 0.976190
vt 0.415094 1.000000
vt 0.415094 0.988095
vt 0.415094 0.011905
vt 0.415094 0.000000
vt 0.415094 0.023810
vt 0.415094 0.035714
vt 0.415094 0.047619
vt 0.415094 0.059524
vt 0.415094 0.071429
vt 0.415094 0.083333
vt 0.415094 0.095238
vt 0.415094 0.107143
vt 0.415094 0.119048
vt 0.415094 0.130952
vt 0.415094 0.142857
vt 0.415094 0.154762
vt 0.415094 0.166667
vt 0.415094 0.178571
vt 0.415094 0.190476
vt 0.415094 0.202381
vt 0.415094 0.214286
vt 0.415094 0.226190
vt 0.415094 0.238095
vt 0.415094 0.250000
vt 0.415094 0.261905
vt 0.415094 0.761905
vt 0.415094 0.750000
vt 0.415094 0.773810
vt 0.415094 0.785714
vt 0.415094 0.797619
vt 0.415094 0.809524
vt 0.415094 0.821429
vt 0.415094 0.833333
vt 0.415094 0.845238
vt 0.415094 0.857143
vt 0.415094 0.869048
vt 0.415094 0.880952
vt 0.415094 0.892857
vt 0.415094 0.904762
vt 0.415094 0.916667
vt 0.415094 0.928571
vt 0.415094 0.940476
vt 0.415094 0.952381
vt 0.415094 0.964286
vt 0.415094 0.976190
vt 0.433962 1.000000
vt 0.433962 0.988095
vt 0.433962 0.011905
vt 0.433962 0.000000
vt 0.433962 0.023810
vt 0.433962 0.035714
vt 0.433962 0.047619
vt 0.433962 0.059524
vt 0.433962 0.071429
vt 0.433962 0.083333
vt 0.433962 0.095238
vt 0.433962 0.107143
vt 0.433962 0.119048
vt 0.433962 0.130952
vt 0.433962 0.142857
vt 0.433962 0.154762
vt 0.433962 0.166667
vt 0.433962 0.178571
vt 0.433962 0.190476
vt 0.433962 0.202381
vt 0.433962 0.214286
vt 0.433962 0.226190
vt 0.433962 0.238095
vt 0.433962 0.250000
vt 0.433962 0.261905
vt 0.433962 0.761905
vt 0.433962 0.750000
vt 0.433962 0.773810
vt 0.433962 0.785714
vt 0.433962 0.797619
vt 0.433962 0.809524
vt 0.433962 0.821429
vt 0.433962 0.833333
vt 0.433962 0.845238
vt 0.433962 0.857143
vt 0.433962 0.869048
vt 0.433962 0.880952
vt 0.433962 0.892857
vt 0.433962 0.904762
vt 0.433962 0.916667
vt 0.433962 0.928571
vt 0.433962 0.940476
vt 0.433962 0.952381
vt 0.433962 0.964286
vt 0.433962 0.976190
vt 0.452830 1.000000
vt 0.452830 0.988095
vt 0.452830 0.011905
vt 0.452830 0.000000
vt 0.452830 0.023810
vt 0.452830 0.035714
vt 0.452830 0.047619
vt 0.452830 0.059524
vt 0.452830 0.071429
vt 0.452830 0.083333
vt 0.452830 0.095238
vt 0.452830 0.107143
vt 0.452830 0.119048
vt 0.452830 0.130952
vt 0.452830 0.142857
vt 0.452830 0.154762
vt 0.452830 0.166667
vt 0.452830 0.178571
vt 0.452830 0.190476
vt 0.452830 0.202381
vt 0.452830 0.214286
vt 0.452830 0.226190
vt 0.452830 0.238095
vt 0.452830 0.250000
vt 0.452830 0.261905
vt 0.452830 0.761905
vt 0.452830 0.750000
vt 0.452830 0.773810
vt 0.452830 0.785714
vt 0.452830 0.797619
vt 0.452830 0.809524
vt 0.452830 0.821429
vt 0.452830 0.833333
vt 0.452830 0.845238
vt 0.452830 0.857143
vt 0.452830 0.869048
vt 0.452830 0.880952
vt 0.452830 0.892857
vt 0.452830 0.904762
vt 0.452830 0.916667
vt 0.452830 0.928571
vt 0.452830 0.940476
vt 0.452830 0.952381
vt 0.452830 0.964286
vt 0.452830 0.976190
vt 0.471698 1.000000
vt 0.471698 0.988095
vt 0.471698 0.011905
vt 0.471698 0.000000
vt 0.471698 0.023810
vt 0.471698 0.035714
vt 0.471698 0.047619
vt 0.471698 0.059524
vt 0.471698 0.071429
vt 0.471698 0.083333
vt 0.471698 0.095238
vt 0.471698 0.107143
vt 0.471698 0.119048
vt 0.471698 0.130952
vt 0.471698 0.142857
vt 0.471698 0.154762
vt 0.471698 0.166667
vt 0.471698 0.178571
vt 0.471698 0.190476
vt 0.471698 0.202381
vt 0.471698 0.214286
vt 0.471698 0.226190
vt 0.471698 0.238095
vt 0.471698 0.250000
vt 0.471698 0.261905
vt 0.471698 0.761905
vt 0.471698 0.750000
vt 0.471698 0.773810
vt 0.471698 0.785714
vt 0.471698 0.797619
vt 0.471698 0.809524
vt 0.471698 0.821429
vt 0.471698 0.833333
vt 0.471698 0.845238
vt 0.471698 0.857143
vt 0.471698 0.869048
vt 0.471698 0.880952
vt 0.471698 0.892857
vt 0.471698 0.904762
vt 0.471698 0.916667
vt 0.471698 0.928571
vt 0.471698 0.940476
vt 0.471698 0.952381
vt 0.471698 0.964286
vt 0.471698 0.976190
vt 0.490566 1.000000
vt 0.490566 0.988095
vt 0.490566 0.011905
vt 0.490566 0.000000
vt 0.490566 0.023810
vt 0.490566 0.035714
vt 0.490566 0.047619
vt 0.490566 0.059524
vt 0.490566 0.071429
vt 0.490566 0.083333
vt 0.490566 0.095238
vt 0.490566 0.107143
vt 0.490566 0.119048
vt 0.490566 0.130952
vt 0.490566 0.142857
vt 0.490566 0.154762
vt 0.490566 0.166667
vt 0.490566 0.178571
vt 0.490566 0.190476
vt 0.490566 0.202381
vt 0.490566 0.214286
vt 0.490566 0.226190
vt 0.490566 0.238095
vt 0.490566 0.250000
vt 0.490566 0.261905
vt 0.490566 0.761905
vt 0.490566 0.750000
vt 0.490566 0.773810
vt 0.490566 0.785714
vt 0.490566 0.797619
vt 0.490566 0.809524
vt 0.490566 0.821429
vt 0.490566 0.833333
vt 0.490566 0.845238
vt 0.490566 0.857143
vt 0.490566 0.869048
vt 0.490566 0.880952
vt 0.490566 0.892857
vt 0.490566 0.904762
vt 0.490566 0.916667
vt 0.490566 0.928571
vt 0.490566 0.940476
vt 0.490566 0.952381
vt 0.490566 0.964286
vt 0.490566 0.976190
vt 0.509434 1.000000
vt 0.509434 0.988095
vt 0.509434 0.011905
vt 0.509434 0.000000
vt 0.509434 0.023810
vt 0.509434 0.035714
vt 0.509434 0.047619
vt 0.509434 0.059524
vt 0.509434 0.071429
vt 0.509434 0.083333
vt 0.509434 0.095238
vt 0.509434 0.107143
vt 0.509434 0.119048
vt 0.509434 0.130952
vt 0.509434 0.142857
vt 0.509434 0.154762
vt 0.509434 0.166667
vt 0.509434 0.178571
vt 0.509434 0.190476
vt 0.509434 0.202381
vt 0.509434 0.214286
vt 0.509434 0.226190
vt 0.509434 0.238095
vt 0.509434 0.250000
vt 0.509434 0.261905
vt 0.509434 0.761905
vt 0.509434 0.750000
vt 0.509434 0.773810
vt 0.509434 0.785714
vt 0.509434 0.797619
vt 0.509434 0.809524
vt 0.509434 0.821429
vt 0.509434 0.833333
vt 0.509434 0.845238
vt 0.509434 0.857143
vt 0.509434 0.869048
vt 0.509434 0.880952
vt 0.509434 0.892857
vt 0.509434 0.904762
vt 0.509434 0.916667
vt 0.509434 0.928571
vt 0.509434 0.940476
vt 0.509434 0.952381
vt 0.509434 0.964286
vt 0.509434 0.976190
vt 0.528302 1.000000
vt 0.528302 0.988095
vt 0.528302 0.011905
vt 0.528302 0.000000
vt 0.528302 0.023810
vt 0.528302 0.035714
vt 0.528302 0.047619
vt 0.528302 0.059524
vt 0.528302 0.071429
vt 0.528302 0.083333
vt 0.528302 0.095238
vt 0.528302 0.107143
vt 0.528302 0.119048
vt 0.528302 0.130952
vt 0.528302 0.142857
vt 0.528302 0.154762
vt 0.528302 0.166667
vt 0.528302 0.178571
vt 0.528302 0.190476
vt 0.528302 0.202381
vt 0.528302 0.214286
vt 0.528302 0.226190
vt 0.528302 0.238095
vt 0.528302 0.250000
vt 0.528302 0.261905
vt 0.528302 0.750000
vt 0.528302 0.738095
vt 0.509434 0.738095
vt 0.528302 0.761905
vt 0.528302 0.773810
vt 0.528302 0.785714
vt 0.528302 0.797619
vt 0.528302 0.809524
vt 0.528302 0.821429
vt 0.528302 0.833333
vt 0.528302 0.845238
vt 0.528302 0.857143
vt 0.528302 0.869048
vt 0.528302 0.880952
vt 0.528302 0.892857
vt 0.528302 0.904762
vt 0.528302 0.916667
vt 0.528302 0.928571
vt 0.528302 0.940476
vt 0.528302 0.952381
vt 0.528302 0.964286
vt 0.528302 0.976190
vt 0.547170 1.000000
vt 0.547170 0.988095
vt 0.547170 0.011905
vt 0.547170 0.000000
vt 0.547170 0.023810
vt 0.547170 0.035714
vt 0.547170 0.047619
vt 0.547170 0.059524
vt 0.547170 0.071429
vt 0.547170 0.083333
vt 0.547170 0.095238
vt 0.547170 0.107143
vt 0.547170 0.119048
vt 0.547170 0.130952
vt 0.547170 0.142857
vt 0.547170 0.154762
vt 0.547170 0.166667
vt 0.547170 0.178571
vt 0.547170 0.190476
vt 0.547170 0.202381
vt 0.547170 0.214286
vt 0.547170 0.226190
vt 0.547170 0.238095
vt 0.547170 0.250000
vt 0.547170 0.261905
vt 0.547170 0.750000
vt 0.547170 0.738095
vt 0.547170 0.761905
vt 0.547170 0.773810
vt 0.547170 0.785714
vt 0.547170 0.797619
vt 0.547170 0.809524
vt 0.547170 0.821429
vt 0.547170 0.833333
vt 0.547170 0.845238
vt 0.547170 0.857143
vt 0.547170 0.869048
vt 0.547170 0.880952
vt 0.547170 0.892857
vt 0.547170 0.904762
vt 0.547170 0.916667
vt 0.547170 0.928571
vt 0.547170 0.940476
vt 0.547170 0.952381
vt 0.547170 0.964286
vt 0.547170 0.976190
vt 0.566038 1.000000
vt 0.566038 0.988095
vt 0.566038 0.011905
vt 0.566038 0.000000
vt 0.566038 0.023810
vt 0.566038 0.035714
vt 0.566038 0.047619
vt 0.566038 0.059524
vt 0.566038 0.071429
vt 0.566038 0.083333
vt 0.566038 0.095238
vt 0.566038 0.107143
vt 0.566038 0.119048
vt 0.566038 0.130952
vt 0.566038 0.142857
vt 0.566038 0.154762
vt 0.566038 0.166667
vt 0.566038 0.178571
vt 0.566038 0.190476
vt 0.566038 0.202381
vt 0.566038 0.214286
vt 0.566038 0.226190
vt 0.566038 0.238095
vt 0.566038 0.250000
vt 0.566038 0.261905
vt 0.566038 0.750000
vt 0.566038 0.738095
vt 0.566038 0.761905
vt 0.566038 0.773810
vt 0.566038 0.785714
vt 0.566038 0.797619
vt 0.566038 0.809524
vt 0.566038 0.821429
vt 0.566038 0.833333
vt 0.566038 0.845238
vt 0.566038 0.857143
vt 0.566038 0.869048
vt 0.566038 0.880952
vt 0.566038 0.892857
vt 0.566038 0.904762
vt 0.566038 0.916667
vt 0.566038 0.928571
vt 0.566038 0.940476
vt 0.566038 0.952381
vt 0.566038 0.964286
vt 0.566038 0.976190
vt 0.584906 1.000000
vt 0.584906 0.988095
vt 0.584906 0.011905
vt 0.584906 0.000000
vt 0.584906 0.023810
vt 0.584906 0.035714
vt 0.584906 0.047619
vt 0.584906 0.059524
vt 0.584906 0.071429
vt 0.584906 0.083333
vt 0.584906 0.095238
vt 0.584906 0.107143
vt 0.584906 0.119048
vt 0.584906 0.130952
vt 0.584906 0.142857
vt 0.584906 0.154762
vt 0.584906 0.166667
vt 0.584906 0.178571
vt 0.584906 0.190476
vt 0.584906 0.202381
vt 0.584906 0.214286
vt 0.584906 0.226190
vt 0.584906 0.238095
vt 0.584906 0.250000
vt 0.584906 0.261905
vt 0.584906 0.750000
vt 0.584906 0.738095
vt 0.584906 0.761905
vt 0.584906 0.773810
vt 0.584906 0.785714
vt 0.584906 0.797619
vt 0.584906 0.809524
vt 0.584906 0.821429
vt 0.584906 0.833333
vt 0.584906 0.845238
vt 0.584906 0.857143
vt 0.584906 0.869048
vt 0.584906 0.880952
vt 0.584906 0.892857
vt 0.584906 0.904762
vt 0.584906 0.916667
vt 0.584906 0.928571
vt 0.584906 0.940476
vt 0.584906 0.952381
vt 0.584906 0.964286
vt 0.584906 0.976190
vt 0.603774 1.000000
vt 0.603774 0.988095
vt 0.603774 0.011905
vt 0.603774 0.000000
vt 0.603774 0.023810
vt 0.603774 0.035714
vt 0.603774 0.047619
vt 0.603774 0.059524
vt 0.603774 0.071429
vt 0.603774 0.083333
vt 0.603774 0.095238
vt 0.603774 0.107143
vt 0.603774 0.119048
vt 0.603774 0.130952
vt 0.603774 0.142857
vt 0.603774 0.154762
vt 0.603774 0.166667
vt 0.603774 0.178571
vt 0.603774 0.190476
vt 0.603774 0.202381
vt 0.603774 0.214286
vt 0.603774 0.226190
vt 0.603774 0.238095
vt 0.603774 0.250000
vt 0.603774 0.261905
vt 0.603774 0.750000
vt 0.603774 0.738095
vt 0.603774 0.761905
vt 0.603774 0.773810
vt 0.603774 0.785714
vt 0.603774 0.797619
vt 0.603774 0.809524
vt 0.603774 0.821429
vt 0.603774 0.833333
vt 0.603774 0.845238
vt 0.603774 0.857143
vt 0.603774 0.869048
vt 0.603774 0.880952
vt 0.603774 0.892857
vt 0.603774 0.904762
vt 0.603774 0.916667
vt 0.603774 0.928571
vt 0.603774 0.940476
vt 0.603774 0.952381
vt 0.603774 0.964286
vt 0.603774 0.976190
vt 0.622642 1.000000
vt 0.622642 0.988095
vt 0.622642 0.011905
vt 0.622642 0.000000
vt 0.622642 0.023810
vt 0.622642 0.035714
vt 0.622642 0.047619
vt 0.622642 0.059524
vt 0.622642 0.071429
vt 0.622642 0.083333
vt 0.622642 0.095238
vt 0.622642 0.107143
vt 0.622642 0.119048
vt 0.622642 0.130952
vt 0.622642 0.142857
vt 0.622642 0.154762
vt 0.622642 0.166667
vt 0.622642 0.178571
vt 0.622642 0.190476
vt 0.622642 0.202381
vt 0.622642 0.214286
vt 0.622642 0.226190
vt 0.622642 0.238095
vt 0.622642 0.250000
vt 0.622642 0.261905
vt 0.622642 0.750000
vt 0.622642 0.738095
vt 0.622642 0.761905
vt 0.622642 0.773810
vt 0.622642 0.785714
vt 0.622642 0.797619
vt 0.622642 0.809524
vt 0.622642 0.821429
vt 0.622642 0.833333
vt 0.622642 0.845238
vt 0.622642 0.857143
vt 0.622642 0.869048
vt 0.622642 0.880952
vt 0.622642 0.892857
vt 0.622642 0.904762
vt 0.622642 0.916667
vt 0.622642 0.928571
vt 0.622642 0.940476
vt 0.622642 0.952381
vt 0.622642 0.964286
vt 0.622642 0.976190
vt 0.641509 1.000000
vt 0.641509 0.988095
vt 0.641509 0.011905
vt 0.641509 0.000000
vt 0.641509 0.023810
vt 0.641509 0.035714
vt 0.641509 0.047619
vt 0.641509 0.059524
vt 0.641509 0.071429
vt 0.641509 0.083333
vt 0.641509 0.095238
vt 0.641509 0.107143
vt 0.641509 0.119048
vt 0.641509 0.130952
vt 0.641509 0.142857
vt 0.641509 0.154762
vt 0.641509 0.166667
vt 0.641509 0.178571
vt 0.641509 0.190476
vt 0.641509 0.202381
vt 0.641509 0.214286
vt 0.641509 0.226190
vt 0.641509 0.238095
vt 0.641509 0.250000
vt 0.641509 0.261905
vt 0.641509 0.750000
vt 0.641509 0.738095
vt 0.641509 0.761905
vt 0.641509 0.773810
vt 0.641509 0.785714
vt 0.641509 0.797619
vt 0.641509 0.809524
vt 0.641509 0.821429
vt 0.641509 0.833333
vt 0.641509 0.845238
vt 0.641509 0.857143
vt 0.641509 0.869048
vt 0.641509 0.880952
vt 0.641509 0.892857
vt 0.641509 0.904762
vt 0.641509 0.916667
vt 0.641509 0.928571
vt 0.641509 0.940476
vt 0.641509 0.952381
vt 0.641509 0.964286
vt 0.641509 0.976190
vt 0.660377 1.000000
vt 0.660377 0.988095
vt 0.660377 0.011905
vt 0.660377 0.000000
vt 0.660377 0.023810
vt 0.660377 0.035714
vt 0.660377 0.047619
vt 0.660377 0.059524
vt 0.660377 0.071429
vt 0.660377 0.083333
vt 0.660377 0.095238
vt 0.660377 0.107143
vt 0.660377 0.119048
vt 0.660377 0.130952
vt 0.660377 0.142857
vt 0.660377 0.154762
vt 0.660377 0.166667
vt 0.660377 0.178571
vt 0.660377 0.190476
vt 0.660377 0.202381
vt 0.660377 0.214286
vt 0.660377 0.226190
vt 0.660377 0.238095
vt 0.660377 0.250000
vt 0.660377 0.261905
vt 0.660377 0.750000
vt 0.660377 0.738095
vt 0.660377 0.761905
vt 0.660377 0.773810
vt 0.660377 0.785714
vt 0.660377 0.797619
vt 0.660377 0.809524
vt 0.660377 0.821429
vt 0.660377 0.833333
vt 0.660377 0.845238
vt 0.660377 0.857143
vt 0.660377 0.869048
vt 0.660377 0.880952
vt 0.660377 0.892857
vt 0.660377 0.904762
vt 0.660377 0.916667
vt 0.660377 0.928571
vt 0.660377 0.940476
vt 0.660377 0.952381
vt 0.660377 0.964286
vt 0.660377 0.976190
vt 0.679245 1.000000
vt 0.679245 0.988095
vt 0.679245 0.011905
vt 0.679245 0.000000
vt 0.679245 0.023810
vt 0.679245 0.035714
vt 0.679245 0.047619
vt 0.679245 0.059524
vt 0.679245 0.071429
vt 0.679245 0.083333
vt 0.679245 0.095238
vt 0.679245 0.107143
vt 0.679245 0.119048
vt 0.679245 0.130952
vt 0.679245 0.142857
vt 0.679245 0.154762
vt 0.679245 0.166667
vt 0.679245 0.178571
vt 0.679245 0.190476
vt 0.679245 0.202381
vt 0.679245 0.214286
vt 0.679245 0.226190
vt 0.679245 0.238095
vt 0.679245 0.250000
vt 0.679245 0.261905
vt 0.679245 0.750000
vt 0.679245 0.738095
vt 0.679245 0.761905
vt 0.679245 0.773810
vt 0.679245 0.785714
vt 0.679245 0.797619
vt 0.679245 0.809524
vt 0.679245 0.821429
vt 0.679245 0.833333
vt 0.679245 0.845238
vt 0.679245 0.857143
vt 0.679245 0.869048
vt 0.679245 0.880952
vt 0.679245 0.892857
vt 0.679245 0.904762
vt 0.679245 0.916667
vt 0.679245 0.928571
vt 0.679245 0.940476
vt 0.679245 0.952381
vt 0.679245 0.964286
vt 0.679245 0.976190
vt 0.698113 1.000000
vt 0.698113 0.988095
vt 0.698113 0.011905
vt 0.698113 0.000000
vt 0.698113 0.023810
vt 0.698113 0.035714
vt 0.698113 0.047619
vt 0.698113 0.059524
vt 0.698113 0.071429
vt 0.698113 0.083333
vt 0.698113 0.095238
vt 0.698113 0.107143
vt 0.698113 0.119048
vt 0.698113 0.130952
vt 0.698113 0.142857
vt 0.698113 0.154762
vt 0.698113 0.166667
vt 0.698113 0.178571
vt 0.698113 0.190476
vt 0.698113 0.202381
vt 0.698113 0.214286
vt 0.698113 0.226190
vt 0.698113 0.238095
vt 0.698113 0.250000
vt 0.698113 0.261905
vt 0.698113 0.750000
vt 0.698113 0.738095
vt 0.698113 0.761905
vt 0.698113 0.773810
vt 0.698113 0.785714
vt 0.698113 0.797619
vt 0.698113 0.809524
vt 0.698113 0.821429
vt 0.698113 0.833333
vt 0.698113 0.845238
vt 0.698113 0.857143
vt 0.698113 0.869048
vt 0.698113 0.880952
vt 0.698113 0.892857
vt 0.698113 0.904762
vt 0.698113 0.916667
vt 0.698113 0.928571
vt 0.698113 0.940476
vt 0.698113 0.952381
vt 0.698113 0.964286
vt 0.698113 0.976190
vt 0.716981 1.000000
vt 0.716981 0.988095
vt 0.716981 0.011905
vt 0.716981 0.000000
vt 0.716981 0.023810
vt 0.716981 0.035714
vt 0.716981 0.047619
vt 0.716981 0.059524
vt 0.716981 0.071429
vt 0.716981 0.083333
vt 0.716981 0.095238
vt 0.716981 0.107143
vt 0.716981 0.119048
vt 0.716981 0.130952
vt 0.716981 0.142857
vt 0.716981 0.154762
vt 0.716981 0.166667
vt 0.716981 0.178571
vt 0.716981 0.190476
vt 0.716981 0.202381
vt 0.716981 0.214286
vt 0.716981 0.226190
vt 0.716981 0.238095
vt 0.716981 0.250000
vt 0.716981 0.261905
vt 0.716981 0.750000
vt 0.716981 0.738095
vt 0.716981 0.761905
vt 0.716981 0.773810
vt 0.716981 0.785714
vt 0.716981 0.797619
vt 0.716981 0.809524
vt 0.716981 0.821429
vt 0.716981 0.833333
vt 0.716981 0.845238
vt 0.716981 0.857143
vt 0.716981 0.869048
vt 0.716981 0.880952
vt 0.716981 0.892857
vt 0.716981 0.904762
vt 0.716981 0.916667
vt 0.716981 0.928571
vt 0.716981 0.940476
vt 0.716981 0.952381
vt 0.716981 0.964286
vt 0.716981 0.976190
vt 0.735849 1.000000
vt 0.735849 0.988095
vt 0.735849 0.011905
vt 0.735849 0.000000
vt 0.735849 0.023810
vt 0.735849 0.035714
vt 0.735849 0.047619
vt 0.735849 0.059524
vt 0.735849 0.071429
vt 0.735849 0.083333
vt 0.735849 0.095238
vt 0.735849 0.107143
vt 0.735849 0.119048
vt 0.735849 0.130952
vt 0.735849 0.142857
vt 0.735849 0.154762
vt 0.735849 0.166667
vt 0.735849 0.178571
vt 0.735849 0.190476
vt 0.735849 0.202381
vt 0.735849 0.214286
vt 0.735849 0.226190
vt 0.735849 0.238095
vt 0.735849 0.250000
vt 0.735849 0.261905
vt 0.735849 0.750000
vt 0.735849 0.738095
vt 0.735849 0.761905
vt 0.735849 0.773810
vt 0.735849 0.785714
vt 0.735849 0.797619
vt 0.735849 0.809524
vt 0.735849 0.821429
vt 0.735849 0.833333
vt 0.735849 0.845238
vt 0.735849 0.857143
vt 0.735849 0.869048
vt 0.735849 0.880952
vt 0.735849 0.892857
vt 0.735849 0.904762
vt 0.735849 0.916667
vt 0.735849 0.928571
vt 0.735849 0.940476
vt 0.735849 0.952381
vt 0.735849 0.964286
vt 0.735849 0.976190
vt 0.754717 1.000000
vt 0.754717 0.988095
vt 0.754717 0.011905
vt 0.754717 0.000000
vt 0.754717 0.023810
vt 0.754717 0.035714
vt 0.754717 0.047619
vt 0.754717 0.059524
vt 0.754717 0.071429
vt 0.754717 0.083333
vt 0.754717 0.095238
vt 0.754717 0.107143
vt 0.754717 0.119048
vt 0.754717 0.130952
vt 0.754717 0.142857
vt 0.754717 0.154762
vt 0.754717 0.166667
vt 0.754717 0.178571
vt 0.754717 0.190476
vt 0.754717 0.202381
vt 0.754717 0.214286
vt 0.754717 0.226190
vt 0.754717 0.238095
vt 0.754717 0.250000
vt 0.754717 0.261905
vt 0.754717 0.750000
vt 0.754717 0.738095
vt 0.754717 0.761905
vt 0.754717 0.773810
vt 0.754717 0.785714
vt 0.754717 0.797619
vt 0.754717 0.809524
vt 0.754717 0.821429
vt 0.754717 0.833333
vt 0.754717 0.845238
vt 0.754717 0.857143
vt 0.754717 0.869048
vt 0.754717 0.880952
vt 0.754717 0.892857
vt 0.754717 0.904762
vt 0.754717 0.916667
vt 0.754717 0.928571
vt 0.754717 0.940476
vt 0.754717 0.952381
vt 0.754717 0.964286
vt 0.754717 0.976190
vt 0.773585 1.000000
vt 0.773585 0.988095
vt 0.773585 0.011905
vt 0.773585 0.000000
vt 0.773585 0.023810
vt 0.773585 0.035714
vt 0.773585 0.047619
vt 0.773585 0.059524
vt 0.773585 0.071429
vt 0.773585 0.083333
vt 0.773585 0.095238
vt 0.773585 0.107143
vt 0.773585 0.119048
vt 0.773585 0.130952
vt 0.773585 0.142857
vt 0.773585 0.154762
vt 0.773585 0.166667
vt 0.773585 0.178571
vt 0.773585 0.190476
vt 0.773585 0.202381
vt 0.773585 0.214286
vt 0.773585 0.226190
vt 0.773585 0.238095
vt 0.773585 0.250000
vt 0.773585 0.261905
vt 0.773585 0.750000
vt 0.773585 0.738095
vt 0.773585 0.761905
vt 0.773585 0.773810
vt 0.773585 0.785714
vt 0.773585 0.797619
vt 0.773585 0.809524
vt 0.773585 0.821429
vt 0.773585 0.833333
vt 0.773585 0.845238
vt 0.773585 0.857143
vt 0.773585 0.869048
vt 0.773585 0.880952
vt 0.773585 0.892857
vt 0.773585 0.904762
vt 0.773585 0.916667
vt 0.773585 0.928571
vt 0.773585 0.940476
vt 0.773585 0.952381
vt 0.773585 0.964286
vt 0.773585 0.976190
vt 0.792453 1.000000
vt 0.792453 0.988095
vt 0.792453 0.011905
vt 0.792453 0.000000
vt 0.792453 0.023810
vt 0.792453 0.035714
vt 0.792453 0.047619
vt 0.792453 0.059524
vt 0.792453 0.071429
vt 0.792453 0.083333
vt 0.792453 0.095238
vt 0.792453 0.107143
vt 0.792453 0.119048
vt 0.792453 0.130952
vt 0.792453 0.142857
vt 0.792453 0.154762
vt 0.792453 0.166667
vt 0.792453 0.178571
vt 0.792453 0.190476
vt 0.792453 0.202381
vt 0.792453 0.214286
vt 0.792453 0.226190
vt 0.792453 0.238095
vt 0.792453 0.250000
vt 0.792453 0.261905
vt 0.792453 0.750000
vt 0.792453 0.738095
vt 0.792453 0.761905
vt 0.792453 0.773810
vt 0.792453 0.785714
vt 0.792453 0.797619
vt 0.792453 0.809524
vt 0.792453 0.821429
vt 0.792453 0.833333
vt 0.792453 0.845238
vt 0.792453 0.857143
vt 0.792453 0.869048
vt 0.792453 0.880952
vt 0.792453 0.892857
vt 0.792453 0.904762
vt 0.792453 0.916667
vt 0.792453 0.928571
vt 0.792453 0.940476
vt 0.792453 0.952381
vt 0.792453 0.964286
vt 0.792453 0.976190
vt 0.811321 1.000000
vt 0.811321 0.988095
vt 0.811321 0.011905
vt 0.811321 0.000000
vt 0.811321 0.023810
vt 0.811321 0.035714
vt 0.811321 0.047619
vt 0.811321 0.059524
vt 0.811321 0.071429
vt 0.811321 0.083333
vt 0.811321 0.095238
vt 0.811321 0.107143
vt 0.811321 0.119048
vt 0.811321 0.130952
vt 0.811321 0.142857
vt 0.811321 0.154762
vt 0.811321 0.166667
vt 0.811321 0.178571
vt 0.811321 0.190476
vt 0.811321 0.202381
vt 0.811321 0.214286
vt 0.811321 0.226190
vt 0.811321 0.238095
vt 0.811321 0.250000
vt 0.811321 0.261905
vt 0.811321 0.750000
vt 0.811321 0.738095
vt 0.811321 0.761905
vt 0.811321 0.773810
vt 0.811321 0.785714
vt 0.811321 0.797619
vt 0.811321 0.809524
vt 0.811321 0.821429
vt 0.811321 0.833333
vt 0.811321 0.845238
vt 0.811321 0.857143
vt 0.811321 0.869048
vt 0.811321 0.880952
vt 0.811321 0.892857
vt 0.811321 0.904762
vt 0.811321 0.916667
vt 0.811321 0.928571
vt 0.811321 0.940476
vt 0.811321 0.952381
vt 0.811321 0.964286
vt 0.811321 0.976190
vt 0.830189 1.000000
vt 0.830189 0.988095
vt 0.830189 0.011905
vt 0.830189 0.000000
vt 0.830189 0.023810
vt 0.830189 0.035714
vt 0.830189 0.047619
vt 0.830189 0.059524
vt 0.830189 0.071429
vt 0.830189 0.083333
vt 0.830189 0.095238
vt 0.830189 0.107143
vt 0.830189 0.119048
vt 0.830189 0.130952
vt 0.830189 0.142857
vt 0.830189 0.154762
vt 0.830189 0.166667
vt 0.830189 0.178571
vt 0.830189 0.190476
vt 0.830189 0.202381
vt 0.830189 0.214286
vt 0.830189 0.226190
vt 0.830189 0.238095
vt 0.830189 0.250000
vt 0.830189 0.261905
vt 0.830189 0.750000
vt 0.830189 0.738095
vt 0.830189 0.761905
vt 0.830189 0.773810
vt 0.830189 0.785714
vt 0.830189 0.797619
vt 0.830189 0.809524
vt 0.830189 0.821429
vt 0.830189 0.833333
vt 0.830189 0.845238
vt 0.830189 0.857143
vt 0.830189 0.869048
vt 0.830189 0.880952
vt 0.830189 0.892857
vt 0.830189 0.904762
vt 0.830189 0.916667
vt 0.830189 0.928571
vt 0.830189 0.940476
vt 0.830189 0.952381
vt 0.830189 0.964286
vt 0.830189 0.976190
vt 0.849057 0.988095
vt 0.849057 0.000000
vt 0.849057 0.011905
vt 0.849057 0.023810
vt 0.849057 0.035714
vt 0.849057 0.047619
vt 0.849057 0.059524
vt 0.849057 0.071429
vt 0.849057 0.083333
vt 0.849057 0.095238
vt 0.849057 0.107143
vt 0.849057 0.119048
vt 0.849057 0.130952
vt 0.849057 0.142857
vt 0.849057 0.154762
vt 0.849057 0.166667
vt 0.849057 0.178571
vt 0.849057 0.190476
vt 0.849057 0.202381
vt 0.849057 0.214286
vt 0.849057 0.226190
vt 0.849057 0.238095
vt 0.849057 0.250000
vt 0.849057 0.738095
vt 0.849057 0.750000
vt 0.849057 0.761905
vt 0.849057 0.773810
vt 0.849057 0.785714
vt 0.849057 0.797619
vt 0.849057 0.809524
vt 0.849057 0.821429
vt 0.849057 0.833333
vt 0.849057 0.845238
vt 0.849057 0.857143
vt 0.849057 0.869048
vt 0.849057 0.880952
vt 0.849057 0.892857
vt 0.849057 0.904762
vt 0.849057 0.916667
vt 0.849057 0.928571
vt 0.849057 0.940476
vt 0.849057 0.952381
vt 0.849057 0.964286
vt 0.849057 0.976190
vt 0.849057 1.000000
vt 0.867925 1.000000
vt 0.867925 0.988095
vt 0.867925 0.011905
vt 0.867925 0.000000
vt 0.867925 0.023810
vt 0.867925 0.035714
vt 0.867925 0.047619
vt 0.867925 0.059524
vt 0.867925 0.071429
vt 0.867925 0.083333
vt 0.867925 0.095238
vt 0.867925 0.107143
vt 0.867925 0.119048
vt 0.867925 0.130952
vt 0.867925 0.142857
vt 0.867925 0.154762
vt 0.867925 0.166667
vt 0.867925 0.178571
vt 0.867925 0.190476
vt 0.867925 0.202381
vt 0.867925 0.214286
vt 0.867925 0.226190
vt 0.867925 0.238095
vt 0.867925 0.250000
vt 0.849057 0.261905
vt 0.867925 0.261905
vt 0.867925 0.750000
vt 0.867925 0.738095
vt 0.867925 0.761905
vt 0.867925 0.773810
vt 0.867925 0.785714
vt 0.867925 0.797619
vt 0.867925 0.809524
vt 0.867925 0.821429
vt 0.867925 0.833333
vt 0.867925 0.845238
vt 0.867925 0.857143
vt 0.867925 0.869048
vt 0.867925 0.880952
vt 0.867925 0.892857
vt 0.867925 0.904762
vt 0.867925 0.916667
vt 0.867925 0.928571
vt 0.867925 0.940476
vt 0.867925 0.952381
vt 0.867925 0.964286
vt 0.867925 0.976190
s 1
f 1/1/1 14/2/2 60/3/3
f 1/4/1 15/5/4 14/6/2
f 1/7/1 16/8/5 15/5/4
f 1/9/1 17/10/6 16/8/5
f 1/11/1 18/12/7 17/10/6
f 1/13/8 19/14/9 18/12/10
f 1/15/11 20/16/12 19/14/13
f 1/17/11 21/18/14 20/16/12
f 1/19/11 22/20/15 21/18/14
f 1/21/11 23/22/16 22/20/15
f 1/23/11 24/24/17 23/22/16
f 1/25/11 25/26/18 24/24/17
f 1/27/11 26/28/19 25/26/18
f 1/29/11 27/30/20 26/28/19
f 1/31/11 28/32/21 27/30/20
f 1/33/11 29/34/22 28/32/21
f 1/35/11 30/36/23 29/34/22
f 1/37/11 31/38/24 30/36/23
f 1/39/11 32/40/25 31/38/24
f 1/41/11 33/42/26 32/40/25
f 2/43/27 34/44/27 33/42/27 1/41/27
f 3/45/28 35/46/29 34/44/30 2/43/31
f 4/47/32 36/48/33 35/46/29 3/45/28
f 1/49/34 37/50/34 36/48/34 4/47/34
f 9/51/35 39/52/36 38/53/37 8/54/37
f 9/55/35 40/56/38 39/52/36
f 10/57/39 41/58/40 40/56/38 9/55/35
f 11/59/41 42/60/42 41/58/40 10/57/39
f 1/61/43 43/62/43 42/60/43 11/59/43
f 1/63/44 44/64/45 43/62/46
f 12/65/47 45/66/47 44/64/47 1/63/47
f 13/67/48 46/68/49 45/66/50 12/65/48
f 1/69/51 47/70/51 46/68/51 13/67/51
f 1/71/1 48/72/52 47/70/53
f 1/73/1 49/74/54 48/72/52
f 1/75/1 50/76/55 49/74/54
f 1/77/1 51/78/56 50/76/55
f 1/79/1 52/80/57 51/78/56
f 1/81/1 53/82/58 52/80/57
f 1/83/1 54/84/59 53/82/58
f 1/85/1 55/86/60 54/84/59
f 1/87/1 56/88/61 55/86/60
f 1/89/1 57/90/62 56/88/61
f 1/91/1 58/92/63 57/90/62
f 1/93/1 59/94/64 58/92/63
f 1/95/1 60/3/3 59/94/64
f 14/2/2 61/96/65 105/97/66 60/3/3
f 15/5/4 62/98/67 61/99/65 14/6/2
f 16/8/5 63/100/68 62/98/67 15/5/4
f 17/10/6 64/101/69 63/100/68 16/8/5
f 18/12/7 65/102/70 64/101/69 17/10/6
f 19/14/9 66/103/71 65/102/72 18/12/10
f 20/16/12 67/104/73 66/103/74 19/14/13
f 21/18/14 68/105/75 67/104/73 20/16/12
f 22/20/15 69/106/76 68/105/75 21/18/14
f 23/22/16 70/107/77 69/106/76 22/20/15
f 24/24/17 71/108/78 70/107/77 23/22/16
f 25/26/18 72/109/79 71/108/78 24/24/17
f 26/28/19 73/110/80 72/109/79 25/26/18
f 27/30/20 74/111/81 73/110/80 26/28/19
f 28/32/21 75/112/82 74/111/81 27/30/20
f 29/34/22 76/113/83 75/112/82 28/32/21
f 30/36/23 77/114/84 76/113/83 29/34/22
f 31/38/24 78/115/85 77/114/84 30/36/23
f 32/40/25 79/116/86 78/115/85 31/38/24
f 33/42/26 80/117/87 79/116/86 32/40/25
f 34/44/30 81/118/88 80/117/87 33/42/26
f 35/46/29 82/119/89 81/118/88 34/44/30
f 36/48/33 83/120/90 82/119/89 35/46/29
f 40/56/38 85/121/91 84/122/92 39/52/36
f 41/58/40 86/123/93 85/121/91 40/56/38
f 42/60/42 87/124/94 86/123/93 41/58/40
f 43/62/46 88/125/95 87/124/94 42/60/42
f 44/64/45 89/126/96 88/125/95 43/62/46
f 45/66/50 90/127/97 89/126/96 44/64/45
f 46/68/49 91/128/98 90/127/97 45/66/50
f 47/70/53 92/129/99 91/128/98 46/68/49
f 48/72/52 93/130/100 92/129/99 47/70/53
f 49/74/54 94/131/101 93/130/100 48/72/52
f 50/76/55 95/132/102 94/131/101 49/74/54
f 51/78/56 96/133/103 95/132/102 50/76/55
f 52/80/57 97/134/104 96/133/103 51/78/56
f 53/82/58 98/135/105 97/134/104 52/80/57
f 54/84/59 99/136/106 98/135/105 53/82/58
f 55/86/60 100/137/107 99/136/106 54/84/59
f 56/88/61 101/138/108 100/137/107 55/86/60
f 57/90/62 102/139/109 101/138/108 56/88/61
f 58/92/63 103/140/110 102/139/109 57/90/62
f 59/94/64 104/141/111 103/140/110 58/92/63
f 60/3/3 105/97/66 104/141/111 59/94/64
f 61/96/65 106/142/112 150/143/113 105/97/66
f 62/98/67 107/144/114 106/145/112 61/99/65
f 63/100/68 108/146/115 107/144/114 62/98/67
f 64/101/69 109/147/116 108/146/115 63/100/68
f 65/102/70 110/148/117 109/147/116 64/101/69
f 66/103/71 111/149/118 110/148/119 65/102/72
f 67/104/73 112/150/120 111/149/121 66/103/74
f 68/105/75 113/151/122 112/150/120 67/104/73
f 69/106/76 114/152/123 113/151/122 68/105/75
f 70/107/77 115/153/124 114/152/123 69/106/76
f 71/108/78 116/154/125 115/153/124 70/107/77
f 72/109/79 117/155/126 116/154/125 71/108/78
f 73/110/80 118/156/127 117/155/126 72/109/79
f 74/111/81 119/157/128 118/156/127 73/110/80
f 75/112/82 120/158/129 119/157/128 74/111/81
f 76/113/83 121/159/130 120/158/129 75/112/82
f 77/114/84 122/160/131 121/159/130 76/113/83
f 78/115/85 123/161/132 122/160/131 77/114/84
f 79/116/86 124/162/133 123/161/132 78/115/85
f 80/117/87 125/163/134 124/162/133 79/116/86
f 81/118/88 126/164/135 125/163/134 80/117/87
f 82/119/89 127/165/136 126/164/135 81/118/88
f 83/120/90 128/166/137 127/165/136 82/119/89
f 85/121/91 130/167/138 129/168/139 84/122/92
f 86/123/93 131/169/140 130/167/138 85/121/91
f 87/124/94 132/170/141 131/169/140 86/123/93
f 88/125/95 133/171/142 132/170/141 87/124/94
f 89/126/96 134/172/143 133/171/142 88/125/95
f 90/127/97 135/173/144 134/172/143 89/126/96
f 91/128/98 136/174/145 135/173/144 90/127/97
f 92/129/99 137/175/146 136/174/145 91/128/98
f 93/130/100 138/176/147 137/175/146 92/129/99
f 94/131/101 139/177/148 138/176/147 93/130/100
f 95/132/102 140/178/149 139/177/148 94/131/101
f 96/133/103 141/179/150 140/178/149 95/132/102
f 97/134/104 142/180/151 141/179/150 96/133/103
f 98/135/105 143/181/152 142/180/151 97/134/104
f 99/136/106 144/182/153 143/181/152 98/135/105
f 100/137/107 145/183/154 144/182/153 99/136/106
f 101/138/108 146/184/155 145/183/154 100/137/107
f 102/139/109 147/185/156 146/184/155 101/138/108
f 103/140/110 148/186/157 147/185/156 102/139/109
f 104/141/111 149/187/158 148/186/157 103/140/110
f 105/97/66 150/143/113 149/187/158 104/141/111
f 106/142/112 151/188/159 194/189/160 150/143/113
f 107/144/114 152/190/161 151/191/159 106/145/112
f 108/146/115 153/192/162 152/190/161 107/144/114
f 109/147/116 154/193/163 153/192/162 108/146/115
f 110/148/117 155/194/164 154/193/163 109/147/116
f 111/149/118 156/195/165 155/194/166 110/148/119
f 112/150/120 157/196/167 156/195/168 111/149/121
f 113/151/122 158/197/169 157/196/167 112/150/120
f 114/152/123 159/198/170 158/197/169 113/151/122
f 115/153/124 160/199/171 159/198/170 114/152/123
f 116/154/125 161/200/172 160/199/171 115/153/124
f 117/155/126 162/201/173 161/200/172 116/154/125
f 118/156/127 163/202/174 162/201/173 117/155/126
f 119/157/128 164/203/175 163/202/174 118/156/127
f 120/158/129 165/204/176 164/203/175 119/157/128
f 121/159/130 166/205/177 165/204/176 120/158/129
f 122/160/131 167/206/178 166/205/177 121/159/130
f 123/161/132 168/207/179 167/206/178 122/160/131
f 124/162/133 169/208/180 168/207/179 123/161/132
f 125/163/134 170/209/181 169/208/180 124/162/133
f 126/164/135 171/210/182 170/209/181 125/163/134
f 127/165/136 172/211/183 171/210/182 126/164/135
f 128/166/137 173/212/184 172/211/183 127/165/136
f 131/169/140 175/213/185 174/214/186 130/167/138
f 132/170/141 176/215/187 175/213/185 131/169/140
f 133/171/142 177/216/188 176/215/187 132/170/141
f 134/172/143 178/217/189 177/216/188 133/171/142
f 135/173/144 179/218/190 178/217/189 134/172/143
f 136/174/145 180/219/191 179/218/190 135/173/144
f 137/175/146 181/220/192 180/219/191 136/174/145
f 138/176/147 182/221/193 181/220/192 137/175/146
f 139/177/148 183/222/194 182/221/193 138/176/147
f 140/178/149 184/223/195 183/222/194 139/177/148
f 141/179/150 185/224/196 184/223/195 140/178/149
f 142/180/151 186/225/197 185/224/196 141/179/150
f 143/181/152 187/226/198 186/225/197 142/180/151
f 144/182/153 188/227/199 187/226/198 143/181/152
f 145/183/154 189/228/200 188/227/199 144/182/153
f 146/184/155 190/229/201 189/228/200 145/183/154
f 147/185/156 191/230/202 190/229/201 146/184/155
f 148/186/157 192/231/203 191/230/202 147/185/156
f 149/187/158 193/232/204 192/231/203 148/186/157
f 150/143/113 194/189/160 193/232/204 149/187/158
f 151/188/159 195/233/205 238/234/206 194/189/160
f 152/190/161 196/235/207 195/236/205 151/191/159
f 153/192/162 197/237/208 196/235/207 152/190/161
f 154/193/163 198/238/209 197/237/208 153/192/162
f 155/194/164 199/239/210 198/238/209 154/193/163
f 156/195/165 200/240/211 199/239/212 155/194/166
f 157/196/167 201/241/213 200/240/214 156/195/168
f 158/197/169 202/242/215 201/241/213 157/196/167
f 159/198/170 203/243/216 202/242/215 158/197/169
f 160/199/171 204/244/217 203/243/216 159/198/170
f 205/245/218 204/244/218 2013/244/218 2014/245/218
f 162/201/173 206/246/219 205/245/220 161/200/172
f 163/202/174 207/247/221 206/246/219 162/201/173
f 164/203/175 208/248/222 207/247/221 163/202/174
f 165/204/176 209/249/223 208/248/222 164/203/175
f 166/205/177 210/250/224 209/249/223 165/204/176
f 167/206/178 211/251/225 210/250/224 166/205/177
f 168/207/179 212/252/226 211/251/225 167/206/178
f 169/208/180 213/253/227 212/252/226 168/207/179
f 170/209/181 214/254/228 213/253/227 169/208/180
f 171/210/182 215/255/229 214/254/228 170/209/181
f 172/211/183 216/256/230 215/255/229 171/210/182
f 173/212/184 217/257/231 216/256/230 172/211/183
f 175/213/185 219/258/232 218/259/233 174/214/186
f 176/215/187 220/260/234 219/258/232 175/213/185
f 177/216/188 221/261/235 220/260/234 176/215/187
f 178/217/189 222/262/236 221/261/235 177/216/188
f 179/218/190 223/263/237 222/262/236 178/217/189
f 180/219/191 224/264/238 223/263/237 179/218/190
f 181/220/192 225/265/239 224/264/238 180/219/191
f 182/221/193 226/266/240 225/265/239 181/220/192
f 183/222/194 227/267/241 226/266/240 182/221/193
f 184/223/195 228/268/242 227/267/241 183/222/194
f 185/224/196 229/269/243 228/268/242 184/223/195
f 186/225/197 230/270/244 229/269/243 185/224/196
f 187/226/198 231/271/245 230/270/244 186/225/197
f 188/227/199 232/272/246 231/271/245 187/226/198
f 189/228/200 233/273/247 232/272/246 188/227/199
f 190/229/201 234/274/248 233/273/247 189/228/200
f 191/230/202 235/275/249 234/274/248 190/229/201
f 192/231/203 236/276/250 235/275/249 191/230/202
f 193/232/204 237/277/251 236/276/250 192/231/203
f 194/189/160 238/234/206 237/277/251 193/232/204
f 195/233/205 239/278/252 281/279/253 238/234/206
f 196/235/207 240/280/254 239/281/252 195/236/205
f 197/237/208 241/282/255 240/280/254 196/235/207
f 198/238/209 242/283/256 241/282/255 197/237/208
f 199/239/210 243/284/257 242/283/256 198/238/209
f 200/240/211 244/285/258 243/284/259 199/239/212
f 201/241/213 245/286/260 244/285/261 200/240/214
f 202/242/215 246/287/262 245/286/260 201/241/213
f 203/243/216 247/288/263 246/287/262 202/242/215
f 204/244/217 248/289/264 247/288/263 203/243/216
f 205/245/220 249/290/265 248/289/264 204/244/217
f 206/246/219 250/291/266 249/290/265 205/245/220
f 207/247/221 251/292/267 250/291/266 206/246/219
f 208/248/222 252/293/268 251/292/267 207/247/221
f 209/249/223 253/294/269 252/293/268 208/248/222
f 210/250/224 254/295/270 253/294/269 209/249/223
f 211/251/225 255/296/271 254/295/270 210/250/224
f 212/252/226 256/297/272 255/296/271 211/251/225
f 213/253/227 257/298/273 256/297/272 212/252/226
f 214/254/228 258/299/274 257/298/273 213/253/227
f 215/255/229 259/300/275 258/299/274 214/254/228
f 216/256/230 260/301/276 259/300/275 215/255/229
f 219/258/232 262/302/277 261/303/278 218/259/233
f 220/260/234 263/304/279 262/302/277 219/258/232
f 221/261/235 264/305/280 263/304/279 220/260/234
f 222/262/236 265/306/281 264/305/280 221/261/235
f 223/263/237 266/307/282 265/306/281 222/262/236
f 224/264/238 267/308/283 266/307/282 223/263/237
f 225/265/239 268/309/284 267/308/283 224/264/238
f 226/266/240 269/310/285 268/309/284 225/265/239
f 227/267/241 270/311/286 269/310/285 226/266/240
f 228/268/242 271/312/287 270/311/286 227/267/241
f 229/269/243 272/313/288 271/312/287 228/268/242
f 230/270/244 273/314/289 272/313/288 229/269/243
f 231/271/245 274/315/290 273/314/289 230/270/244
f 232/272/246 275/316/291 274/315/290 231/271/245
f 233/273/247 276/317/292 275/316/291 232/272/246
f 234/274/248 277/318/293 276/317/292 233/273/247
f 235/275/249 278/319/294 277/318/293 234/274/248
f 236/276/250 279/320/295 278/319/294 235/275/249
f 237/277/251 280/321/296 279/320/295 236/276/250
f 238/234/206 281/279/253 280/321/296 237/277/251
f 239/278/252 282/322/297 324/323/298 281/279/253
f 240/280/254 283/324/299 282/325/297 239/281/252
f 241/282/255 284/326/300 283/324/299 240/280/254
f 242/283/256 285/327/301 284/326/300 241/282/255
f 243/284/257 286/328/302 285/327/301 242/283/256
f 244/285/258 287/329/303 286/328/304 243/284/259
f 245/286/260 288/330/305 287/329/306 244/285/261
f 246/287/262 289/331/307 288/330/305 245/286/260
f 247/288/263 290/332/308 289/331/307 246/287/262
f 248/289/264 291/333/309 290/332/308 247/288/263
f 249/290/265 292/334/310 291/333/309 248/289/264
f 250/291/266 293/335/311 292/334/310 249/290/265
f 251/292/267 294/336/312 293/335/311 250/291/266
f 252/293/268 295/337/313 294/336/312 251/292/267
f 253/294/269 296/338/314 295/337/313 252/293/268
f 254/295/270 297/339/315 296/338/314 253/294/269
f 255/296/271 298/340/316 297/339/315 254/295/270
f 256/297/272 299/341/317 298/340/316 255/296/271
f 257/298/273 300/342/318 299/341/317 256/297/272
f 258/299/274 301/343/319 300/342/318 257/298/273
f 259/300/275 302/344/320 301/343/319 258/299/274
f 260/301/276 303/345/321 302/344/320 259/300/275
f 262/302/277 305/346/322 304/347/323 261/303/278
f 263/304/279 306/348/324 305/346/322 262/302/277
f 264/305/280 307/349/325 306/348/324 263/304/279
f 265/306/281 308/350/326 307/349/325 264/305/280
f 266/307/282 309/351/327 308/350/326 265/306/281
f 267/308/283 310/352/328 309/351/327 266/307/282
f 268/309/284 311/353/329 310/352/328 267/308/283
f 269/310/285 312/354/330 311/353/329 268/309/284
f 270/311/286 313/355/331 312/354/330 269/310/285
f 271/312/287 314/356/332 313/355/331 270/311/286
f 272/313/288 315/357/333 314/356/332 271/312/287
f 273/314/289 316/358/334 315/357/333 272/313/288
f 274/315/290 317/359/335 316/358/334 273/314/289
f 275/316/291 318/360/336 317/359/335 274/315/290
f 276/317/292 319/361/337 318/360/336 275/316/291
f 277/318/293 320/362/338 319/361/337 276/317/292
f 278/319/294 321/363/339 320/362/338 277/318/293
f 279/320/295 322/364/340 321/363/339 278/319/294
f 280/321/296 323/365/341 322/364/340 279/320/295
f 281/279/253 324/323/298 323/365/341 280/321/296
f 282/322/297 325/366/342 367/367/343 324/323/298
f 283/324/299 326/368/344 325/369/342 282/325/297
f 284/326/300 327/370/345 326/368/344 283/324/299
f 285/327/301 328/371/346 327/370/345 284/326/300
f 286/328/302 329/372/347 328/371/346 285/327/301
f 287/329/303 330/373/348 329/372/349 286/328/304
f 288/330/305 331/374/350 330/373/351 287/329/306
f 289/331/307 332/375/352 331/374/350 288/330/305
f 290/332/308 333/376/353 332/375/352 289/331/307
f 291/333/309 334/377/354 333/376/353 290/332/308
f 292/334/310 335/378/355 334/377/354 291/333/309
f 293/335/311 336/379/356 335/378/355 292/334/310
f 294/336/312 337/380/357 336/379/356 293/335/311
f 295/337/313 338/381/358 337/380/357 294/336/312
f 296/338/314 339/382/359 338/381/358 295/337/313
f 297/339/315 340/383/360 339/382/359 296/338/314
f 298/340/316 341/384/361 340/383/360 297/339/315
f 299/341/317 342/385/362 341/384/361 298/340/316
f 300/342/318 343/386/363 342/385/362 299/341/317
f 301/343/319 344/387/364 343/386/363 300/342/318
f 302/344/320 345/388/365 344/387/364 301/343/319
f 303/345/321 346/389/366 345/388/365 302/344/320
f 305/346/322 348/390/367 347/391/368 304/347/323
f 306/348/324 349/392/369 348/390/367 305/346/322
f 307/349/325 350/393/370 349/392/369 306/348/324
f 308/350/326 351/394/371 350/393/370 307/349/325
f 309/351/327 352/395/372 351/394/371 308/350/326
f 310/352/328 353/396/373 352/395/372 309/351/327
f 311/353/329 354/397/374 353/396/373 310/352/328
f 312/354/330 355/398/375 354/397/374 311/353/329
f 313/355/331 356/399/376 355/398/375 312/354/330
f 314/356/332 357/400/377 356/399/376 313/355/331
f 315/357/333 358/401/378 357/400/377 314/356/332
f 316/358/334 359/402/379 358/401/378 315/357/333
f 317/359/335 360/403/380 359/402/379 316/358/334
f 318/360/336 361/404/381 360/403/380 317/359/335
f 319/361/337 362/405/382 361/404/381 318/360/336
f 320/362/338 363/406/383 362/405/382 319/361/337
f 321/363/339 364/407/384 363/406/383 320/362/338
f 322/364/340 365/408/385 364/407/384 321/363/339
f 323/365/341 366/409/386 365/408/385 322/364/340
f 324/323/298 367/367/343 366/409/386 323/365/341
f 325/366/342 368/410/387 410/411/388 367/367/343
f 326/368/344 369/412/389 368/413/387 325/369/342
f 327/370/345 370/414/390 369/412/389 326/368/344
f 328/371/346 371/415/391 370/414/390 327/370/345
f 329/372/347 372/416/392 371/415/391 328/371/346
f 330/373/348 373/417/393 372/416/394 329/372/349
f 331/374/350 374/418/395 373/417/396 330/373/351
f 332/375/352 375/419/397 374/418/395 331/374/350
f 333/376/353 376/420/398 375/419/397 332/375/352
f 334/377/354 377/421/399 376/420/398 333/376/353
f 421/422/218 420/423/218 2009/423/218 2010/422/218
f 336/379/356 379/424/400 378/425/401 335/378/355
f 337/380/357 380/426/402 379/424/400 336/379/356
f 338/381/358 381/427/403 380/426/402 337/380/357
f 339/382/359 382/428/404 381/427/403 338/381/358
f 340/383/360 383/429/405 382/428/404 339/382/359
f 341/384/361 384/430/406 383/429/405 340/383/360
f 342/385/362 385/431/407 384/430/406 341/384/361
f 343/386/363 386/432/408 385/431/407 342/385/362
f 344/387/364 387/433/409 386/432/408 343/386/363
f 345/388/365 388/434/410 387/433/409 344/387/364
f 346/389/366 389/435/411 388/434/410 345/388/365
f 348/390/367 391/436/412 390/437/413 347/391/368
f 349/392/369 392/438/414 391/436/412 348/390/367
f 350/393/370 393/439/415 392/438/414 349/392/369
f 351/394/371 394/440/416 393/439/415 350/393/370
f 352/395/372 395/441/417 394/440/416 351/394/371
f 353/396/373 396/442/418 395/441/417 352/395/372
f 354/397/374 397/443/419 396/442/418 353/396/373
f 355/398/375 398/444/420 397/443/419 354/397/374
f 356/399/376 399/445/421 398/444/420 355/398/375
f 357/400/377 400/446/422 399/445/421 356/399/376
f 358/401/378 401/447/423 400/446/422 357/400/377
f 359/402/379 402/448/424 401/447/423 358/401/378
f 360/403/380 403/449/425 402/448/424 359/402/379
f 361/404/381 404/450/426 403/449/425 360/403/380
f 362/405/382 405/451/427 404/450/426 361/404/381
f 363/406/383 406/452/428 405/451/427 362/405/382
f 364/407/384 407/453/429 406/452/428 363/406/383
f 365/408/385 408/454/430 407/453/429 364/407/384
f 366/409/386 409/455/431 408/454/430 365/408/385
f 367/367/343 410/411/388 409/455/431 366/409/386
f 368/410/387 411/456/432 453/457/433 410/411/388
f 369/412/389 412/458/434 411/459/432 368/413/387
f 370/414/390 413/460/435 412/458/434 369/412/389
f 371/415/391 414/461/436 413/460/435 370/414/390
f 372/416/392 415/462/437 414/461/436 371/415/391
f 373/417/393 416/463/438 415/462/439 372/416/394
f 374/418/395 417/464/440 416/463/441 373/417/396
f 375/419/397 418/465/442 417/464/440 374/418/395
f 376/420/398 419/466/443 418/465/442 375/419/397
f 377/421/399 420/423/444 419/466/443 376/420/398
f 335/378/445 378/425/446 2008/425/447 2006/378/445
f 379/424/400 422/467/448 421/422/449 378/425/401
f 380/426/402 423/468/450 422/467/448 379/424/400
f 381/427/403 424/469/451 423/468/450 380/426/402
f 382/428/404 425/470/452 424/469/451 381/427/403
f 383/429/405 426/471/453 425/470/452 382/428/404
f 384/430/406 427/472/454 426/471/453 383/429/405
f 385/431/407 428/473/455 427/472/454 384/430/406
f 386/432/408 429/474/456 428/473/455 385/431/407
f 387/433/409 430/475/457 429/474/456 386/432/408
f 388/434/410 431/476/458 430/475/457 387/433/409
f 389/435/411 432/477/459 431/476/458 388/434/410
f 391/436/412 434/478/460 433/479/461 390/437/413
f 392/438/414 435/480/462 434/478/460 391/436/412
f 393/439/415 436/481/463 435/480/462 392/438/414
f 394/440/416 437/482/464 436/481/463 393/439/415
f 395/441/417 438/483/465 437/482/464 394/440/416
f 396/442/418 439/484/466 438/483/465 395/441/417
f 397/443/419 440/485/467 439/484/466 396/442/418
f 398/444/420 441/486/468 440/485/467 397/443/419
f 399/445/421 442/487/469 441/486/468 398/444/420
f 400/446/422 443/488/470 442/487/469 399/445/421
f 401/447/423 444/489/471 443/488/470 400/446/422
f 402/448/424 445/490/472 444/489/471 401/447/423
f 403/449/425 446/491/473 445/490/472 402/448/424
f 404/450/426 447/492/474 446/491/473 403/449/425
f 405/451/427 448/493/475 447/492/474 404/450/426
f 406/452/428 449/494/476 448/493/475 405/451/427
f 407/453/429 450/495/477 449/494/476 406/452/428
f 408/454/430 451/496/478 450/495/477 407/453/429
f 409/455/431 452/497/479 451/496/478 408/454/430
f 410/411/388 453/457/433 452/497/479 409/455/431
f 411/456/432 454/498/480 496/499/481 453/457/433
f 412/458/434 455/500/482 454/501/480 411/459/432
f 413/460/435 456/502/483 455/500/482 412/458/434
f 414/461/436 457/503/484 456/502/483 413/460/435
f 415/462/437 458/504/485 457/503/484 414/461/436
f 416/463/438 459/505/486 458/504/487 415/462/439
f 417/464/440 460/506/488 459/505/489 416/463/441
f 418/465/442 461/507/490 460/506/488 417/464/440
f 419/466/443 462/508/491 461/507/490 418/465/442
f 420/423/444 463/509/492 462/508/491 419/466/443
f 421/422/449 464/510/493 463/509/492 420/423/444
f 422/467/448 465/511/494 464/510/493 421/422/449
f 423/468/450 466/512/495 465/511/494 422/467/448
f 424/469/451 467/513/496 466/512/495 423/468/450
f 425/470/452 468/514/497 467/513/496 424/469/451
f 426/471/453 469/515/498 468/514/497 425/470/452
f 427/472/454 470/516/499 469/515/498 426/471/453
f 428/473/455 471/517/500 470/516/499 427/472/454
f 429/474/456 472/518/501 471/517/500 428/473/455
f 430/475/457 473/519/502 472/518/501 429/474/456
f 431/476/458 474/520/503 473/519/502 430/475/457
f 432/477/459 475/521/504 474/520/503 431/476/458
f 434/478/460 477/522/505 476/523/506 433/479/461
f 435/480/462 478/524/507 477/522/505 434/478/460
f 436/481/463 479/525/508 478/524/507 435/480/462
f 437/482/464 480/526/509 479/525/508 436/481/463
f 438/483/465 481/527/510 480/526/509 437/482/464
f 439/484/466 482/528/511 481/527/510 438/483/465
f 440/485/467 483/529/512 482/528/511 439/484/466
f 441/486/468 484/530/513 483/529/512 440/485/467
f 442/487/469 485/531/514 484/530/513 441/486/468
f 443/488/470 486/532/515 485/531/514 442/487/469
f 444/489/471 487/533/516 486/532/515 443/488/470
f 445/490/472 488/534/517 487/533/516 444/489/471
f 446/491/473 489/535/518 488/534/517 445/490/472
f 447/492/474 490/536/519 489/535/518 446/491/473
f 448/493/475 491/537/520 490/536/519 447/492/474
f 449/494/476 492/538/521 491/537/520 448/493/475
f 450/495/477 493/539/522 492/538/521 449/494/476
f 451/496/478 494/540/523 493/539/522 450/495/477
f 452/497/479 495/541/524 494/540/523 451/496/478
f 453/457/433 496/499/481 495/541/524 452/497/479
f 454/498/480 497/542/525 539/543/526 496/499/481
f 455/500/482 498/544/527 497/545/525 454/501/480
f 456/502/483 499/546/528 498/544/527 455/500/482
f 457/503/484 500/547/529 499/546/528 456/502/483
f 458/504/485 501/548/530 500/547/529 457/503/484
f 459/505/486 502/549/531 501/548/532 458/504/487
f 460/506/488 503/550/533 502/549/534 459/505/489
f 461/507/490 504/551/535 503/550/533 460/506/488
f 462/508/491 505/552/536 504/551/535 461/507/490
f 463/509/492 506/553/537 505/552/536 462/508/491
f 464/510/493 507/554/538 506/553/537 463/509/492
f 465/511/494 508/555/539 507/554/538 464/510/493
f 466/512/495 509/556/540 508/555/539 465/511/494
f 467/513/496 510/557/541 509/556/540 466/512/495
f 468/514/497 511/558/542 510/557/541 467/513/496
f 469/515/498 512/559/543 511/558/542 468/514/497
f 470/516/499 513/560/544 512/559/543 469/515/498
f 471/517/500 514/561/545 513/560/544 470/516/499
f 472/518/501 515/562/546 514/561/545 471/517/500
f 473/519/502 516/563/547 515/562/546 472/518/501
f 474/520/503 517/564/548 516/563/547 473/519/502
f 475/521/504 518/565/549 517/564/548 474/520/503
f 477/522/505 520/566/550 519/567/551 476/523/506
f 478/524/507 521/568/552 520/566/550 477/522/505
f 479/525/508 522/569/553 521/568/552 478/524/507
f 480/526/509 523/570/554 522/569/553 479/525/508
f 481/527/510 524/571/555 523/570/554 480/526/509
f 482/528/511 525/572/556 524/571/555 481/527/510
f 483/529/512 526/573/557 525/572/556 482/528/511
f 484/530/513 527/574/558 526/573/557 483/529/512
f 485/531/514 528/575/559 527/574/558 484/530/513
f 486/532/515 529/576/560 528/575/559 485/531/514
f 487/533/516 530/577/561 529/576/560 486/532/515
f 488/534/517 531/578/562 530/577/561 487/533/516
f 489/535/518 532/579/563 531/578/562 488/534/517
f 490/536/519 533/580/564 532/579/563 489/535/518
f 491/537/520 534/581/565 533/580/564 490/536/519
f 492/538/521 535/582/566 534/581/565 491/537/520
f 493/539/522 536/583/567 535/582/566 492/538/521
f 494/540/523 537/584/568 536/583/567 493/539/522
f 495/541/524 538/585/569 537/584/568 494/540/523
f 496/499/481 539/543/526 538/585/569 495/541/524
f 497/542/525 540/586/570 582/587/571 539/543/526
f 498/544/527 541/588/572 540/589/570 497/545/525
f 499/546/528 542/590/573 541/588/572 498/544/527
f 500/547/529 543/591/574 542/590/573 499/546/528
f 501/548/530 544/592/575 543/591/574 500/547/529
f 502/549/531 545/593/576 544/592/577 501/548/532
f 503/550/533 546/594/578 545/593/579 502/549/534
f 504/551/535 547/595/580 546/594/578 503/550/533
f 505/552/536 548/596/581 547/595/580 504/551/535
f 506/553/537 549/597/582 548/596/581 505/552/536
f 507/554/538 550/598/583 549/597/582 506/553/537
f 508/555/539 551/599/584 550/598/583 507/554/538
f 509/556/540 552/600/585 551/599/584 508/555/539
f 510/557/541 553/601/586 552/600/585 509/556/540
f 511/558/542 554/602/587 553/601/586 510/557/541
f 512/559/543 555/603/588 554/602/587 511/558/542
f 513/560/544 556/604/589 555/603/588 512/559/543
f 514/561/545 557/605/590 556/604/589 513/560/544
f 515/562/546 558/606/591 557/605/590 514/561/545
f 516/563/547 559/607/592 558/606/591 515/562/546
f 517/564/548 560/608/593 559/607/592 516/563/547
f 518/565/549 561/609/594 560/608/593 517/564/548
f 520/566/550 563/610/595 562/611/596 519/567/551
f 521/568/552 564/612/597 563/610/595 520/566/550
f 522/569/553 565/613/598 564/612/597 521/568/552
f 523/570/554 566/614/599 565/613/598 522/569/553
f 524/571/555 567/615/600 566/614/599 523/570/554
f 525/572/556 568/616/601 567/615/600 524/571/555
f 526/573/557 569/617/602 568/616/601 525/572/556
f 527/574/558 570/618/603 569/617/602 526/573/557
f 528/575/559 571/619/604 570/618/603 527/574/558
f 529/576/560 572/620/605 571/619/604 528/575/559
f 530/577/561 573/621/606 572/620/605 529/576/560
f 531/578/562 574/622/607 573/621/606 530/577/561
f 532/579/563 575/623/608 574/622/607 531/578/562
f 533/580/564 576/624/609 575/623/608 532/579/563
f 534/581/565 577/625/610 576/624/609 533/580/564
f 535/582/566 578/626/611 577/625/610 534/581/565
f 536/583/567 579/627/612 578/626/611 535/582/566
f 537/584/568 580/628/613 579/627/612 536/583/567
f 538/585/569 581/629/614 580/628/613 537/584/568
f 539/543/526 582/587/571 581/629/614 538/585/569
f 540/586/570 583/630/615 625/631/616 582/587/571
f 541/588/572 584/632/617 583/633/615 540/589/570
f 542/590/573 585/634/618 584/632/617 541/588/572
f 543/591/574 586/635/619 585/634/618 542/590/573
f 544/592/575 587/636/620 586/635/619 543/591/574
f 545/593/576 588/637/621 587/636/622 544/592/577
f 546/594/578 589/638/623 588/637/624 545/593/579
f 547/595/580 590/639/625 589/638/623 546/594/578
f 548/596/581 591/640/626 590/639/625 547/595/580
f 549/597/582 592/641/627 591/640/626 548/596/581
f 550/598/583 593/642/628 592/641/627 549/597/582
f 551/599/584 594/643/629 593/642/628 550/598/583
f 552/600/585 595/644/630 594/643/629 551/599/584
f 553/601/586 596/645/631 595/644/630 552/600/585
f 554/602/587 597/646/632 596/645/631 553/601/586
f 555/603/588 598/647/633 597/646/632 554/602/587
f 556/604/589 599/648/634 598/647/633 555/603/588
f 557/605/590 600/649/635 599/648/634 556/604/589
f 558/606/591 601/650/636 600/649/635 557/605/590
f 559/607/592 602/651/637 601/650/636 558/606/591
f 560/608/593 603/652/638 602/651/637 559/607/592
f 561/609/594 604/653/639 603/652/638 560/608/593
f 563/610/595 606/654/640 605/655/641 562/611/596
f 564/612/597 607/656/642 606/654/640 563/610/595
f 565/613/598 608/657/643 607/656/642 564/612/597
f 566/614/599 609/658/644 608/657/643 565/613/598
f 567/615/600 610/659/645 609/658/644 566/614/599
f 568/616/601 611/660/646 610/659/645 567/615/600
f 569/617/602 612/661/647 611/660/646 568/616/601
f 570/618/603 613/662/648 612/661/647 569/617/602
f 571/619/604 614/663/649 613/662/648 570/618/603
f 572/620/605 615/664/650 614/663/649 571/619/604
f 573/621/606 616/665/651 615/664/650 572/620/605
f 574/622/607 617/666/652 616/665/651 573/621/606
f 575/623/608 618/667/653 617/666/652 574/622/607
f 576/624/609 619/668/654 618/667/653 575/623/608
f 577/625/610 620/669/655 619/668/654 576/624/609
f 578/626/611 621/670/656 620/669/655 577/625/610
f 579/627/612 622/671/657 621/670/656 578/626/611
f 580/628/613 623/672/658 622/671/657 579/627/612
f 581/629/614 624/673/659 623/672/658 580/628/613
f 582/587/571 625/631/616 624/673/659 581/629/614
f 583/630/615 626/674/660 668/675/661 625/631/616
f 584/632/617 627/676/662 626/677/660 583/633/615
f 585/634/618 628/678/663 627/676/662 584/632/617
f 586/635/619 629/679/664 628/678/663 585/634/618
f 587/636/620 630/680/665 629/679/664 586/635/619
f 588/637/621 631/681/666 630/680/667 587/636/622
f 589/638/623 632/682/668 631/681/669 588/637/624
f 590/639/625 633/683/670 632/682/668 589/638/623
f 591/640/626 634/684/671 633/683/670 590/639/625
f 592/641/627 635/685/672 634/684/671 591/640/626
f 678/686/673 635/685/674 2017/685/675 2019/686/673
f 594/643/629 637/687/676 636/688/677 593/642/628
f 595/644/630 638/689/678 637/687/676 594/643/629
f 596/645/631 639/690/679 638/689/678 595/644/630
f 597/646/632 640/691/680 639/690/679 596/645/631
f 598/647/633 641/692/681 640/691/680 597/646/632
f 599/648/634 642/693/682 641/692/681 598/647/633
f 600/649/635 643/694/683 642/693/682 599/648/634
f 601/650/636 644/695/684 643/694/683 600/649/635
f 602/651/637 645/696/685 644/695/684 601/650/636
f 603/652/638 646/697/686 645/696/685 602/651/637
f 604/653/639 647/698/687 646/697/686 603/652/638
f 606/654/640 649/699/688 648/700/689 605/655/641
f 607/656/642 650/701/690 649/699/688 606/654/640
f 608/657/643 651/702/691 650/701/690 607/656/642
f 609/658/644 652/703/692 651/702/691 608/657/643
f 610/659/645 653/704/693 652/703/692 609/658/644
f 611/660/646 654/705/694 653/704/693 610/659/645
f 612/661/647 655/706/695 654/705/694 611/660/646
f 613/662/648 656/707/696 655/706/695 612/661/647
f 614/663/649 657/708/697 656/707/696 613/662/648
f 615/664/650 658/709/698 657/708/697 614/663/649
f 616/665/651 659/710/699 658/709/698 615/664/650
f 617/666/652 660/711/700 659/710/699 616/665/651
f 618/667/653 661/712/701 660/711/700 617/666/652
f 619/668/654 662/713/702 661/712/701 618/667/653
f 620/669/655 663/714/703 662/713/702 619/668/654
f 621/670/656 664/715/704 663/714/703 620/669/655
f 622/671/657 665/716/705 664/715/704 621/670/656
f 623/672/658 666/717/706 665/716/705 622/671/657
f 624/673/659 667/718/707 666/717/706 623/672/658
f 625/631/616 668/675/661 667/718/707 624/673/659
f 626/674/660 669/719/708 711/720/709 668/675/661
f 627/676/662 670/721/710 669/722/708 626/677/660
f 628/678/663 671/723/711 670/721/710 627/676/662
f 629/679/664 672/724/712 671/723/711 628/678/663
f 630/680/665 673/725/713 672/724/712 629/679/664
f 631/681/666 674/726/714 673/725/715 630/680/667
f 632/682/668 675/727/716 674/726/717 631/681/669
f 633/683/670 676/728/718 675/727/716 632/682/668
f 634/684/671 677/729/719 676/728/718 633/683/670
f 635/685/672 678/686/720 677/729/719 634/684/671
f 636/688/721 679/730/722 2020/730/722 2018/688/723
f 637/687/676 680/731/724 679/730/725 636/688/677
f 638/689/678 681/732/726 680/731/724 637/687/676
f 639/690/679 682/733/727 681/732/726 638/689/678
f 640/691/680 683/734/728 682/733/727 639/690/679
f 641/692/681 684/735/729 683/734/728 640/691/680
f 642/693/682 685/736/730 684/735/729 641/692/681
f 643/694/683 686/737/731 685/736/730 642/693/682
f 644/695/684 687/738/732 686/737/731 643/694/683
f 645/696/685 688/739/733 687/738/732 644/695/684
f 646/697/686 689/740/734 688/739/733 645/696/685
f 647/698/687 690/741/735 689/740/734 646/697/686
f 649/699/688 692/742/736 691/743/737 648/700/689
f 650/701/690 693/744/738 692/742/736 649/699/688
f 651/702/691 694/745/739 693/744/738 650/701/690
f 652/703/692 695/746/740 694/745/739 651/702/691
f 653/704/693 696/747/741 695/746/740 652/703/692
f 654/705/694 697/748/742 696/747/741 653/704/693
f 655/706/695 698/749/743 697/748/742 654/705/694
f 656/707/696 699/750/744 698/749/743 655/706/695
f 657/708/697 700/751/745 699/750/744 656/707/696
f 658/709/698 701/752/746 700/751/745 657/708/697
f 659/710/699 702/753/747 701/752/746 658/709/698
f 660/711/700 703/754/748 702/753/747 659/710/699
f 661/712/701 704/755/749 703/754/748 660/711/700
f 662/713/702 705/756/750 704/755/749 661/712/701
f 663/714/703 706/757/751 705/756/750 662/713/702
f 664/715/704 707/758/752 706/757/751 663/714/703
f 665/716/705 708/759/753 707/758/752 664/715/704
f 666/717/706 709/760/754 708/759/753 665/716/705
f 667/718/707 710/761/755 709/760/754 666/717/706
f 668/675/661 711/720/709 710/761/755 667/718/707
f 669/719/708 712/762/756 754/763/757 711/720/709
f 670/721/710 713/764/758 712/765/756 669/722/708
f 671/723/711 714/766/759 713/764/758 670/721/710
f 672/724/712 715/767/760 714/766/759 671/723/711
f 673/725/713 716/768/761 715/767/760 672/724/712
f 674/726/714 717/769/762 716/768/763 673/725/715
f 675/727/716 718/770/764 717/769/765 674/726/717
f 676/728/718 719/771/766 718/770/764 675/727/716
f 677/729/719 720/772/767 719/771/766 676/728/718
f 678/686/720 721/773/768 720/772/767 677/729/719
f 679/730/725 722/774/769 721/773/768 678/686/720
f 680/731/724 723/775/770 722/774/769 679/730/725
f 681/732/726 724/776/771 723/775/770 680/731/724
f 682/733/727 725/777/772 724/776/771 681/732/726
f 683/734/728 726/778/773 725/777/772 682/733/727
f 684/735/729 727/779/774 726/778/773 683/734/728
f 685/736/730 728/780/775 727/779/774 684/735/729
f 686/737/731 729/781/776 728/780/775 685/736/730
f 687/738/732 730/782/777 729/781/776 686/737/731
f 688/739/733 731/783/778 730/782/777 687/738/732
f 689/740/734 732/784/779 731/783/778 688/739/733
f 690/741/735 733/785/780 732/784/779 689/740/734
f 692/742/736 735/786/781 734/787/782 691/743/737
f 693/744/738 736/788/783 735/786/781 692/742/736
f 694/745/739 737/789/784 736/788/783 693/744/738
f 695/746/740 738/790/785 737/789/784 694/745/739
f 696/747/741 739/791/786 738/790/785 695/746/740
f 697/748/742 740/792/787 739/791/786 696/747/741
f 698/749/743 741/793/788 740/792/787 697/748/742
f 699/750/744 742/794/789 741/793/788 698/749/743
f 700/751/745 743/795/790 742/794/789 699/750/744
f 701/752/746 744/796/791 743/795/790 700/751/745
f 702/753/747 745/797/792 744/796/791 701/752/746
f 703/754/748 746/798/793 745/797/792 702/753/747
f 704/755/749 747/799/794 746/798/793 703/754/748
f 705/756/750 748/800/795 747/799/794 704/755/749
f 706/757/751 749/801/796 748/800/795 705/756/750
f 707/758/752 750/802/797 749/801/796 706/757/751
f 708/759/753 751/803/798 750/802/797 707/758/752
f 709/760/754 752/804/799 751/803/798 708/759/753
f 710/761/755 753/805/800 752/804/799 709/760/754
f 711/720/709 754/763/757 753/805/800 710/761/755
f 712/762/756 755/806/801 797/807/802 754/763/757
f 713/764/758 756/808/803 755/809/801 712/765/756
f 714/766/759 757/810/804 756/808/803 713/764/758
f 715/767/760 758/811/805 757/810/804 714/766/759
f 716/768/761 759/812/806 758/811/805 715/767/760
f 717/769/762 760/813/807 759/812/808 716/768/763
f 718/770/764 761/814/809 760/813/810 717/769/765
f 719/771/766 762/815/811 761/814/809 718/770/764
f 720/772/767 763/816/812 762/815/811 719/771/766
f 721/773/768 764/817/813 763/816/812 720/772/767
f 722/774/769 765/818/814 764/817/813 721/773/768
f 723/775/770 766/819/815 765/818/814 722/774/769
f 724/776/771 767/820/816 766/819/815 723/775/770
f 725/777/772 768/821/817 767/820/816 724/776/771
f 726/778/773 769/822/818 768/821/817 725/777/772
f 727/779/774 770/823/819 769/822/818 726/778/773
f 728/780/775 771/824/820 770/823/819 727/779/774
f 729/781/776 772/825/821 771/824/820 728/780/775
f 730/782/777 773/826/822 772/825/821 729/781/776
f 731/783/778 774/827/823 773/826/822 730/782/777
f 732/784/779 775/828/824 774/827/823 731/783/778
f 733/785/780 776/829/825 775/828/824 732/784/779
f 735/786/781 778/830/826 777/831/827 734/787/782
f 736/788/783 779/832/828 778/830/826 735/786/781
f 737/789/784 780/833/829 779/832/828 736/788/783
f 738/790/785 781/834/830 780/833/829 737/789/784
f 739/791/786 782/835/831 781/834/830 738/790/785
f 740/792/787 783/836/832 782/835/831 739/791/786
f 741/793/788 784/837/833 783/836/832 740/792/787
f 742/794/789 785/838/834 784/837/833 741/793/788
f 743/795/790 786/839/835 785/838/834 742/794/789
f 744/796/791 787/840/836 786/839/835 743/795/790
f 745/797/792 788/841/837 787/840/836 744/796/791
f 746/798/793 789/842/838 788/841/837 745/797/792
f 747/799/794 790/843/839 789/842/838 746/798/793
f 748/800/795 791/844/840 790/843/839 747/799/794
f 749/801/796 792/845/841 791/844/840 748/800/795
f 750/802/797 793/846/842 792/845/841 749/801/796
f 751/803/798 794/847/843 793/846/842 750/802/797
f 752/804/799 795/848/844 794/847/843 751/803/798
f 753/805/800 796/849/845 795/848/844 752/804/799
f 754/763/757 797/807/802 796/849/845 753/805/800
f 755/806/801 798/850/846 840/851/847 797/807/802
f 756/808/803 799/852/848 798/853/846 755/809/801
f 757/810/804 800/854/849 799/852/848 756/808/803
f 758/811/805 801/855/850 800/854/849 757/810/804
f 759/812/806 802/856/851 801/855/850 758/811/805
f 760/813/807 803/857/852 802/856/853 759/812/808
f 761/814/809 804/858/854 803/857/855 760/813/810
f 762/815/811 805/859/856 804/858/854 761/814/809
f 763/816/812 806/860/857 805/859/856 762/815/811
f 764/817/813 807/861/858 806/860/857 763/816/812
f 765/818/814 808/862/859 807/861/858 764/817/813
f 766/819/815 809/863/860 808/862/859 765/818/814
f 767/820/816 810/864/861 809/863/860 766/819/815
f 768/821/817 811/865/862 810/864/861 767/820/816
f 769/822/818 812/866/863 811/865/862 768/821/817
f 770/823/819 813/867/864 812/866/863 769/822/818
f 771/824/820 814/868/865 813/867/864 770/823/819
f 772/825/821 815/869/866 814/868/865 771/824/820
f 773/826/822 816/870/867 815/869/866 772/825/821
f 774/827/823 817/871/868 816/870/867 773/826/822
f 775/828/824 818/872/869 817/871/868 774/827/823
f 776/829/825 819/873/870 818/872/869 775/828/824
f 778/830/826 821/874/871 820/875/872 777/831/827
f 779/832/828 822/876/873 821/874/871 778/830/826
f 780/833/829 823/877/874 822/876/873 779/832/828
f 781/834/830 824/878/875 823/877/874 780/833/829
f 782/835/831 825/879/876 824/878/875 781/834/830
f 783/836/832 826/880/877 825/879/876 782/835/831
f 784/837/833 827/881/878 826/880/877 783/836/832
f 785/838/834 828/882/879 827/881/878 784/837/833
f 786/839/835 829/883/880 828/882/879 785/838/834
f 787/840/836 830/884/881 829/883/880 786/839/835
f 788/841/837 831/885/882 830/884/881 787/840/836
f 789/842/838 832/886/883 831/885/882 788/841/837
f 790/843/839 833/887/884 832/886/883 789/842/838
f 791/844/840 834/888/885 833/887/884 790/843/839
f 792/845/841 835/889/886 834/888/885 791/844/840
f 793/846/842 836/890/887 835/889/886 792/845/841
f 794/847/843 837/891/888 836/890/887 793/846/842
f 795/848/844 838/892/889 837/891/888 794/847/843
f 796/849/845 839/893/890 838/892/889 795/848/844
f 797/807/802 840/851/847 839/893/890 796/849/845
f 798/850/846 841/894/891 884/895/892 840/851/847
f 799/852/848 842/896/893 841/897/891 798/853/846
f 800/854/849 843/898/894 842/896/893 799/852/848
f 801/855/850 844/899/895 843/898/894 800/854/849
f 802/856/851 845/900/896 844/899/895 801/855/850
f 803/857/852 846/901/897 845/900/898 802/856/853
f 804/858/854 847/902/899 846/901/900 803/857/855
f 805/859/856 848/903/901 847/902/899 804/858/854
f 806/860/857 849/904/902 848/903/901 805/859/856
f 807/861/858 850/905/903 849/904/902 806/860/857
f 808/862/859 851/906/904 850/905/903 807/861/858
f 809/863/860 852/907/905 851/906/904 808/862/859
f 810/864/861 853/908/906 852/907/905 809/863/860
f 811/865/862 854/909/907 853/908/906 810/864/861
f 812/866/863 855/910/908 854/909/907 811/865/862
f 813/867/864 856/911/909 855/910/908 812/866/863
f 814/868/865 857/912/910 856/911/909 813/867/864
f 815/869/866 858/913/911 857/912/910 814/868/865
f 816/870/867 859/914/912 858/913/911 815/869/866
f 817/871/868 860/915/913 859/914/912 816/870/867
f 818/872/869 861/916/914 860/915/913 817/871/868
f 819/873/870 862/917/915 861/916/914 818/872/869
f 821/874/871 865/918/916 864/919/917 820/875/872
f 822/876/873 866/920/918 865/918/916 821/874/871
f 823/877/874 867/921/919 866/920/918 822/876/873
f 824/878/875 868/922/920 867/921/919 823/877/874
f 825/879/876 869/923/921 868/922/920 824/878/875
f 826/880/877 870/924/922 869/923/921 825/879/876
f 827/881/878 871/925/923 870/924/922 826/880/877
f 828/882/879 872/926/924 871/925/923 827/881/878
f 829/883/880 873/927/925 872/926/924 828/882/879
f 830/884/881 874/928/926 873/927/925 829/883/880
f 831/885/882 875/929/927 874/928/926 830/884/881
f 832/886/883 876/930/928 875/929/927 831/885/882
f 833/887/884 877/931/929 876/930/928 832/886/883
f 834/888/885 878/932/930 877/931/929 833/887/884
f 835/889/886 879/933/931 878/932/930 834/888/885
f 836/890/887 880/934/932 879/933/931 835/889/886
f 837/891/888 881/935/933 880/934/932 836/890/887
f 838/892/889 882/936/934 881/935/933 837/891/888
f 839/893/890 883/937/935 882/936/934 838/892/889
f 840/851/847 884/895/892 883/937/935 839/893/890
f 841/894/891 885/938/936 928/939/937 884/895/892
f 842/896/893 886/940/938 885/941/936 841/897/891
f 843/898/894 887/942/939 886/940/938 842/896/893
f 844/899/895 888/943/940 887/942/939 843/898/894
f 845/900/896 889/944/941 888/943/940 844/899/895
f 846/901/897 890/945/942 889/944/943 845/900/898
f 847/902/899 891/946/944 890/945/945 846/901/900
f 848/903/901 892/947/946 891/946/944 847/902/899
f 849/904/902 893/948/947 892/947/946 848/903/901
f 850/905/903 894/949/948 893/948/947 849/904/902
f 851/906/949 895/950/950 2024/950/951 2022/906/949
f 852/907/905 896/951/952 895/950/953 851/906/904
f 853/908/906 897/952/954 896/951/952 852/907/905
f 854/909/907 898/953/955 897/952/954 853/908/906
f 855/910/908 899/954/956 898/953/955 854/909/907
f 856/911/909 900/955/957 899/954/956 855/910/908
f 857/912/910 901/956/958 900/955/957 856/911/909
f 858/913/911 902/957/959 901/956/958 857/912/910
f 859/914/912 903/958/960 902/957/959 858/913/911
f 860/915/913 904/959/961 903/958/960 859/914/912
f 861/916/914 905/960/962 904/959/961 860/915/913
f 862/917/915 906/961/963 905/960/962 861/916/914
f 863/962/964 907/963/965 906/961/963 862/917/915
f 865/918/916 909/964/966 908/965/967 864/919/917
f 866/920/918 910/966/968 909/964/966 865/918/916
f 867/921/919 911/967/969 910/966/968 866/920/918
f 868/922/920 912/968/970 911/967/969 867/921/919
f 869/923/921 913/969/971 912/968/970 868/922/920
f 870/924/922 914/970/972 913/969/971 869/923/921
f 871/925/923 915/971/973 914/970/972 870/924/922
f 872/926/924 916/972/974 915/971/973 871/925/923
f 873/927/925 917/973/975 916/972/974 872/926/924
f 874/928/926 918/974/976 917/973/975 873/927/925
f 875/929/927 919/975/977 918/974/976 874/928/926
f 876/930/928 920/976/978 919/975/977 875/929/927
f 877/931/929 921/977/979 920/976/978 876/930/928
f 878/932/930 922/978/980 921/977/979 877/931/929
f 879/933/931 923/979/981 922/978/980 878/932/930
f 880/934/932 924/980/982 923/979/981 879/933/931
f 881/935/933 925/981/983 924/980/982 880/934/932
f 882/936/934 926/982/984 925/981/983 881/935/933
f 883/937/935 927/983/985 926/982/984 882/936/934
f 884/895/892 928/939/937 927/983/985 883/937/935
f 885/938/936 929/984/986 972/985/987 928/939/937
f 886/940/938 930/986/988 929/987/986 885/941/936
f 887/942/939 931/988/989 930/986/988 886/940/938
f 888/943/940 932/989/990 931/988/989 887/942/939
f 889/944/941 933/990/991 932/989/990 888/943/940
f 890/945/942 934/991/992 933/990/993 889/944/943
f 891/946/944 935/992/994 934/991/995 890/945/945
f 892/947/946 936/993/996 935/992/994 891/946/944
f 893/948/947 937/994/997 936/993/996 892/947/946
f 894/949/948 938/995/998 937/994/997 893/948/947
f 939/996/218 938/995/218 2025/995/218 2026/996/218
f 896/951/952 940/997/999 939/996/1000 895/950/953
f 897/952/954 941/998/1001 940/997/999 896/951/952
f 898/953/955 942/999/1002 941/998/1001 897/952/954
f 899/954/956 943/1000/1003 942/999/1002 898/953/955
f 900/955/957 944/1001/1004 943/1000/1003 899/954/956
f 901/956/958 945/1002/1005 944/1001/1004 900/955/957
f 902/957/959 946/1003/1006 945/1002/1005 901/956/958
f 903/958/960 947/1004/1007 946/1003/1006 902/957/959
f 904/959/961 948/1005/1008 947/1004/1007 903/958/960
f 905/960/962 949/1006/1009 948/1005/1008 904/959/961
f 906/961/963 950/1007/1010 949/1006/1009 905/960/962
f 907/963/965 951/1008/1011 950/1007/1010 906/961/963
f 909/964/966 953/1009/1012 952/1010/1013 908/965/967
f 910/966/968 954/1011/1014 953/1009/1012 909/964/966
f 911/967/969 955/1012/1015 954/1011/1014 910/966/968
f 912/968/970 956/1013/1016 955/1012/1015 911/967/969
f 913/969/971 957/1014/1017 956/1013/1016 912/968/970
f 914/970/972 958/1015/1018 957/1014/1017 913/969/971
f 915/971/973 959/1016/1019 958/1015/1018 914/970/972
f 916/972/974 960/1017/1020 959/1016/1019 915/971/973
f 917/973/975 961/1018/1021 960/1017/1020 916/972/974
f 918/974/976 962/1019/1022 961/1018/1021 917/973/975
f 919/975/977 963/1020/1023 962/1019/1022 918/974/976
f 920/976/978 964/1021/1024 963/1020/1023 919/975/977
f 921/977/979 965/1022/1025 964/1021/1024 920/976/978
f 922/978/980 966/1023/1026 965/1022/1025 921/977/979
f 923/979/981 967/1024/1027 966/1023/1026 922/978/980
f 924/980/982 968/1025/1028 967/1024/1027 923/979/981
f 925/981/983 969/1026/1029 968/1025/1028 924/980/982
f 926/982/984 970/1027/1030 969/1026/1029 925/981/983
f 927/983/985 971/1028/1031 970/1027/1030 926/982/984
f 928/939/937 972/985/987 971/1028/1031 927/983/985
f 929/984/986 973/1029/1032 1016/1030/1033 972/985/987
f 930/986/988 974/1031/1034 973/1032/1032 929/987/986
f 931/988/989 975/1033/1035 974/1031/1034 930/986/988
f 932/989/990 976/1034/1036 975/1033/1035 931/988/989
f 933/990/991 977/1035/1037 976/1034/1036 932/989/990
f 934/991/992 978/1036/1038 977/1035/1038 933/990/993
f 935/992/994 979/1037/1039 978/1036/1040 934/991/995
f 936/993/996 980/1038/1041 979/1037/1039 935/992/994
f 937/994/997 981/1039/1042 980/1038/1041 936/993/996
f 938/995/998 982/1040/1043 981/1039/1042 937/994/997
f 939/996/1000 983/1041/1044 982/1040/1043 938/995/998
f 940/997/999 984/1042/1045 983/1041/1044 939/996/1000
f 941/998/1001 985/1043/1046 984/1042/1045 940/997/999
f 942/999/1002 986/1044/1047 985/1043/1046 941/998/1001
f 943/1000/1003 987/1045/1048 986/1044/1047 942/999/1002
f 944/1001/1004 988/1046/1049 987/1045/1048 943/1000/1003
f 945/1002/1005 989/1047/1050 988/1046/1049 944/1001/1004
f 946/1003/1006 990/1048/1051 989/1047/1050 945/1002/1005
f 947/1004/1007 991/1049/1052 990/1048/1051 946/1003/1006
f 948/1005/1008 992/1050/1053 991/1049/1052 947/1004/1007
f 949/1006/1009 993/1051/1054 992/1050/1053 948/1005/1008
f 950/1007/1010 994/1052/1055 993/1051/1054 949/1006/1009
f 951/1008/1011 995/1053/1056 994/1052/1055 950/1007/1010
f 953/1009/1012 997/1054/1057 996/1055/1058 952/1010/1013
f 954/1011/1014 998/1056/1059 997/1054/1057 953/1009/1012
f 955/1012/1015 999/1057/1060 998/1056/1059 954/1011/1014
f 956/1013/1016 1000/1058/1061 999/1057/1060 955/1012/1015
f 957/1014/1017 1001/1059/1062 1000/1058/1061 956/1013/1016
f 958/1015/1018 1002/1060/1063 1001/1059/1062 957/1014/1017
f 959/1016/1019 1003/1061/1064 1002/1060/1063 958/1015/1018
f 960/1017/1020 1004/1062/1065 1003/1061/1064 959/1016/1019
f 961/1018/1021 1005/1063/1066 1004/1062/1065 960/1017/1020
f 962/1019/1022 1006/1064/1067 1005/1063/1066 961/1018/1021
f 963/1020/1023 1007/1065/1068 1006/1064/1067 962/1019/1022
f 964/1021/1024 1008/1066/1069 1007/1065/1068 963/1020/1023
f 965/1022/1025 1009/1067/1070 1008/1066/1069 964/1021/1024
f 966/1023/1026 1010/1068/1071 1009/1067/1070 965/1022/1025
f 967/1024/1027 1011/1069/1072 1010/1068/1071 966/1023/1026
f 968/1025/1028 1012/1070/1073 1011/1069/1072 967/1024/1027
f 969/1026/1029 1013/1071/1074 1012/1070/1073 968/1025/1028
f 970/1027/1030 1014/1072/1075 1013/1071/1074 969/1026/1029
f 971/1028/1031 1015/1073/1076 1014/1072/1075 970/1027/1030
f 972/985/987 1016/1030/1033 1015/1073/1076 971/1028/1031
f 973/1029/1032 1017/1074/1077 1060/1075/1078 1016/1030/1033
f 974/1031/1034 1018/1076/1079 1017/1077/1077 973/1032/1032
f 975/1033/1035 1019/1078/1080 1018/1076/1079 974/1031/1034
f 976/1034/1036 1020/1079/1081 1019/1078/1080 975/1033/1035
f 977/1035/1037 1021/1080/1082 1020/1079/1081 976/1034/1036
f 978/1036/1038 1022/1081/1083 1021/1080/1083 977/1035/1038
f 979/1037/1039 1023/1082/1084 1022/1081/1085 978/1036/1040
f 980/1038/1041 1024/1083/1086 1023/1082/1084 979/1037/1039
f 981/1039/1042 1025/1084/1087 1024/1083/1086 980/1038/1041
f 982/1040/1043 1026/1085/1088 1025/1084/1087 981/1039/1042
f 983/1041/1044 1027/1086/1089 1026/1085/1088 982/1040/1043
f 984/1042/1045 1028/1087/1090 1027/1086/1089 983/1041/1044
f 985/1043/1046 1029/1088/1091 1028/1087/1090 984/1042/1045
f 986/1044/1047 1030/1089/1092 1029/1088/1091 985/1043/1046
f 987/1045/1048 1031/1090/1093 1030/1089/1092 986/1044/1047
f 988/1046/1049 1032/1091/1094 1031/1090/1093 987/1045/1048
f 989/1047/1050 1033/1092/1095 1032/1091/1094 988/1046/1049
f 990/1048/1051 1034/1093/1096 1033/1092/1095 989/1047/1050
f 991/1049/1052 1035/1094/1097 1034/1093/1096 990/1048/1051
f 992/1050/1053 1036/1095/1098 1035/1094/1097 991/1049/1052
f 993/1051/1054 1037/1096/1099 1036/1095/1098 992/1050/1053
f 994/1052/1055 1038/1097/1100 1037/1096/1099 993/1051/1054
f 995/1053/1056 1039/1098/1101 1038/1097/1100 994/1052/1055
f 997/1054/1057 1041/1099/1102 1040/1100/1103 996/1055/1058
f 998/1056/1059 1042/1101/1104 1041/1099/1102 997/1054/1057
f 999/1057/1060 1043/1102/1105 1042/1101/1104 998/1056/1059
f 1000/1058/1061 1044/1103/1106 1043/1102/1105 999/1057/1060
f 1001/1059/1062 1045/1104/1107 1044/1103/1106 1000/1058/1061
f 1002/1060/1063 1046/1105/1108 1045/1104/1107 1001/1059/1062
f 1003/1061/1064 1047/1106/1109 1046/1105/1108 1002/1060/1063
f 1004/1062/1065 1048/1107/1110 1047/1106/1109 1003/1061/1064
f 1005/1063/1066 1049/1108/1111 1048/1107/1110 1004/1062/1065
f 1006/1064/1067 1050/1109/1112 1049/1108/1111 1005/1063/1066
f 1007/1065/1068 1051/1110/1113 1050/1109/1112 1006/1064/1067
f 1008/1066/1069 1052/1111/1114 1051/1110/1113 1007/1065/1068
f 1009/1067/1070 1053/1112/1115 1052/1111/1114 1008/1066/1069
f 1010/1068/1071 1054/1113/1116 1053/1112/1115 1009/1067/1070
f 1011/1069/1072 1055/1114/1117 1054/1113/1116 1010/1068/1071
f 1012/1070/1073 1056/1115/1118 1055/1114/1117 1011/1069/1072
f 1013/1071/1074 1057/1116/1119 1056/1115/1118 1012/1070/1073
f 1014/1072/1075 1058/1117/1120 1057/1116/1119 1013/1071/1074
f 1015/1073/1076 1059/1118/1121 1058/1117/1120 1014/1072/1075
f 1016/1030/1033 1060/1075/1078 1059/1118/1121 1015/1073/1076
f 1017/1074/1077 1061/1119/1077 1104/1120/1078 1060/1075/1078
f 1018/1076/1079 1062/1121/1079 1061/1122/1077 1017/1077/1077
f 1019/1078/1080 1063/1123/1080 1062/1121/1079 1018/1076/1079
f 1020/1079/1081 1064/1124/1081 1063/1123/1080 1019/1078/1080
f 1021/1080/1082 1065/1125/1082 1064/1124/1081 1020/1079/1081
f 1022/1081/1083 1066/1126/1083 1065/1125/1083 1021/1080/1083
f 1023/1082/1084 1067/1127/1084 1066/1126/1085 1022/1081/1085
f 1024/1083/1086 1068/1128/1086 1067/1127/1084 1023/1082/1084
f 1025/1084/1087 1069/1129/1087 1068/1128/1086 1024/1083/1086
f 1026/1085/1088 1070/1130/1088 1069/1129/1087 1025/1084/1087
f 1027/1086/1089 1071/1131/1089 1070/1130/1088 1026/1085/1088
f 1028/1087/1090 1072/1132/1090 1071/1131/1089 1027/1086/1089
f 1029/1088/1091 1073/1133/1091 1072/1132/1090 1028/1087/1090
f 1030/1089/1092 1074/1134/1092 1073/1133/1091 1029/1088/1091
f 1031/1090/1093 1075/1135/1093 1074/1134/1092 1030/1089/1092
f 1032/1091/1094 1076/1136/1094 1075/1135/1093 1031/1090/1093
f 1033/1092/1095 1077/1137/1095 1076/1136/1094 1032/1091/1094
f 1034/1093/1096 1078/1138/1122 1077/1137/1095 1033/1092/1095
f 1035/1094/1097 1079/1139/1097 1078/1138/1122 1034/1093/1096
f 1036/1095/1098 1080/1140/1098 1079/1139/1097 1035/1094/1097
f 1037/1096/1099 1081/1141/1099 1080/1140/1098 1036/1095/1098
f 1038/1097/1100 1082/1142/1100 1081/1141/1099 1037/1096/1099
f 1039/1098/1101 1083/1143/1101 1082/1142/1100 1038/1097/1100
f 1041/1099/1102 1085/1144/1102 1084/1145/1103 1040/1100/1103
f 1042/1101/1104 1086/1146/1104 1085/1144/1102 1041/1099/1102
f 1043/1102/1105 1087/1147/1105 1086/1146/1104 1042/1101/1104
f 1044/1103/1106 1088/1148/1106 1087/1147/1105 1043/1102/1105
f 1045/1104/1107 1089/1149/1107 1088/1148/1106 1044/1103/1106
f 1046/1105/1108 1090/1150/1108 1089/1149/1107 1045/1104/1107
f 1047/1106/1109 1091/1151/1109 1090/1150/1108 1046/1105/1108
f 1048/1107/1110 1092/1152/1123 1091/1151/1109 1047/1106/1109
f 1049/1108/1111 1093/1153/1111 1092/1152/1123 1048/1107/1110
f 1050/1109/1112 1094/1154/1112 1093/1153/1111 1049/1108/1111
f 1051/1110/1113 1095/1155/1113 1094/1154/1112 1050/1109/1112
f 1052/1111/1114 1096/1156/1114 1095/1155/1113 1051/1110/1113
f 1053/1112/1115 1097/1157/1115 1096/1156/1114 1052/1111/1114
f 1054/1113/1116 1098/1158/1116 1097/1157/1115 1053/1112/1115
f 1055/1114/1117 1099/1159/1117 1098/1158/1116 1054/1113/1116
f 1056/1115/1118 1100/1160/1118 1099/1159/1117 1055/1114/1117
f 1057/1116/1119 1101/1161/1119 1100/1160/1118 1056/1115/1118
f 1058/1117/1120 1102/1162/1120 1101/1161/1119 1057/1116/1119
f 1059/1118/1121 1103/1163/1124 1102/1162/1120 1058/1117/1120
f 1060/1075/1078 1104/1120/1078 1103/1163/1124 1059/1118/1121
f 1061/1119/1077 1105/1164/1077 1148/1165/1078 1104/1120/1078
f 1062/1121/1079 1106/1166/1079 1105/1167/1077 1061/1122/1077
f 1063/1123/1080 1107/1168/1080 1106/1166/1079 1062/1121/1079
f 1064/1124/1081 1108/1169/1081 1107/1168/1080 1063/1123/1080
f 1065/1125/1082 1109/1170/1082 1108/1169/1081 1064/1124/1081
f 1066/1126/1083 1110/1171/1083 1109/1170/1083 1065/1125/1083
f 1067/1127/1084 1111/1172/1084 1110/1171/1085 1066/1126/1085
f 1068/1128/1086 1112/1173/1086 1111/1172/1084 1067/1127/1084
f 1069/1129/1087 1113/1174/1087 1112/1173/1086 1068/1128/1086
f 1070/1130/1088 1114/1175/1088 1113/1174/1087 1069/1129/1087
f 1071/1131/1089 1115/1176/1089 1114/1175/1088 1070/1130/1088
f 1072/1132/1090 1116/1177/1090 1115/1176/1089 1071/1131/1089
f 1073/1133/1091 1117/1178/1091 1116/1177/1090 1072/1132/1090
f 1074/1134/1092 1118/1179/1092 1117/1178/1091 1073/1133/1091
f 1075/1135/1093 1119/1180/1093 1118/1179/1092 1074/1134/1092
f 1076/1136/1094 1120/1181/1094 1119/1180/1093 1075/1135/1093
f 1077/1137/1095 1121/1182/1095 1120/1181/1094 1076/1136/1094
f 1078/1138/1122 1122/1183/1122 1121/1182/1095 1077/1137/1095
f 1079/1139/1097 1123/1184/1097 1122/1183/1122 1078/1138/1122
f 1080/1140/1098 1124/1185/1098 1123/1184/1097 1079/1139/1097
f 1081/1141/1099 1125/1186/1099 1124/1185/1098 1080/1140/1098
f 1082/1142/1100 1126/1187/1100 1125/1186/1099 1081/1141/1099
f 1083/1143/1101 1127/1188/1101 1126/1187/1100 1082/1142/1100
f 1085/1144/1102 1129/1189/1102 1128/1190/1103 1084/1145/1103
f 1086/1146/1104 1130/1191/1104 1129/1189/1102 1085/1144/1102
f 1087/1147/1105 1131/1192/1105 1130/1191/1104 1086/1146/1104
f 1088/1148/1106 1132/1193/1106 1131/1192/1105 1087/1147/1105
f 1089/1149/1107 1133/1194/1107 1132/1193/1106 1088/1148/1106
f 1090/1150/1108 1134/1195/1108 1133/1194/1107 1089/1149/1107
f 1091/1151/1109 1135/1196/1109 1134/1195/1108 1090/1150/1108
f 1092/1152/1123 1136/1197/1123 1135/1196/1109 1091/1151/1109
f 1093/1153/1111 1137/1198/1111 1136/1197/1123 1092/1152/1123
f 1094/1154/1112 1138/1199/1112 1137/1198/1111 1093/1153/1111
f 1095/1155/1113 1139/1200/1113 1138/1199/1112 1094/1154/1112
f 1096/1156/1114 1140/1201/1114 1139/1200/1113 1095/1155/1113
f 1097/1157/1115 1141/1202/1115 1140/1201/1114 1096/1156/1114
f 1098/1158/1116 1142/1203/1116 1141/1202/1115 1097/1157/1115
f 1099/1159/1117 1143/1204/1117 1142/1203/1116 1098/1158/1116
f 1100/1160/1118 1144/1205/1118 1143/1204/1117 1099/1159/1117
f 1101/1161/1119 1145/1206/1119 1144/1205/1118 1100/1160/1118
f 1102/1162/1120 1146/1207/1120 1145/1206/1119 1101/1161/1119
f 1103/1163/1124 1147/1208/1121 1146/1207/1120 1102/1162/1120
f 1104/1120/1078 1148/1165/1078 1147/1208/1121 1103/1163/1124
f 1105/1164/1077 1149/1209/1077 1193/1210/1078 1148/1165/1078
f 1106/1166/1079 1150/1211/1079 1149/1212/1077 1105/1167/1077
f 1107/1168/1080 1151/1213/1080 1150/1211/1079 1106/1166/1079
f 1108/1169/1081 1152/1214/1081 1151/1213/1080 1107/1168/1080
f 1109/1170/1082 1153/1215/1082 1152/1214/1081 1108/1169/1081
f 1110/1171/1083 1154/1216/1083 1153/1215/1083 1109/1170/1083
f 1111/1172/1084 1155/1217/1084 1154/1216/1085 1110/1171/1085
f 1112/1173/1086 1156/1218/1086 1155/1217/1084 1111/1172/1084
f 1113/1174/1087 1157/1219/1087 1156/1218/1086 1112/1173/1086
f 1114/1175/1088 1158/1220/1088 1157/1219/1087 1113/1174/1087
f 1115/1176/1089 1159/1221/1089 1158/1220/1088 1114/1175/1088
f 1116/1177/1090 1160/1222/1090 1159/1221/1089 1115/1176/1089
f 1117/1178/1091 1161/1223/1091 1160/1222/1090 1116/1177/1090
f 1118/1179/1092 1162/1224/1092 1161/1223/1091 1117/1178/1091
f 1119/1180/1093 1163/1225/1093 1162/1224/1092 1118/1179/1092
f 1120/1181/1094 1164/1226/1094 1163/1225/1093 1119/1180/1093
f 1121/1182/1095 1165/1227/1095 1164/1226/1094 1120/1181/1094
f 1122/1183/1122 1166/1228/1096 1165/1227/1095 1121/1182/1095
f 1123/1184/1097 1167/1229/1097 1166/1228/1096 1122/1183/1122
f 1124/1185/1098 1168/1230/1098 1167/1229/1097 1123/1184/1097
f 1125/1186/1099 1169/1231/1099 1168/1230/1098 1124/1185/1098
f 1126/1187/1100 1170/1232/1100 1169/1231/1099 1125/1186/1099
f 1127/1188/1101 1171/1233/1101 1170/1232/1100 1126/1187/1100
f 1129/1189/1102 1174/1234/1102 1173/1235/1125 1128/1190/1103
f 1130/1191/1104 1175/1236/1104 1174/1234/1102 1129/1189/1102
f 1131/1192/1105 1176/1237/1105 1175/1236/1104 1130/1191/1104
f 1132/1193/1106 1177/1238/1106 1176/1237/1105 1131/1192/1105
f 1133/1194/1107 1178/1239/1107 1177/1238/1106 1132/1193/1106
f 1134/1195/1108 1179/1240/1108 1178/1239/1107 1133/1194/1107
f 1135/1196/1109 1180/1241/1109 1179/1240/1108 1134/1195/1108
f 1136/1197/1123 1181/1242/1110 1180/1241/1109 1135/1196/1109
f 1137/1198/1111 1182/1243/1111 1181/1242/1110 1136/1197/1123
f 1138/1199/1112 1183/1244/1112 1182/1243/1111 1137/1198/1111
f 1139/1200/1113 1184/1245/1126 1183/1244/1112 1138/1199/1112
f 1140/1201/1114 1185/1246/1114 1184/1245/1126 1139/1200/1113
f 1141/1202/1115 1186/1247/1115 1185/1246/1114 1140/1201/1114
f 1142/1203/1116 1187/1248/1116 1186/1247/1115 1141/1202/1115
f 1143/1204/1117 1188/1249/1117 1187/1248/1116 1142/1203/1116
f 1144/1205/1118 1189/1250/1118 1188/1249/1117 1143/1204/1117
f 1145/1206/1119 1190/1251/1119 1189/1250/1118 1144/1205/1118
f 1146/1207/1120 1191/1252/1120 1190/1251/1119 1145/1206/1119
f 1147/1208/1121 1192/1253/1124 1191/1252/1120 1146/1207/1120
f 1148/1165/1078 1193/1210/1078 1192/1253/1124 1147/1208/1121
f 1149/1209/1077 1194/1254/1077 1238/1255/1078 1193/1210/1078
f 1150/1211/1079 1195/1256/1079 1194/1257/1077 1149/1212/1077
f 1151/1213/1080 1196/1258/1080 1195/1256/1079 1150/1211/1079
f 1152/1214/1081 1197/1259/1081 1196/1258/1080 1151/1213/1080
f 1153/1215/1082 1198/1260/1127 1197/1259/1081 1152/1214/1081
f 1154/1216/1083 1199/1261/1128 1198/1260/1083 1153/1215/1083
f 1155/1217/1084 1200/1262/1084 1199/1261/1085 1154/1216/1085
f 1156/1218/1086 1201/1263/1086 1200/1262/1084 1155/1217/1084
f 1157/1219/1087 1202/1264/1087 1201/1263/1086 1156/1218/1086
f 1158/1220/1088 1203/1265/1088 1202/1264/1087 1157/1219/1087
f 1159/1221/1089 1204/1266/1089 1203/1265/1088 1158/1220/1088
f 1160/1222/1090 1205/1267/1090 1204/1266/1089 1159/1221/1089
f 1161/1223/1091 1206/1268/1091 1205/1267/1090 1160/1222/1090
f 1162/1224/1092 1207/1269/1092 1206/1268/1091 1161/1223/1091
f 1163/1225/1093 1208/1270/1093 1207/1269/1092 1162/1224/1092
f 1164/1226/1094 1209/1271/1094 1208/1270/1093 1163/1225/1093
f 1165/1227/1095 1210/1272/1095 1209/1271/1094 1164/1226/1094
f 1166/1228/1096 1211/1273/1096 1210/1272/1095 1165/1227/1095
f 1167/1229/1097 1212/1274/1097 1211/1273/1096 1166/1228/1096
f 1168/1230/1098 1213/1275/1098 1212/1274/1097 1167/1229/1097
f 1169/1231/1099 1214/1276/1099 1213/1275/1098 1168/1230/1098
f 1170/1232/1100 1215/1277/1100 1214/1276/1099 1169/1231/1099
f 1171/1233/1101 1216/1278/1129 1215/1277/1100 1170/1232/1100
f 1173/1235/1125 1218/1279/1130 1217/1280/1131 1172/1281/1131
f 1174/1234/1102 1219/1282/1102 1218/1279/1130 1173/1235/1125
f 1175/1236/1104 1220/1283/1104 1219/1282/1102 1174/1234/1102
f 1176/1237/1105 1221/1284/1105 1220/1283/1104 1175/1236/1104
f 1177/1238/1106 1222/1285/1106 1221/1284/1105 1176/1237/1105
f 1178/1239/1107 1223/1286/1107 1222/1285/1106 1177/1238/1106
f 1179/1240/1108 1224/1287/1108 1223/1286/1107 1178/1239/1107
f 1180/1241/1109 1225/1288/1109 1224/1287/1108 1179/1240/1108
f 1181/1242/1110 1226/1289/1110 1225/1288/1109 1180/1241/1109
f 1182/1243/1111 1227/1290/1111 1226/1289/1110 1181/1242/1110
f 1183/1244/1112 1228/1291/1112 1227/1290/1111 1182/1243/1111
f 1184/1245/1126 1229/1292/1113 1228/1291/1112 1183/1244/1112
f 1185/1246/1114 1230/1293/1114 1229/1292/1113 1184/1245/1126
f 1186/1247/1115 1231/1294/1115 1230/1293/1114 1185/1246/1114
f 1187/1248/1116 1232/1295/1116 1231/1294/1115 1186/1247/1115
f 1188/1249/1117 1233/1296/1117 1232/1295/1116 1187/1248/1116
f 1189/1250/1118 1234/1297/1118 1233/1296/1117 1188/1249/1117
f 1190/1251/1119 1235/1298/1119 1234/1297/1118 1189/1250/1118
f 1191/1252/1120 1236/1299/1120 1235/1298/1119 1190/1251/1119
f 1192/1253/1124 1237/1300/1124 1236/1299/1120 1191/1252/1120
f 1193/1210/1078 1238/1255/1078 1237/1300/1124 1192/1253/1124
f 1194/1254/1077 1239/1301/1077 1283/1302/1078 1238/1255/1078
f 1195/1256/1079 1240/1303/1079 1239/1304/1077 1194/1257/1077
f 1196/1258/1080 1241/1305/1080 1240/1303/1079 1195/1256/1079
f 1197/1259/1081 1242/1306/1081 1241/1305/1080 1196/1258/1080
f 1198/1260/1127 1243/1307/1082 1242/1306/1081 1197/1259/1081
f 1199/1261/1128 1244/1308/1083 1243/1307/1128 1198/1260/1083
f 1200/1262/1084 1245/1309/1084 1244/1308/1085 1199/1261/1085
f 1201/1263/1086 1246/1310/1086 1245/1309/1084 1200/1262/1084
f 1202/1264/1087 1247/1311/1087 1246/1310/1086 1201/1263/1086
f 1203/1265/1088 1248/1312/1088 1247/1311/1087 1202/1264/1087
f 1204/1266/1089 1249/1313/1089 1248/1312/1088 1203/1265/1088
f 1205/1267/1090 1250/1314/1090 1249/1313/1089 1204/1266/1089
f 1206/1268/1091 1251/1315/1091 1250/1314/1090 1205/1267/1090
f 1207/1269/1092 1252/1316/1092 1251/1315/1091 1206/1268/1091
f 1208/1270/1093 1253/1317/1093 1252/1316/1092 1207/1269/1092
f 1209/1271/1094 1254/1318/1094 1253/1317/1093 1208/1270/1093
f 1210/1272/1095 1255/1319/1095 1254/1318/1094 1209/1271/1094
f 1211/1273/1096 1256/1320/1096 1255/1319/1095 1210/1272/1095
f 1212/1274/1097 1257/1321/1132 1256/1320/1096 1211/1273/1096
f 1213/1275/1098 1258/1322/1098 1257/1321/1132 1212/1274/1097
f 1214/1276/1099 1259/1323/1099 1258/1322/1098 1213/1275/1098
f 1215/1277/1100 1260/1324/1100 1259/1323/1099 1214/1276/1099
f 1216/1278/1129 1261/1325/1101 1260/1324/1100 1215/1277/1100
f 1218/1279/1130 1263/1326/1130 1262/1327/1133 1217/1280/1131
f 1219/1282/1102 1264/1328/1102 1263/1326/1130 1218/1279/1130
f 1220/1283/1104 1265/1329/1104 1264/1328/1102 1219/1282/1102
f 1221/1284/1105 1266/1330/1105 1265/1329/1104 1220/1283/1104
f 1222/1285/1106 1267/1331/1106 1266/1330/1105 1221/1284/1105
f 1223/1286/1107 1268/1332/1107 1267/1331/1106 1222/1285/1106
f 1224/1287/1108 1269/1333/1108 1268/1332/1107 1223/1286/1107
f 1225/1288/1109 1270/1334/1109 1269/1333/1108 1224/1287/1108
f 1226/1289/1110 1271/1335/1110 1270/1334/1109 1225/1288/1109
f 1227/1290/1111 1272/1336/1111 1271/1335/1110 1226/1289/1110
f 1228/1291/1112 1273/1337/1112 1272/1336/1111 1227/1290/1111
f 1229/1292/1113 1274/1338/1113 1273/1337/1112 1228/1291/1112
f 1230/1293/1114 1275/1339/1114 1274/1338/1113 1229/1292/1113
f 1231/1294/1115 1276/1340/1115 1275/1339/1114 1230/1293/1114
f 1232/1295/1116 1277/1341/1116 1276/1340/1115 1231/1294/1115
f 1233/1296/1117 1278/1342/1117 1277/1341/1116 1232/1295/1116
f 1234/1297/1118 1279/1343/1118 1278/1342/1117 1233/1296/1117
f 1235/1298/1119 1280/1344/1119 1279/1343/1118 1234/1297/1118
f 1236/1299/1120 1281/1345/1120 1280/1344/1119 1235/1298/1119
f 1237/1300/1124 1282/1346/1121 1281/1345/1120 1236/1299/1120
f 1238/1255/1078 1283/1302/1078 1282/1346/1121 1237/1300/1124
f 1239/1301/1077 1284/1347/1077 1328/1348/1078 1283/1302/1078
f 1240/1303/1079 1285/1349/1134 1284/1350/1077 1239/1304/1077
f 1241/1305/1080 1286/1351/1080 1285/1349/1134 1240/1303/1079
f 1242/1306/1081 1287/1352/1081 1286/1351/1080 1241/1305/1080
f 1243/1307/1082 1288/1353/1082 1287/1352/1081 1242/1306/1081
f 1244/1308/1083 1289/1354/1135 1288/1353/1135 1243/1307/1128
f 1245/1309/1084 1290/1355/1136 1289/1354/1137 1244/1308/1085
f 1246/1310/1086 1291/1356/1086 1290/1355/1136 1245/1309/1084
f 1247/1311/1087 1292/1357/1138 1291/1356/1086 1246/1310/1086
f 1248/1312/1088 1293/1358/1088 1292/1357/1138 1247/1311/1087
f 1249/1313/1089 1294/1359/1089 1293/1358/1088 1248/1312/1088
f 1250/1314/1090 1295/1360/1139 1294/1359/1089 1249/1313/1089
f 1251/1315/1091 1296/1361/1091 1295/1360/1139 1250/1314/1090
f 1252/1316/1092 1297/1362/1140 1296/1361/1091 1251/1315/1091
f 1253/1317/1093 1298/1363/1141 1297/1362/1140 1252/1316/1092
f 1254/1318/1094 1299/1364/1142 1298/1363/1141 1253/1317/1093
f 1255/1319/1095 1300/1365/1095 1299/1364/1142 1254/1318/1094
f 1256/1320/1096 1301/1366/1096 1300/1365/1095 1255/1319/1095
f 1257/1321/1132 1302/1367/1143 1301/1366/1096 1256/1320/1096
f 1258/1322/1098 1303/1368/1144 1302/1367/1143 1257/1321/1132
f 1259/1323/1099 1304/1369/1099 1303/1368/1144 1258/1322/1098
f 1260/1324/1100 1305/1370/1145 1304/1369/1099 1259/1323/1099
f 1261/1325/1101 1306/1371/1146 1305/1370/1145 1260/1324/1100
f 1263/1326/1130 1308/1372/1130 1307/1373/1131 1262/1327/1133
f 1264/1328/1102 1309/1374/1102 1308/1372/1130 1263/1326/1130
f 1265/1329/1104 1310/1375/1104 1309/1374/1102 1264/1328/1102
f 1266/1330/1105 1311/1376/1105 1310/1375/1104 1265/1329/1104
f 1267/1331/1106 1312/1377/1106 1311/1376/1105 1266/1330/1105
f 1268/1332/1107 1313/1378/1107 1312/1377/1106 1267/1331/1106
f 1269/1333/1108 1314/1379/1108 1313/1378/1107 1268/1332/1107
f 1270/1334/1109 1315/1380/1147 1314/1379/1108 1269/1333/1108
f 1271/1335/1110 1316/1381/1148 1315/1380/1147 1270/1334/1109
f 1272/1336/1111 1317/1382/1111 1316/1381/1148 1271/1335/1110
f 1273/1337/1112 1318/1383/1149 1317/1382/1111 1272/1336/1111
f 1274/1338/1113 1319/1384/1150 1318/1383/1149 1273/1337/1112
f 1275/1339/1114 1320/1385/1114 1319/1384/1150 1274/1338/1113
f 1276/1340/1115 1321/1386/1115 1320/1385/1114 1275/1339/1114
f 1277/1341/1116 1322/1387/1116 1321/1386/1115 1276/1340/1115
f 1278/1342/1117 1323/1388/1151 1322/1387/1116 1277/1341/1116
f 1279/1343/1118 1324/1389/1118 1323/1388/1151 1278/1342/1117
f 1280/1344/1119 1325/1390/1152 1324/1389/1118 1279/1343/1118
f 1281/1345/1120 1326/1391/1120 1325/1390/1152 1280/1344/1119
f 1282/1346/1121 1327/1392/1124 1326/1391/1120 1281/1345/1120
f 1283/1302/1078 1328/1348/1078 1327/1392/1124 1282/1346/1121
f 1284/1347/1077 1329/1393/1153 1373/1394/1154 1328/1348/1078
f 1285/1349/1134 1330/1395/1155 1329/1396/1153 1284/1350/1077
f 1286/1351/1080 1331/1397/1156 1330/1395/1155 1285/1349/1134
f 1287/1352/1081 1332/1398/1157 1331/1397/1156 1286/1351/1080
f 1288/1353/1082 1333/1399/1082 1332/1398/1157 1287/1352/1081
f 1289/1354/1135 1334/1400/1135 1333/1399/1135 1288/1353/1135
f 1290/1355/1136 1335/1401/1158 1334/1400/1159 1289/1354/1137
f 1291/1356/1086 1336/1402/1160 1335/1401/1158 1290/1355/1136
f 1292/1357/1138 1337/1403/1161 1336/1402/1160 1291/1356/1086
f 1293/1358/1088 1338/1404/1162 1337/1403/1161 1292/1357/1138
f 1294/1359/1089 1339/1405/1163 1338/1404/1162 1293/1358/1088
f 1295/1360/1139 1340/1406/1164 1339/1405/1163 1294/1359/1089
f 1296/1361/1091 1341/1407/1165 1340/1406/1164 1295/1360/1139
f 1297/1362/1140 1342/1408/1166 1341/1407/1165 1296/1361/1091
f 1298/1363/1141 1343/1409/1167 1342/1408/1166 1297/1362/1140
f 1299/1364/1142 1344/1410/1168 1343/1409/1167 1298/1363/1141
f 1300/1365/1095 1345/1411/1169 1344/1410/1168 1299/1364/1142
f 1301/1366/1096 1346/1412/1170 1345/1411/1169 1300/1365/1095
f 1302/1367/1143 1347/1413/1171 1346/1412/1170 1301/1366/1096
f 1303/1368/1144 1348/1414/1172 1347/1413/1171 1302/1367/1143
f 1304/1369/1099 1349/1415/1173 1348/1414/1172 1303/1368/1144
f 1305/1370/1145 1350/1416/1174 1349/1415/1173 1304/1369/1099
f 1306/1371/1146 1351/1417/1146 1350/1416/1174 1305/1370/1145
f 1308/1372/1130 1353/1418/1175 1352/1419/1131 1307/1373/1131
f 1309/1374/1102 1354/1420/1176 1353/1418/1175 1308/1372/1130
f 1310/1375/1104 1355/1421/1177 1354/1420/1176 1309/1374/1102
f 1311/1376/1105 1356/1422/1178 1355/1421/1177 1310/1375/1104
f 1312/1377/1106 1357/1423/1179 1356/1422/1178 1311/1376/1105
f 1313/1378/1107 1358/1424/1180 1357/1423/1179 1312/1377/1106
f 1314/1379/1108 1359/1425/1181 1358/1424/1180 1313/1378/1107
f 1315/1380/1147 1360/1426/1182 1359/1425/1181 1314/1379/1108
f 1316/1381/1148 1361/1427/1183 1360/1426/1182 1315/1380/1147
f 1317/1382/1111 1362/1428/1184 1361/1427/1183 1316/1381/1148
f 1318/1383/1149 1363/1429/1185 1362/1428/1184 1317/1382/1111
f 1319/1384/1150 1364/1430/1186 1363/1429/1185 1318/1383/1149
f 1320/1385/1114 1365/1431/1187 1364/1430/1186 1319/1384/1150
f 1321/1386/1115 1366/1432/1188 1365/1431/1187 1320/1385/1114
f 1322/1387/1116 1367/1433/1189 1366/1432/1188 1321/1386/1115
f 1323/1388/1151 1368/1434/1190 1367/1433/1189 1322/1387/1116
f 1324/1389/1118 1369/1435/1191 1368/1434/1190 1323/1388/1151
f 1325/1390/1152 1370/1436/1192 1369/1435/1191 1324/1389/1118
f 1326/1391/1120 1371/1437/1193 1370/1436/1192 1325/1390/1152
f 1327/1392/1124 1372/1438/1194 1371/1437/1193 1326/1391/1120
f 1328/1348/1078 1373/1394/1154 1372/1438/1194 1327/1392/1124
f 1329/1393/1195 1374/1439/1195 1418/1440/1196 1373/1394/1197
f 1330/1395/1155 1375/1441/1198 1374/1442/1199 1329/1396/1153
f 1331/1397/1156 1376/1443/1200 1375/1441/1198 1330/1395/1155
f 1332/1398/1157 1377/1444/1201 1376/1443/1200 1331/1397/1156
f 1333/1399/1202 1378/1445/1202 1377/1444/1202 1332/1398/1202
f 1334/1400/1203 1379/1446/1203 1378/1445/1203 1333/1399/1203
f 1335/1401/1204 1380/1447/1204 1379/1446/1204 1334/1400/1204
f 1336/1402/1160 1381/1448/1205 1380/1447/1206 1335/1401/1158
f 1337/1403/1207 1382/1449/1207 1381/1448/1205 1336/1402/1160
f 1338/1404/1208 1383/1450/1209 1382/1449/1210 1337/1403/1208
f 1339/1405/1211 1384/1451/1212 1383/1450/1202 1338/1404/1202
f 1340/1406/1213 1385/1452/1213 1384/1451/1212 1339/1405/1211
f 1341/1407/1165 1386/1453/1214 1385/1452/1215 1340/1406/1215
f 1342/1408/1166 1387/1454/1216 1386/1453/1214 1341/1407/1165
f 1343/1409/1202 1388/1455/1202 1387/1454/1202 1342/1408/1202
f 1344/1410/1217 1389/1456/1217 1388/1455/1217 1343/1409/1217
f 1345/1411/1169 1390/1457/1218 1389/1456/1219 1344/1410/1168
f 1346/1412/1170 1391/1458/1220 1390/1457/1218 1345/1411/1169
f 1347/1413/1221 1392/1459/1222 1391/1458/1223 1346/1412/1223
f 1348/1414/1224 1393/1460/1224 1392/1459/1222 1347/1413/1221
f 1349/1415/1173 1394/1461/1225 1393/1460/1226 1348/1414/1172
f 1350/1416/1174 1395/1462/1227 1394/1461/1225 1349/1415/1173
f 1351/1417/1228 1396/1463/1228 1395/1462/1228 1350/1416/1228
f 1353/1418/1229 1398/1464/1229 1397/1465/1229 1352/1419/1229
f 1354/1420/1230 1399/1466/1231 1398/1464/1232 1353/1418/1232
f 1355/1421/1233 1400/1467/1233 1399/1466/1231 1354/1420/1230
f 1356/1422/1234 1401/1468/1235 1400/1467/1236 1355/1421/1236
f 1357/1423/1237 1402/1469/1238 1401/1468/1235 1356/1422/1234
f 1358/1424/1239 1403/1470/1239 1402/1469/1238 1357/1423/1237
f 1359/1425/1202 1404/1471/1202 1403/1470/1202 1358/1424/1202
f 1360/1426/1182 1405/1472/1240 1404/1471/1241 1359/1425/1241
f 1361/1427/1183 1406/1473/1242 1405/1472/1240 1360/1426/1182
f 1362/1428/1184 1407/1474/1243 1406/1473/1242 1361/1427/1183
f 1363/1429/1244 1408/1475/1245 1407/1474/1246 1362/1428/1246
f 1364/1430/1247 1409/1476/1247 1408/1475/1245 1363/1429/1244
f 1365/1431/1202 1410/1477/1202 1409/1476/1202 1364/1430/1202
f 1366/1432/1248 1411/1478/1249 1410/1477/1250 1365/1431/1250
f 1367/1433/1251 1412/1479/1252 1411/1478/1249 1366/1432/1248
f 1368/1434/1253 1413/1480/1254 1412/1479/1252 1367/1433/1251
f 1369/1435/1255 1414/1481/1256 1413/1480/1254 1368/1434/1253
f 1370/1436/1257 1415/1482/1257 1414/1481/1256 1369/1435/1255
f 1371/1437/1193 1416/1483/1258 1415/1482/1259 1370/1436/1192
f 1372/1438/1250 1417/1484/1250 1416/1483/1250 1371/1437/1250
f 1373/1394/1197 1418/1440/1196 1417/1484/1260 1372/1438/1260
f 1374/1439/1261 1419/1485/1261 1463/1486/1261 1418/1440/1261
f 1375/1441/1262 1420/1487/1263 1419/1488/1264 1374/1442/1264
f 1376/1443/1265 1421/1489/1266 1420/1487/1263 1375/1441/1262
f 1377/1444/1267 1422/1490/1267 1421/1489/1266 1376/1443/1265
f 1378/1445/1268 1423/1491/1268 1422/1490/1268 1377/1444/1268
f 1379/1446/218 1424/1492/218 1423/1491/218 1378/1445/218
f 1380/1447/1269 1425/1493/1270 1424/1492/1271 1379/1446/1271
f 1381/1448/1272 1426/1494/1273 1425/1493/1270 1380/1447/1269
f 1382/1449/1274 1427/1495/1274 1426/1494/1273 1381/1448/1272
f 1383/1450/1209 1428/1496/1275 1427/1495/1275 1382/1449/1210
f 1384/1451/1276 1429/1497/1276 1428/1496/1276 1383/1450/1276
f 1385/1452/1277 1430/1498/1278 1429/1497/1279 1384/1451/1279
f 1386/1453/1280 1431/1499/1280 1430/1498/1278 1385/1452/1277
f 1387/1454/1281 1432/1500/1281 1431/1499/1281 1386/1453/1281
f 1388/1455/1282 1433/1501/1282 1432/1500/1282 1387/1454/1282
f 1389/1456/1202 1434/1502/1202 1433/1501/1202 1388/1455/1202
f 1390/1457/1283 1435/1503/1283 1434/1502/1283 1389/1456/1283
f 1391/1458/1220 1436/1504/1284 1435/1503/1285 1390/1457/1218
f 1392/1459/1286 1437/1505/1286 1436/1504/1284 1391/1458/1220
f 1393/1460/1287 1438/1506/1288 1437/1505/1289 1392/1459/1290
f 1394/1461/1291 1439/1507/1292 1438/1506/1288 1393/1460/1287
f 1395/1462/1293 1440/1508/1293 1439/1507/1292 1394/1461/1291
f 1396/1463/1294 1441/1509/1294 1440/1508/1294 1395/1462/1294
f 1398/1464/1295 1443/1510/1295 1442/1511/1295 1397/1465/1295
f 1399/1466/1296 1444/1512/1297 1443/1510/1298 1398/1464/1298
f 1400/1467/1299 1445/1513/1299 1444/1512/1297 1399/1466/1296
f 1401/1468/1300 1446/1514/1301 1445/1513/1302 1400/1467/1302
f 1402/1469/1303 1447/1515/1304 1446/1514/1301 1401/1468/1300
f 1403/1470/1305 1448/1516/1306 1447/1515/1304 1402/1469/1303
f 1404/1471/1307 1449/1517/1308 1448/1516/1309 1403/1470/1309
f 1405/1472/1310 1450/1518/1310 1449/1517/1308 1404/1471/1307
f 1406/1473/1311 1451/1519/1312 1450/1518/1313 1405/1472/1313
f 1407/1474/1314 1452/1520/1315 1451/1519/1312 1406/1473/1311
f 1408/1475/1316 1453/1521/1316 1452/1520/1316 1407/1474/1316
f 1409/1476/1317 1454/1522/1317 1453/1521/1317 1408/1475/1317
f 1410/1477/1260 1455/1523/1260 1454/1522/1260 1409/1476/1260
f 1411/1478/1318 1456/1524/1319 1455/1523/1320 1410/1477/1320
f 1412/1479/1321 1457/1525/1321 1456/1524/1319 1411/1478/1318
f 1413/1480/1322 1458/1526/1323 1457/1525/1324 1412/1479/1324
f 1414/1481/1325 1459/1527/1325 1458/1526/1323 1413/1480/1322
f 1415/1482/1326 1460/1528/1326 1459/1527/1326 1414/1481/1326
f 1416/1483/1258 1461/1529/1327 1460/1528/1268 1415/1482/1259
f 1417/1484/1328 1462/1530/1328 1461/1529/1327 1416/1483/1258
f 1418/1440/1196 1463/1486/1260 1462/1530/1260 1417/1484/1260
f 1419/1485/1329 1464/1531/1329 1508/1532/1330 1463/1486/1331
f 1420/1487/1332 1465/1533/1333 1464/1534/1334 1419/1488/1334
f 1421/1489/1335 1466/1535/1335 1465/1533/1333 1420/1487/1332
f 1422/1490/1336 1467/1536/1336 1466/1535/1336 1421/1489/1336
f 1423/1491/1337 1468/1537/1337 1467/1536/1337 1422/1490/1337
f 1424/1492/1338 1469/1538/1338 1468/1537/1338 1423/1491/1338
f 1425/1493/1339 1470/1539/1339 1469/1538/1339 1424/1492/1339
f 1426/1494/1340 1471/1540/1340 1470/1539/1340 1425/1493/1340
f 1427/1495/1341 1472/1541/1341 1471/1540/1341 1426/1494/1341
f 1428/1496/1342 1473/1542/1342 1472/1541/1342 1427/1495/1342
f 1429/1497/1343 1474/1543/1343 1473/1542/1343 1428/1496/1343
f 1430/1498/1344 1475/1544/1345 1474/1543/218 1429/1497/218
f 1431/1499/1346 1476/1545/1346 1475/1544/1345 1430/1498/1344
f 1432/1500/1347 1477/1546/1348 1476/1545/1349 1431/1499/1349
f 1433/1501/1350 1478/1547/1351 1477/1546/1348 1432/1500/1347
f 1434/1502/1352 1479/1548/1352 1478/1547/1352 1433/1501/1352
f 1435/1503/1353 1480/1549/1353 1479/1548/1353 1434/1502/1353
f 1436/1504/1354 1481/1550/1354 1480/1549/1354 1435/1503/1354
f 1437/1505/1289 1482/1551/1355 1481/1550/1356 1436/1504/1356
f 1438/1506/1288 1483/1552/1357 1482/1551/1355 1437/1505/1289
f 1439/1507/1358 1484/1553/1358 1483/1552/1358 1438/1506/1358
f 1440/1508/1359 1485/1554/1359 1484/1553/1359 1439/1507/1359
f 1441/1509/1360 1486/1555/1360 1485/1554/1360 1440/1508/1360
f 1443/1510/1361 1488/1556/1362 1487/1557/1363 1442/1511/1363
f 1444/1512/1364 1489/1558/1365 1488/1556/1362 1443/1510/1361
f 1445/1513/1366 1490/1559/1367 1489/1558/1365 1444/1512/1364
f 1446/1514/1368 1491/1560/1368 1490/1559/1367 1445/1513/1366
f 1447/1515/1369 1492/1561/1369 1491/1560/1369 1446/1514/1369
f 1448/1516/1306 1493/1562/1370 1492/1561/1371 1447/1515/1304
f 1449/1517/1372 1494/1563/1372 1493/1562/1370 1448/1516/1306
f 1450/1518/1373 1495/1564/1373 1494/1563/1372 1449/1517/1372
f 1451/1519/1312 1496/1565/1374 1495/1564/1375 1450/1518/1376
f 1452/1520/1315 1497/1566/1377 1496/1565/1374 1451/1519/1312
f 1453/1521/1378 1498/1567/1378 1497/1566/1378 1452/1520/1378
f 1454/1522/1379 1499/1568/1380 1498/1567/1381 1453/1521/1381
f 1455/1523/1382 1500/1569/1382 1499/1568/1380 1454/1522/1379
f 1456/1524/1383 1501/1570/1383 1500/1569/1383 1455/1523/1383
f 1457/1525/1384 1502/1571/1385 1501/1570/1386 1456/1524/1386
f 1458/1526/1387 1503/1572/1388 1502/1571/1385 1457/1525/1384
f 1459/1527/1389 1504/1573/1389 1503/1572/1388 1458/1526/1387
f 1460/1528/1390 1505/1574/1390 1504/1573/1390 1459/1527/1390
f 1461/1529/1391 1506/1575/1392 1505/1574/1393 1460/1528/1393
f 1462/1530/1394 1507/1576/1394 1506/1575/1392 1461/1529/1391
f 1463/1486/1331 1508/1532/1330 1507/1576/1395 1462/1530/1395
f 1464/1531/1396 1509/1577/1396 1553/1578/1396 1508/1532/1396
f 1465/1533/1397 1510/1579/1398 1509/1580/1264 1464/1534/1264
f 1466/1535/1399 1511/1581/1399 1510/1579/1398 1465/1533/1397
f 1467/1536/1400 1512/1582/1400 1511/1581/1400 1466/1535/1400
f 1468/1537/1401 1513/1583/1401 1512/1582/1401 1467/1536/1401
f 1469/1538/1402 1514/1584/1402 1513/1583/1402 1468/1537/1402
f 1470/1539/1403 1515/1585/1403 1514/1584/1403 1469/1538/1403
f 1471/1540/1404 1516/1586/1404 1515/1585/1404 1470/1539/1404
f 1472/1541/1405 1517/1587/1405 1516/1586/1405 1471/1540/1405
f 1473/1542/1202 1518/1588/1202 1517/1587/1202 1472/1541/1202
f 1474/1543/1406 1519/1589/1407 1518/1588/1408 1473/1542/1408
f 1475/1544/1409 1520/1590/1409 1519/1589/1407 1474/1543/1406
f 1476/1545/1202 1521/1591/1202 1520/1590/1202 1475/1544/1202
f 1477/1546/1202 1522/1592/1202 1521/1591/1202 1476/1545/1202
f 1478/1547/1351 1523/1593/1410 1522/1592/1410 1477/1546/1348
f 1479/1548/1411 1524/1594/1411 1523/1593/1411 1478/1547/1411
f 1480/1549/1412 1525/1595/1413 1524/1594/1414 1479/1548/1414
f 1481/1550/1415 1526/1596/1416 1525/1595/1413 1480/1549/1412
f 1482/1551/1417 1527/1597/1418 1526/1596/1419 1481/1550/1419
f 1483/1552/1420 1528/1598/1420 1527/1597/1418 1482/1551/1417
f 1484/1553/1421 1529/1599/1421 1528/1598/1421 1483/1552/1421
f 1485/1554/1422 1530/1600/1423 1529/1599/1424 1484/1553/1422
f 1486/1555/1425 1531/1601/1425 1530/1600/1425 1485/1554/1425
f 1488/1556/1426 1533/1602/1427 1532/1603/1428 1487/1557/1428
f 1489/1558/1429 1534/1604/1430 1533/1602/1427 1488/1556/1426
f 1490/1559/1431 1535/1605/1432 1534/1604/1430 1489/1558/1429
f 1491/1560/1433 1536/1606/1434 1535/1605/1432 1490/1559/1431
f 1492/1561/1435 1537/1607/1436 1536/1606/1434 1491/1560/1433
f 1493/1562/1437 1538/1608/1438 1537/1607/1439 1492/1561/1440
f 1494/1563/1202 1539/1609/1202 1538/1608/1438 1493/1562/1437
f 1495/1564/1441 1540/1610/1441 1539/1609/1441 1494/1563/1441
f 1496/1565/1374 1541/1611/1442 1540/1610/1443 1495/1564/1375
f 1497/1566/1377 1542/1612/1444 1541/1611/1442 1496/1565/1374
f 1498/1567/1445 1543/1613/1446 1542/1612/1444 1497/1566/1377
f 1499/1568/1447 1544/1614/1448 1543/1613/1446 1498/1567/1445
f 1500/1569/1449 1545/1615/1450 1544/1614/1448 1499/1568/1447
f 1501/1570/1451 1546/1616/1452 1545/1615/1268 1500/1569/1268
f 1502/1571/1453 1547/1617/1454 1546/1616/1452 1501/1570/1451
f 1503/1572/1455 1548/1618/1456 1547/1617/1454 1502/1571/1453
f 1504/1573/1202 1549/1619/1202 1548/1618/1202 1503/1572/1202
f 1505/1574/1457 1550/1620/1457 1549/1619/1457 1504/1573/1457
f 1506/1575/1458 1551/1621/1458 1550/1620/1458 1505/1574/1458
f 1507/1576/1459 1552/1622/1459 1551/1621/1459 1506/1575/1459
f 1508/1532/1460 1553/1578/1460 1552/1622/1460 1507/1576/1460
f 1509/1577/218 1554/1623/1202 1598/1624/218 1553/1578/218
f 1510/1579/1202 1555/1625/1202 1554/1626/1202 1509/1580/218
f 1511/1581/1461 1556/1627/1462 1555/1625/1463 1510/1579/1463
f 1512/1582/1464 1557/1628/1464 1556/1627/1462 1511/1581/1461
f 1513/1583/1465 1558/1629/1466 1557/1628/1467 1512/1582/1465
f 1514/1584/1260 1559/1630/1468 1558/1629/1469 1513/1583/1260
f 1515/1585/1470 1560/1631/1471 1559/1630/1472 1514/1584/1472
f 1516/1586/1473 1561/1632/1473 1560/1631/1471 1515/1585/1470
f 1517/1587/1474 1562/1633/1474 1561/1632/1474 1516/1586/1474
f 1518/1588/1475 1563/1634/1475 1562/1633/1475 1517/1587/1475
f 1519/1589/1476 1564/1635/1476 1563/1634/1477 1518/1588/1477
f 1520/1590/1260 1565/1636/1260 1564/1635/1476 1519/1589/1476
f 1521/1591/1478 1566/1637/1479 1565/1636/1480 1520/1590/1480
f 1522/1592/1481 1567/1638/1481 1566/1637/1479 1521/1591/1478
f 1523/1593/1482 1568/1639/1483 1567/1638/1484 1522/1592/1482
f 1524/1594/1485 1569/1640/1486 1568/1639/1487 1523/1593/1487
f 1525/1595/1488 1570/1641/1488 1569/1640/1486 1524/1594/1485
f 1526/1596/1416 1571/1642/1489 1570/1641/1490 1525/1595/1413
f 1527/1597/1491 1572/1643/1492 1571/1642/1489 1526/1596/1416
f 1528/1598/1493 1573/1644/1494 1572/1643/1492 1527/1597/1491
f 1529/1599/1424 1574/1645/1495 1573/1644/1494 1528/1598/1493
f 1530/1600/1423 1575/1646/1496 1574/1645/1495 1529/1599/1424
f 1531/1601/1497 1576/1647/1497 1575/1646/1496 1530/1600/1423
f 1533/1602/1498 1578/1648/1499 1577/1649/1500 1532/1603/1500
f 1534/1604/1501 1579/1650/1501 1578/1648/1499 1533/1602/1498
f 1535/1605/1502 1580/1651/1502 1579/1650/1502 1534/1604/1502
f 1536/1606/1434 1581/1652/1503 1580/1651/1504 1535/1605/1432
f 1537/1607/1436 1582/1653/1505 1581/1652/1503 1536/1606/1434
f 1538/1608/1438 1583/1654/1506 1582/1653/1507 1537/1607/1439
f 1539/1609/1202 1584/1655/1202 1583/1654/1506 1538/1608/1438
f 1540/1610/1508 1585/1656/1508 1584/1655/1508 1539/1609/1508
f 1541/1611/1509 1586/1657/1510 1585/1656/1511 1540/1610/1512
f 1542/1612/1513 1587/1658/1514 1586/1657/1510 1541/1611/1509
f 1543/1613/1515 1588/1659/1515 1587/1658/1514 1542/1612/1513
f 1544/1614/1516 1589/1660/1516 1588/1659/1516 1543/1613/1516
f 1545/1615/1450 1590/1661/1517 1589/1660/1518 1544/1614/1448
f 1546/1616/1519 1591/1662/1520 1590/1661/1517 1545/1615/1450
f 1547/1617/1521 1592/1663/1521 1591/1662/1520 1546/1616/1519
f 1548/1618/1456 1593/1664/1522 1592/1663/1523 1547/1617/1454
f 1549/1619/1325 1594/1665/1325 1593/1664/1522 1548/1618/1456
f 1550/1620/1524 1595/1666/1524 1594/1665/1524 1549/1619/1524
f 1551/1621/1525 1596/1667/1525 1595/1666/1525 1550/1620/1525
f 1552/1622/1526 1597/1668/1527 1596/1667/1528 1551/1621/1528
f 1553/1578/1529 1598/1624/1529 1597/1668/1527 1552/1622/1526
f 1554/1623/1530 1599/1669/1531 1643/1670/1532 1598/1624/1533
f 1555/1625/218 1600/1671/218 1599/1672/1531 1554/1626/1530
f 1556/1627/1534 1601/1673/1535 1600/1671/1536 1555/1625/1536
f 1557/1628/1467 1602/1674/1537 1601/1673/1535 1556/1627/1534
f 1558/1629/1466 1603/1675/1538 1602/1674/1537 1557/1628/1467
f 1559/1630/1468 1604/1676/1539 1603/1675/1539 1558/1629/1469
f 1560/1631/1540 1605/1677/1541 1604/1676/1542 1559/1630/1543
f 1561/1632/1544 1606/1678/1545 1605/1677/1541 1560/1631/1540
f 1562/1633/1546 1607/1679/1546 1606/1678/1545 1561/1632/1544
f 1563/1634/1547 1608/1680/1547 1607/1679/1547 1562/1633/1547
f 1564/1635/1548 1609/1681/1549 1608/1680/1550 1563/1634/1550
f 1565/1636/1551 1610/1682/1551 1609/1681/1549 1564/1635/1548
f 1566/1637/1552 1611/1683/1552 1610/1682/1553 1565/1636/1553
f 1567/1638/1484 1612/1684/1554 1611/1683/1552 1566/1637/1552
f 1568/1639/1483 1613/1685/1555 1612/1684/1554 1567/1638/1484
f 1569/1640/1556 1614/1686/1556 1613/1685/1555 1568/1639/1483
f 1570/1641/1557 1615/1687/1557 1614/1686/1557 1569/1640/1557
f 1571/1642/1489 1616/1688/1558 1615/1687/1559 1570/1641/1559
f 1572/1643/1492 1617/1689/1560 1616/1688/1558 1571/1642/1489
f 1573/1644/1561 1618/1690/1562 1617/1689/1563 1572/1643/1563
f 1574/1645/1564 1619/1691/1565 1618/1690/1562 1573/1644/1561
f 1575/1646/1566 1620/1692/1567 1619/1691/1565 1574/1645/1564
f 1576/1647/1568 1621/1693/1568 1620/1692/1567 1575/1646/1566
f 1578/1648/1569 1623/1694/1569 1622/1695/1569 1577/1649/1569
f 1579/1650/1570 1624/1696/1570 1623/1694/1570 1578/1648/1570
f 1580/1651/1571 1625/1697/1572 1624/1696/1573 1579/1650/1573
f 1581/1652/1574 1626/1698/1575 1625/1697/1572 1580/1651/1571
f 1582/1653/1576 1627/1699/1577 1626/1698/1575 1581/1652/1574
f 1583/1654/1578 1628/1700/1579 1627/1699/1577 1582/1653/1576
f 1584/1655/1580 1629/1701/1580 1628/1700/1579 1583/1654/1578
f 1585/1656/1511 1630/1702/1581 1629/1701/1582 1584/1655/1583
f 1586/1657/1510 1631/1703/1584 1630/1702/1581 1585/1656/1511
f 1587/1658/1585 1632/1704/1585 1631/1703/1585 1586/1657/1585
f 1588/1659/1586 1633/1705/1587 1632/1704/1588 1587/1658/1588
f 1589/1660/1589 1634/1706/1590 1633/1705/1587 1588/1659/1586
f 1590/1661/1591 1635/1707/1592 1634/1706/1590 1589/1660/1589
f 1591/1662/1593 1636/1708/1593 1635/1707/1592 1590/1661/1591
f 1592/1663/1594 1637/1709/1595 1636/1708/1596 1591/1662/1594
f 1593/1664/1597 1638/1710/1598 1637/1709/1599 1592/1663/1599
f 1594/1665/1600 1639/1711/1601 1638/1710/1598 1593/1664/1597
f 1595/1666/1602 1640/1712/1602 1639/1711/1601 1594/1665/1600
f 1596/1667/1603 1641/1713/1603 1640/1712/1603 1595/1666/1603
f 1597/1668/1202 1642/1714/1202 1641/1713/1202 1596/1667/1202
f 1598/1624/1533 1643/1670/1532 1642/1714/1202 1597/1668/1202
f 1599/1669/1604 1644/1715/1604 1688/1716/1604 1643/1670/1604
f 1600/1671/1202 1645/1717/1202 1644/1718/1202 1599/1672/1202
f 1601/1673/1605 1646/1719/1606 1645/1717/1607 1600/1671/1607
f 1602/1674/1608 1647/1720/1609 1646/1719/1606 1601/1673/1605
f 1603/1675/1610 1648/1721/1610 1647/1720/1609 1602/1674/1608
f 1604/1676/1611 1649/1722/1611 1648/1721/1611 1603/1675/1611
f 1605/1677/1541 1650/1723/1612 1649/1722/1612 1604/1676/1542
f 1606/1678/1440 1651/1724/1440 1650/1723/1440 1605/1677/1440
f 1607/1679/1613 1652/1725/1614 1651/1724/1615 1606/1678/1615
f 1608/1680/1616 1653/1726/1617 1652/1725/1614 1607/1679/1613
f 1609/1681/1618 1654/1727/1619 1653/1726/1620 1608/1680/1620
f 1610/1682/1621 1655/1728/1622 1654/1727/1619 1609/1681/1618
f 1611/1683/1623 1656/1729/1624 1655/1728/1625 1610/1682/1625
f 1612/1684/1202 1657/1730/1202 1656/1729/1624 1611/1683/1623
f 1613/1685/1626 1658/1731/1627 1657/1730/1628 1612/1684/1629
f 1614/1686/1630 1659/1732/1631 1658/1731/1627 1613/1685/1626
f 1615/1687/1632 1660/1733/1632 1659/1732/1631 1614/1686/1630
f 1616/1688/1633 1661/1734/1633 1660/1733/1633 1615/1687/1633
f 1617/1689/1202 1662/1735/1202 1661/1734/1202 1616/1688/1202
f 1618/1690/1634 1663/1736/1635 1662/1735/1636 1617/1689/1637
f 1619/1691/1638 1664/1737/1639 1663/1736/1635 1618/1690/1634
f 1620/1692/1640 1665/1738/1640 1664/1737/1639 1619/1691/1638
f 1621/1693/1641 1666/1739/1641 1665/1738/1641 1620/1692/1641
f 1623/1694/1642 1668/1740/1642 1667/1741/1642 1622/1695/1642
f 1624/1696/1643 1669/1742/1643 1668/1740/1643 1623/1694/1643
f 1625/1697/1644 1670/1743/1644 1669/1742/1644 1624/1696/1644
f 1626/1698/1645 1671/1744/1645 1670/1743/1645 1625/1697/1645
f 1627/1699/1250 1672/1745/1646 1671/1744/1647 1626/1698/1250
f 1628/1700/1648 1673/1746/1649 1672/1745/1650 1627/1699/1650
f 1629/1701/1582 1674/1747/1651 1673/1746/1649 1628/1700/1648
f 1630/1702/1581 1675/1748/1652 1674/1747/1651 1629/1701/1582
f 1631/1703/1584 1676/1749/1653 1675/1748/1653 1630/1702/1581
f 1632/1704/1654 1677/1750/1655 1676/1749/1656 1631/1703/1656
f 1633/1705/1657 1678/1751/1657 1677/1750/1655 1632/1704/1654
f 1634/1706/1658 1679/1752/1658 1678/1751/1658 1633/1705/1658
f 1635/1707/1659 1680/1753/1660 1679/1752/1661 1634/1706/1661
f 1636/1708/1662 1681/1754/1662 1680/1753/1660 1635/1707/1659
f 1637/1709/1595 1682/1755/1202 1681/1754/1202 1636/1708/1596
f 1638/1710/1202 1683/1756/1202 1682/1755/1202 1637/1709/1595
f 1639/1711/1663 1684/1757/1664 1683/1756/1665 1638/1710/1663
f 1640/1712/1666 1685/1758/1667 1684/1757/1668 1639/1711/1666
f 1641/1713/1669 1686/1759/1669 1685/1758/1669 1640/1712/1669
f 1642/1714/1670 1687/1760/1670 1686/1759/1670 1641/1713/1670
f 1643/1670/1671 1688/1716/1672 1687/1760/1673 1642/1714/1671
f 1644/1715/1674 1689/1761/1675 1733/1762/1676 1688/1716/1674
f 1645/1717/1202 1690/1763/1677 1689/1764/1202 1644/1718/1202
f 1646/1719/218 1691/1765/1678 1690/1763/1677 1645/1717/1202
f 1647/1720/1679 1692/1766/1680 1691/1765/1681 1646/1719/1681
f 1648/1721/1682 1693/1767/1682 1692/1766/1680 1647/1720/1679
f 1649/1722/1683 1694/1768/1683 1693/1767/1683 1648/1721/1683
f 1650/1723/1684 1695/1769/1685 1694/1768/1686 1649/1722/1686
f 1651/1724/1687 1696/1770/1688 1695/1769/1685 1650/1723/1684
f 1652/1725/1614 1697/1771/1689 1696/1770/1688 1651/1724/1687
f 1653/1726/1617 1698/1772/1690 1697/1771/1689 1652/1725/1614
f 1654/1727/1691 1699/1773/1691 1698/1772/1691 1653/1726/1691
f 1655/1728/1622 1700/1774/1692 1699/1773/1693 1654/1727/1619
f 1656/1729/218 1701/1775/218 1700/1774/218 1655/1728/218
f 1657/1730/1628 1702/1776/1694 1701/1775/1695 1656/1729/1695
f 1658/1731/1627 1703/1777/1696 1702/1776/1694 1657/1730/1628
f 1659/1732/1631 1704/1778/1697 1703/1777/1696 1658/1731/1627
f 1660/1733/1698 1705/1779/1698 1704/1778/1698 1659/1732/1698
f 1661/1734/1699 1706/1780/1699 1705/1779/1699 1660/1733/1699
f 1662/1735/1636 1707/1781/1700 1706/1780/1701 1661/1734/1701
f 1663/1736/1635 1708/1782/1702 1707/1781/1700 1662/1735/1636
f 1664/1737/1703 1709/1783/1704 1708/1782/1705 1663/1736/1705
f 1665/1738/1706 1710/1784/1706 1709/1783/1704 1664/1737/1703
f 1666/1739/1707 1711/1785/1707 1710/1784/1707 1665/1738/1707
f 1668/1740/1708 1713/1786/1708 1712/1787/1708 1667/1741/1708
f 1669/1742/1709 1714/1788/1710 1713/1786/1711 1668/1740/1711
f 1670/1743/1712 1715/1789/1713 1714/1788/1710 1669/1742/1709
f 1671/1744/1714 1716/1790/1714 1715/1789/1713 1670/1743/1712
f 1672/1745/1646 1717/1791/1715 1716/1790/1716 1671/1744/1647
f 1673/1746/1717 1718/1792/1717 1717/1791/1715 1672/1745/1646
f 1674/1747/1718 1719/1793/1719 1718/1792/1720 1673/1746/1720
f 1675/1748/1721 1720/1794/1722 1719/1793/1719 1674/1747/1718
f 1676/1749/1723 1721/1795/1724 1720/1794/1722 1675/1748/1721
f 1677/1750/1725 1722/1796/1726 1721/1795/1727 1676/1749/1727
f 1678/1751/1728 1723/1797/1729 1722/1796/1726 1677/1750/1725
f 1679/1752/1730 1724/1798/1731 1723/1797/1729 1678/1751/1728
f 1680/1753/1732 1725/1799/1733 1724/1798/1731 1679/1752/1730
f 1681/1754/1734 1726/1800/1735 1725/1799/1733 1680/1753/1732
f 1682/1755/1736 1727/1801/1737 1726/1800/1735 1681/1754/1734
f 1683/1756/1665 1728/1802/1738 1727/1801/1737 1682/1755/1736
f 1684/1757/1664 1729/1803/1739 1728/1802/1738 1683/1756/1665
f 1685/1758/1667 1730/1804/218 1729/1803/218 1684/1757/1668
f 1686/1759/218 1731/1805/218 1730/1804/218 1685/1758/218
f 1687/1760/1740 1732/1806/1740 1731/1805/1740 1686/1759/1740
f 1688/1716/1672 1733/1762/218 1732/1806/218 1687/1760/1673
f 1689/1761/1675 1734/1807/1741 1778/1808/1742 1733/1762/1676
f 1690/1763/1743 1735/1809/1743 1734/1810/1741 1689/1764/1675
f 1691/1765/1678 1736/1811/1440 1735/1809/1440 1690/1763/1677
f 1692/1766/1744 1737/1812/1744 1736/1811/1744 1691/1765/1744
f 1693/1767/1745 1738/1813/1745 1737/1812/1745 1692/1766/1745
f 1694/1768/1746 1739/1814/1746 1738/1813/1746 1693/1767/1746
f 1695/1769/1747 1740/1815/1747 1739/1814/1747 1694/1768/1747
f 1696/1770/1748 1741/1816/1749 1740/1815/1750 1695/1769/1750
f 1697/1771/1751 1742/1817/1752 1741/1816/1749 1696/1770/1748
f 1698/1772/1753 1743/1818/1754 1742/1817/1752 1697/1771/1751
f 1699/1773/1755 1744/1819/1755 1743/1818/1754 1698/1772/1753
f 1700/1774/1692 1745/1820/1756 1744/1819/1757 1699/1773/1693
f 1701/1775/1758 1746/1821/1759 1745/1820/1756 1700/1774/1692
f 1702/1776/1760 1747/1822/1761 1746/1821/1759 1701/1775/1758
f 1703/1777/1762 1748/1823/1763 1747/1822/1761 1702/1776/1760
f 1704/1778/1764 1749/1824/1764 1748/1823/1763 1703/1777/1762
f 1705/1779/1765 1750/1825/1765 1749/1824/1766 1704/1778/1766
f 1706/1780/1767 1751/1826/1767 1750/1825/1765 1705/1779/1765
f 1707/1781/1768 1752/1827/1769 1751/1826/1770 1706/1780/1770
f 1708/1782/1771 1753/1828/1772 1752/1827/1769 1707/1781/1768
f 1709/1783/1773 1754/1829/1774 1753/1828/1775 1708/1782/1775
f 1710/1784/1776 1755/1830/1776 1754/1829/1774 1709/1783/1773
f 1711/1785/1777 1756/1831/1778 1755/1830/1779 1710/1784/1777
f 1713/1786/1780 1758/1832/1780 1757/1833/1780 1712/1787/1780
f 1714/1788/1781 1759/1834/1782 1758/1832/1783 1713/1786/1783
f 1715/1789/1784 1760/1835/1784 1759/1834/1782 1714/1788/1781
f 1716/1790/1716 1761/1836/1785 1760/1835/1786 1715/1789/1786
f 1717/1791/1715 1762/1837/1202 1761/1836/1785 1716/1790/1716
f 1718/1792/1787 1763/1838/1787 1762/1837/1787 1717/1791/1787
f 1719/1793/1788 1764/1839/1789 1763/1838/1790 1718/1792/1788
f 1720/1794/1202 1765/1840/1202 1764/1839/1202 1719/1793/1202
f 1721/1795/1724 1766/1841/1791 1765/1840/1792 1720/1794/1722
f 1722/1796/1793 1767/1842/1794 1766/1841/1791 1721/1795/1724
f 1723/1797/1795 1768/1843/1796 1767/1842/1794 1722/1796/1793
f 1724/1798/1797 1769/1844/1798 1768/1843/1796 1723/1797/1795
f 1725/1799/1799 1770/1845/1800 1769/1844/1798 1724/1798/1797
f 1726/1800/1801 1771/1846/1802 1770/1845/1800 1725/1799/1799
f 1727/1801/1803 1772/1847/1804 1771/1846/1802 1726/1800/1801
f 1728/1802/1805 1773/1848/1806 1772/1847/1804 1727/1801/1803
f 1729/1803/1807 1774/1849/1807 1773/1848/1806 1728/1802/1805
f 1730/1804/1808 1775/1850/1809 1774/1849/1810 1729/1803/1811
f 1731/1805/1812 1776/1851/1813 1775/1850/1809 1730/1804/1808
f 1732/1806/1814 1777/1852/1815 1776/1851/1813 1731/1805/1812
f 1733/1762/1676 1778/1808/1742 1777/1852/1815 1732/1806/1814
f 1734/1807/1816 1779/1853/1816 1823/1854/1817 1778/1808/1818
f 1735/1809/1819 1780/1855/1819 1779/1856/1819 1734/1810/1819
f 1736/1811/1820 1781/1857/1820 1780/1855/1820 1735/1809/1820
f 1737/1812/1821 1782/1858/1821 1781/1857/1821 1736/1811/1821
f 1738/1813/1822 1783/1859/1822 1782/1858/1822 1737/1812/1822
f 1739/1814/1823 1784/1860/1823 1783/1859/1823 1738/1813/1823
f 1740/1815/1824 1785/1861/1824 1784/1860/1824 1739/1814/1824
f 1741/1816/1825 1786/1862/1825 1785/1861/1825 1740/1815/1825
f 1742/1817/1826 1787/1863/1826 1786/1862/1826 1741/1816/1826
f 1743/1818/1827 1788/1864/1827 1787/1863/1827 1742/1817/1827
f 1744/1819/1828 1789/1865/1829 1788/1864/1830 1743/1818/1828
f 1745/1820/1831 1790/1866/1832 1789/1865/1833 1744/1819/1833
f 1746/1821/1834 1791/1867/1835 1790/1866/1832 1745/1820/1831
f 1747/1822/1761 1792/1868/1836 1791/1867/1837 1746/1821/1759
f 1748/1823/1763 1793/1869/1838 1792/1868/1836 1747/1822/1761
f 1749/1824/218 1794/1870/218 1793/1869/218 1748/1823/218
f 1750/1825/1839 1795/1871/1840 1794/1870/1841 1749/1824/1841
f 1751/1826/1842 1796/1872/1842 1795/1871/1840 1750/1825/1839
f 1752/1827/1843 1797/1873/1844 1796/1872/1845 1751/1826/1843
f 1753/1828/1772 1798/1874/1846 1797/1873/1847 1752/1827/1769
f 1754/1829/1848 1799/1875/1849 1798/1874/1846 1753/1828/1772
f 1755/1830/1779 1800/1876/1850 1799/1875/1849 1754/1829/1848
f 1756/1831/1778 1801/1877/1851 1800/1876/1850 1755/1830/1779
f 1758/1832/1852 1803/1878/1852 1802/1879/1852 1757/1833/1852
f 1759/1834/1853 1804/1880/1854 1803/1878/1855 1758/1832/1855
f 1760/1835/1856 1805/1881/1856 1804/1880/1854 1759/1834/1853
f 1761/1836/1857 1806/1882/1858 1805/1881/1856 1760/1835/1856
f 1762/1837/1859 1807/1883/1860 1806/1882/1858 1761/1836/1857
f 1763/1838/1790 1808/1884/1861 1807/1883/1860 1762/1837/1859
f 1764/1839/1789 1809/1885/1862 1808/1884/1861 1763/1838/1790
f 1765/1840/1863 1810/1886/1864 1809/1885/1862 1764/1839/1789
f 1766/1841/1865 1811/1887/1866 1810/1886/1864 1765/1840/1863
f 1767/1842/1867 1812/1888/1868 1811/1887/1866 1766/1841/1865
f 1768/1843/1869 1813/1889/1870 1812/1888/1868 1767/1842/1867
f 1769/1844/1871 1814/1890/1872 1813/1889/1870 1768/1843/1869
f 1770/1845/1873 1815/1891/1874 1814/1890/1872 1769/1844/1871
f 1771/1846/1802 1816/1892/1875 1815/1891/1876 1770/1845/1800
f 1772/1847/1804 1817/1893/1877 1816/1892/1875 1771/1846/1802
f 1773/1848/1878 1818/1894/1879 1817/1893/1880 1772/1847/1878
f 1774/1849/1810 1819/1895/1881 1818/1894/1882 1773/1848/1882
f 1775/1850/1809 1820/1896/1883 1819/1895/1881 1774/1849/1810
f 1776/1851/1813 1821/1897/1884 1820/1896/1883 1775/1850/1809
f 1777/1852/1885 1822/1898/1885 1821/1897/1885 1776/1851/1885
f 1778/1808/1818 1823/1854/1817 1822/1898/1886 1777/1852/1886
f 1779/1853/1202 1824/1899/1202 1868/1900/1887 1823/1854/1887
f 1780/1855/1888 1825/1901/1889 1824/1902/1890 1779/1856/1890
f 1781/1857/1891 1826/1903/1891 1825/1901/1889 1780/1855/1888
f 1782/1858/1892 1827/1904/1892 1826/1903/1892 1781/1857/1892
f 1783/1859/1893 1828/1905/1893 1827/1904/1893 1782/1858/1893
f 1784/1860/1894 1829/1906/1894 1828/1905/1894 1783/1859/1894
f 1785/1861/1895 1830/1907/1895 1829/1906/1895 1784/1860/1895
f 1786/1862/1896 1831/1908/1897 1830/1907/1898 1785/1861/1896
f 1787/1863/1899 1832/1909/1899 1831/1908/1900 1786/1862/1900
f 1788/1864/1901 1833/1910/1901 1832/1909/1899 1787/1863/1899
f 1789/1865/1829 1834/1911/1902 1833/1910/1440 1788/1864/1830
f 1790/1866/1903 1835/1912/1903 1834/1911/1902 1789/1865/1829
f 1791/1867/1835 1836/1913/1904 1835/1912/1905 1790/1866/1832
f 1792/1868/1906 1837/1914/1906 1836/1913/1904 1791/1867/1835
f 1793/1869/1907 1838/1915/1908 1837/1914/1906 1792/1868/1906
f 1794/1870/1909 1839/1916/1910 1838/1915/1908 1793/1869/1907
f 1795/1871/1911 1840/1917/1911 1839/1916/1910 1794/1870/1909
f 1796/1872/1845 1841/1918/1912 1840/1917/1913 1795/1871/1913
f 1797/1873/1844 1842/1919/1914 1841/1918/1912 1796/1872/1845
f 1798/1874/1915 1843/1920/1916 1842/1919/1917 1797/1873/1917
f 1799/1875/1918 1844/1921/1919 1843/1920/1916 1798/1874/1915
f 1800/1876/1920 1845/1922/1921 1844/1921/1919 1799/1875/1918
f 1801/1877/1922 1846/1923/1922 1845/1922/1921 1800/1876/1920
f 1803/1878/1923 1848/1924/1923 1847/1925/1923 1802/1879/1923
f 1804/1880/1924 1849/1926/1925 1848/1924/1926 1803/1878/1927
f 1805/1881/1928 1850/1927/1928 1849/1926/1925 1804/1880/1924
f 1806/1882/1929 1851/1928/1929 1850/1927/1929 1805/1881/1929
f 1807/1883/1930 1852/1929/1931 1851/1928/1932 1806/1882/1930
f 1808/1884/1861 1853/1930/1933 1852/1929/1933 1807/1883/1860
f 1809/1885/1202 1854/1931/1202 1853/1930/1202 1808/1884/1202
f 1810/1886/1202 1855/1932/1202 1854/1931/1202 1809/1885/1202
f 1811/1887/1934 1856/1933/1935 1855/1932/1936 1810/1886/1936
f 1812/1888/1937 1857/1934/1938 1856/1933/1935 1811/1887/1934
f 1813/1889/1870 1858/1935/1939 1857/1934/1940 1812/1888/1940
f 1814/1890/1872 1859/1936/1941 1858/1935/1939 1813/1889/1870
f 1815/1891/1874 1860/1937/1942 1859/1936/1941 1814/1890/1872
f 1816/1892/1943 1861/1938/1944 1860/1937/1942 1815/1891/1874
f 1817/1893/1880 1862/1939/1945 1861/1938/1944 1816/1892/1943
f 1818/1894/1879 1863/1940/1946 1862/1939/1945 1817/1893/1880
f 1819/1895/1947 1864/1941/1948 1863/1940/1949 1818/1894/1947
f 1820/1896/1950 1865/1942/1951 1864/1941/1952 1819/1895/1952
f 1821/1897/1953 1866/1943/1954 1865/1942/1951 1820/1896/1950
f 1822/1898/1955 1867/1944/1956 1866/1943/1250 1821/1897/1250
f 1823/1854/1887 1868/1900/1887 1867/1944/1956 1822/1898/1955
f 1824/1899/1957 1869/1945/1957 1913/1946/1958 1868/1900/1959
f 1825/1901/1960 1870/1947/1961 1869/1948/1962 1824/1902/1962
f 1826/1903/1963 1871/1949/1964 1870/1947/1961 1825/1901/1960
f 1827/1904/1965 1872/1950/1966 1871/1949/1964 1826/1903/1963
f 1828/1905/1967 1873/1951/1967 1872/1950/1966 1827/1904/1965
f 1829/1906/1968 1874/1952/1968 1873/1951/1968 1828/1905/1968
f 1830/1907/1898 1875/1953/1969 1874/1952/1202 1829/1906/1202
f 1831/1908/1897 1876/1954/1970 1875/1953/1969 1830/1907/1898
f 1832/1909/1971 1877/1955/1972 1876/1954/1973 1831/1908/1973
f 1833/1910/1974 1878/1956/1975 1877/1955/1972 1832/1909/1971
f 1834/1911/1976 1879/1957/1977 1878/1956/1202 1833/1910/1202
f 1835/1912/1978 1880/1958/1979 1879/1957/1977 1834/1911/1976
f 1836/1913/1980 1881/1959/1981 1880/1958/1982 1835/1912/1982
f 1837/1914/1983 1882/1960/1983 1881/1959/1981 1836/1913/1980
f 1838/1915/218 1883/1961/1984 1882/1960/1985 1837/1914/218
f 1839/1916/1986 1884/1962/1987 1883/1961/1988 1838/1915/1988
f 1840/1917/1989 1885/1963/1989 1884/1962/1987 1839/1916/1986
f 1841/1918/1990 1886/1964/1990 1885/1963/1990 1840/1917/1990
f 1842/1919/1991 1887/1965/1992 1886/1964/1993 1841/1918/1993
f 1843/1920/1994 1888/1966/1994 1887/1965/1992 1842/1919/1991
f 1844/1921/1919 1889/1967/1995 1888/1966/1996 1843/1920/1916
f 1845/1922/1997 1890/1968/1998 1889/1967/1999 1844/1921/1999
f 1846/1923/2000 1891/1969/2000 1890/1968/1998 1845/1922/1997
f 1848/1924/1926 1893/1970/2001 1892/1971/2002 1847/1925/2002
f 1849/1926/1925 1894/1972/2003 1893/1970/2001 1848/1924/1926
f 1850/1927/2004 1895/1973/2005 1894/1972/1250 1849/1926/1250
f 1851/1928/1202 1896/1974/1202 1895/1973/2005 1850/1927/2004
f 1852/1929/1931 1897/1975/2006 1896/1974/2006 1851/1928/1932
f 1853/1930/2007 1898/1976/2008 1897/1975/2009 1852/1929/2010
f 1854/1931/2011 1899/1977/2011 1898/1976/2008 1853/1930/2007
f 1855/1932/2012 1900/1978/2013 1899/1977/218 1854/1931/218
f 1856/1933/2014 1901/1979/2014 1900/1978/2013 1855/1932/2012
f 1857/1934/1938 1902/1980/2015 1901/1979/2016 1856/1933/1935
f 1858/1935/2017 1903/1981/2018 1902/1980/2015 1857/1934/1938
f 1859/1936/2019 1904/1982/2020 1903/1981/2018 1858/1935/2017
f 1860/1937/2021 1905/1983/2022 1904/1982/2020 1859/1936/2019
f 1861/1938/2023 1906/1984/2024 1905/1983/2022 1860/1937/2021
f 1862/1939/2025 1907/1985/2026 1906/1984/2024 1861/1938/2023
f 1863/1940/2027 1908/1986/2027 1907/1985/2026 1862/1939/2025
f 1864/1941/1948 1909/1987/2028 1908/1986/2028 1863/1940/1949
f 1865/1942/1202 1910/1988/1202 1909/1987/1202 1864/1941/1202
f 1866/1943/1954 1911/1989/2029 1910/1988/2030 1865/1942/1951
f 1867/1944/2031 1912/1990/2031 1911/1989/2029 1866/1943/1954
f 1868/1900/1959 1913/1946/1958 1912/1990/218 1867/1944/218
f 1869/1945/2032 1914/1991/2032 1958/1992/2033 1913/1946/2034
f 1870/1947/2035 1915/1993/2036 1914/1994/2037 1869/1948/2037
f 1871/1949/2038 1916/1995/2039 1915/1993/2036 1870/1947/2035
f 1872/1950/2040 1917/1996/2040 1916/1995/2039 1871/1949/2038
f 1873/1951/218 1918/1997/218 1917/1996/218 1872/1950/218
f 1874/1952/2041 1919/1998/2041 1918/1997/2041 1873/1951/2041
f 1875/1953/2042 1920/1999/2042 1919/1998/2042 1874/1952/2042
f 1876/1954/1970 1921/2000/2043 1920/1999/2044 1875/1953/1969
f 1877/1955/2045 1922/2001/2045 1921/2000/2045 1876/1954/2045
f 1878/1956/1975 1923/2002/2046 1922/2001/1260 1877/1955/1972
f 1879/1957/2047 1924/2003/2047 1923/2002/2046 1878/1956/1975
f 1880/1958/1979 1925/2004/2048 1924/2003/2048 1879/1957/1977
f 1881/1959/2049 1926/2005/2050 1925/2004/2051 1880/1958/2051
f 1882/1960/2052 1927/2006/2052 1926/2005/2050 1881/1959/2049
f 1883/1961/1984 1928/2007/2053 1927/2006/2054 1882/1960/1985
f 1884/1962/2055 1929/2008/2056 1928/2007/2057 1883/1961/2057
f 1885/1963/2058 1930/2009/2058 1929/2008/2056 1884/1962/2055
f 1886/1964/2059 1931/2010/2059 1930/2009/2059 1885/1963/2059
f 1887/1965/2060 1932/2011/2061 1931/2010/2062 1886/1964/2062
f 1888/1966/1996 1933/2012/2063 1932/2011/2061 1887/1965/2060
f 1889/1967/1995 1934/2013/2064 1933/2012/2063 1888/1966/1996
f 1890/1968/2065 1935/2014/2065 1934/2013/2064 1889/1967/1995
f 1891/1969/2066 1936/2015/2067 1935/2014/2068 1890/1968/2066
f 1893/1970/2069 1938/2016/2069 1937/2017/2069 1892/1971/2069
f 1894/1972/2070 1939/2018/2071 1938/2016/2072 1893/1970/2070
f 1895/1973/2073 1940/2019/2074 1939/2018/2075 1894/1972/2075
f 1896/1974/2076 1941/2020/2076 1940/2019/2074 1895/1973/2073
f 1897/1975/2009 1942/2021/2077 1941/2020/2076 1896/1974/2076
f 1898/1976/2008 1943/2022/2078 1942/2021/2077 1897/1975/2009
f 1899/1977/218 1944/2023/2079 1943/2022/2080 1898/1976/218
f 1900/1978/2081 1945/2024/2082 1944/2023/2083 1899/1977/2083
f 1901/1979/2084 1946/2025/2085 1945/2024/2082 1900/1978/2081
f 1902/1980/2086 1947/2026/2086 1946/2025/2085 1901/1979/2084
f 1903/1981/2087 1948/2027/2087 1947/2026/2087 1902/1980/2087
f 1904/1982/2020 1949/2028/2088 1948/2027/2089 1903/1981/2018
f 1905/1983/2022 1950/2029/2090 1949/2028/2088 1904/1982/2020
f 1906/1984/2091 1951/2030/2092 1950/2029/2093 1905/1983/2091
f 1907/1985/2094 1952/2031/2095 1951/2030/2096 1906/1984/2096
f 1908/1986/2097 1953/2032/2097 1952/2031/2095 1907/1985/2094
f 1909/1987/2098 1954/2033/2098 1953/2032/2098 1908/1986/2098
f 1910/1988/2030 1955/2034/2099 1954/2033/2100 1909/1987/2100
f 1911/1989/2029 1956/2035/2101 1955/2034/2099 1910/1988/2030
f 1912/1990/2102 1957/2036/2102 1956/2035/2102 1911/1989/2102
f 1913/1946/2034 1958/1992/2033 1957/2036/1268 1912/1990/1268
f 1914/1991/2103 1959/2037/2104 1958/1992/2105
f 1915/1993/2106 1959/2038/2104 1914/1994/2103
f 1916/1995/2107 1959/2039/2104 1915/1993/2106
f 1917/1996/2108 1959/2040/2104 1916/1995/2107
f 1918/1997/2109 1959/2041/2104 1917/1996/2108
f 1919/1998/2110 1959/2042/2104 1918/1997/2109
f 1920/1999/2044 1959/2043/2111 1919/1998/2112
f 1921/2000/2043 1959/2044/2111 1920/1999/2044
f 1922/2001/2113 1959/2045/2111 1921/2000/2043
f 1923/2002/2114 1959/2046/2111 1922/2001/2113
f 1924/2003/2115 1959/2047/2111 1923/2002/2114
f 1925/2004/2116 1959/2048/2111 1924/2003/2115
f 1926/2005/2117 1959/2049/2111 1925/2004/2116
f 1927/2006/2054 1959/2050/2111 1926/2005/2117
f 1928/2007/2053 1959/2051/2111 1927/2006/2054
f 1929/2008/2118 1959/2052/2111 1928/2007/2053
f 1930/2009/2119 1959/2053/2111 1929/2008/2118
f 1931/2010/2120 1959/2054/2111 1930/2009/2119
f 1932/2011/2121 1959/2055/2111 1931/2010/2120
f 1933/2012/2122 1959/2056/2111 1932/2011/2121
f 1934/2013/2123 1959/2057/2111 1933/2012/2122
f 1935/2014/2068 1959/2058/2111 1934/2013/2123
f 1936/2015/2067 1959/2059/2111 1935/2014/2068
f 1938/2016/2072 1959/2060/2104 1937/2017/2124
f 1939/2018/2071 1959/2061/2104 1938/2016/2072
f 1940/2019/2125 1959/2062/2104 1939/2018/2071
f 1941/2020/2126 1959/2063/2104 1940/2019/2125
f 1942/2021/2127 1959/2064/2104 1941/2020/2126
f 1943/2022/2080 1959/2065/2104 1942/2021/2127
f 1944/2023/2079 1959/2066/2104 1943/2022/2080
f 1945/2024/2128 1959/2067/2104 1944/2023/2079
f 1946/2025/2129 1959/2068/2104 1945/2024/2128
f 1947/2026/2130 1959/2069/2104 1946/2025/2129
f 1948/2027/2131 1959/2070/2104 1947/2026/2130
f 1949/2028/2132 1959/2071/2104 1948/2027/2131
f 1950/2029/2093 1959/2072/2104 1949/2028/2132
f 1951/2030/2092 1959/2073/2104 1950/2029/2093
f 1952/2031/2133 1959/2074/2104 1951/2030/2092
f 1953/2032/2134 1959/2075/2104 1952/2031/2133
f 1954/2033/2135 1959/2076/2104 1953/2032/2134
f 1955/2034/2136 1959/2077/2104 1954/2033/2135
f 1956/2035/2137 1959/2078/2104 1955/2034/2136
f 1957/2036/2138 1959/2079/2104 1956/2035/2137
f 1958/1992/2105 1959/2080/2104 1957/2036/2138
f 1959/2081/2139 1960/2082/2140 2004/2083/2141
f 1959/2039/2139 1961/2084/2142 1960/2085/2140
f 1959/2040/2139 1962/2086/2143 1961/2084/2142
f 1959/2041/2139 1963/2087/2144 1962/2086/2143
f 1959/2042/2139 1964/2088/2145 1963/2087/2144
f 1959/2043/2139 1965/2089/2146 1964/2088/2145
f 1959/2044/2147 1966/2090/2148 1965/2089/2149
f 1959/2045/2147 1967/2091/2150 1966/2090/2148
f 1959/2046/2147 1968/2092/2151 1967/2091/2150
f 1959/2047/2147 1969/2093/2152 1968/2092/2151
f 1959/2048/2147 1970/2094/2153 1969/2093/2152
f 1959/2049/2147 1971/2095/2154 1970/2094/2153
f 1959/2050/2147 1972/2096/2155 1971/2095/2154
f 1959/2051/2147 1973/2097/2156 1972/2096/2155
f 1959/2052/2147 1974/2098/2157 1973/2097/2156
f 1959/2053/2147 1975/2099/2158 1974/2098/2157
f 1959/2054/2147 1976/2100/2159 1975/2099/2158
f 1959/2055/2147 1977/2101/2160 1976/2100/2159
f 1959/2056/2147 1978/2102/2161 1977/2101/2160
f 1959/2057/2147 1979/2103/2162 1978/2102/2161
f 1959/2058/2147 1980/2104/2163 1979/2103/2162
f 1959/2059/2147 1981/2105/2164 1980/2104/2163
f 1959/2106/2147 1982/2107/2165 1981/2105/2164
f 1959/2061/2139 1984/2108/2166 1983/2109/2167
f 1959/2062/2139 1985/2110/2168 1984/2108/2166
f 1959/2063/2139 1986/2111/2169 1985/2110/2168
f 1959/2064/2139 1987/2112/2170 1986/2111/2169
f 1959/2065/2139 1988/2113/2171 1987/2112/2170
f 1959/2066/2139 1989/2114/2172 1988/2113/2171
f 1959/2067/2139 1990/2115/2173 1989/2114/2172
f 1959/2068/2139 1991/2116/2174 1990/2115/2173
f 1959/2069/2139 1992/2117/2175 1991/2116/2174
f 1959/2070/2139 1993/2118/2176 1992/2117/2175
f 1959/2071/2139 1994/2119/2177 1993/2118/2176
f 1959/2072/2139 1995/2120/2178 1994/2119/2177
f 1959/2073/2139 1996/2121/2179 1995/2120/2178
f 1959/2074/2139 1997/2122/2180 1996/2121/2179
f 1959/2075/2139 1998/2123/2181 1997/2122/2180
f 1959/2076/2139 1999/2124/2182 1998/2123/2181
f 1959/2077/2139 2000/2125/2183 1999/2124/2182
f 1959/2078/2139 2001/2126/2184 2000/2125/2183
f 1959/2079/2139 2002/2127/2185 2001/2126/2184
f 1959/2080/2139 2003/2128/2186 2002/2127/2185
f 1959/2037/2139 2004/2083/2141 2003/2128/2186
f 2006/378/1260 2008/425/1260 2007/421/1260 2005/377/1260
f 2008/425/1260 2010/422/1260 2009/423/1260 2007/421/1260
f 377/421/2187 334/377/2188 2005/377/2188 2007/421/2189
f 378/425/446 421/422/2190 2010/422/2190 2008/425/447
f 420/423/2191 377/421/2187 2007/421/2189 2009/423/2191
f 334/377/1202 335/378/1202 2006/378/1202 2005/377/1202
f 2012/200/1260 2014/245/1260 2013/244/1260 2011/199/1260
f 160/199/1202 161/200/1202 2012/200/1202 2011/199/1202
f 161/200/2192 205/245/2192 2014/245/2192 2012/200/2192
f 204/244/2193 160/199/2193 2011/199/2193 2013/244/2193
f 2016/642/1260 2018/688/1260 2017/685/1260 2015/641/1260
f 2018/688/1260 2020/730/1260 2019/686/1260 2017/685/1260
f 592/641/1202 593/642/1202 2016/642/1202 2015/641/1202
f 593/642/2194 636/688/721 2018/688/723 2016/642/2194
f 679/730/218 678/686/218 2019/686/218 2020/730/218
f 635/685/674 592/641/2195 2015/641/2195 2017/685/675
f 2022/906/1260 2024/950/1260 2023/949/1260 2021/905/1260
f 2024/950/1260 2026/996/1260 2025/995/1260 2023/949/1260
f 894/949/2196 850/905/2197 2021/905/2197 2023/949/2198
f 850/905/1202 851/906/1202 2022/906/1202 2021/905/1202
f 895/950/950 939/996/2199 2026/996/2199 2024/950/951
f 938/995/2200 894/949/2196 2023/949/2198 2025/995/2200
f 2027/1/2201 2083/3/2202 2038/2/2203
f 2027/4/2201 2038/6/2203 2039/5/2204
f 2027/7/2201 2039/5/2204 2040/8/2205
f 2027/9/2201 2040/8/2205 2041/10/2206
f 2027/11/2201 2041/10/2206 2042/12/2207
f 2027/13/2208 2042/12/2209 2043/14/2210
f 2027/15/2211 2043/14/2212 2044/16/2213
f 2027/17/2211 2044/16/2213 2045/18/2214
f 2027/19/2211 2045/18/2214 2046/20/2215
f 2027/21/2211 2046/20/2215 2047/22/2216
f 2027/23/2211 2047/22/2216 2048/24/2217
f 2027/25/2211 2048/24/2217 2049/26/2218
f 2027/27/2211 2049/26/2218 2050/28/2219
f 2027/29/2211 2050/28/2219 2051/30/2220
f 2027/31/2211 2051/30/2220 2052/32/2221
f 2027/33/2211 2052/32/2221 2053/34/2222
f 2027/35/2211 2053/34/2222 2054/36/2223
f 2027/37/2211 2054/36/2223 2055/38/2224
f 2027/39/2211 2055/38/2224 2056/40/2225
f 2027/41/2211 2056/40/2225 2057/42/2226
f 2/43/2227 2027/41/2227 2057/42/2227 2058/44/2227
f 2028/45/2228 2/43/2229 2058/44/2230 2059/46/2231
f 2029/47/2232 2028/45/2228 2059/46/2231 2060/48/2233
f 2027/49/2234 2029/47/2234 2060/48/2234 2061/50/2234
f 2034/51/2235 2033/54/2236 2062/53/2236 2063/52/2237
f 2034/55/2235 2063/52/2237 2064/56/2238
f 2035/57/2239 2034/55/2235 2064/56/2238 41/58/2240
f 11/59/2241 2035/57/2239 41/58/2240 2065/60/2242
f 2027/61/2243 11/59/2243 2065/60/2243 2066/62/2243
f 2027/63/2244 2066/62/2245 2067/64/2246
f 2036/65/2247 2027/63/2247 2067/64/2247 2068/66/2247
f 2037/67/2248 2036/65/2248 2068/66/2249 2069/68/2250
f 2027/69/2251 2037/67/2251 2069/68/2251 2070/70/2251
f 2027/71/2201 2070/70/2252 2071/72/2253
f 2027/73/2201 2071/72/2253 2072/74/2254
f 2027/75/2201 2072/74/2254 2073/76/2255
f 2027/77/2201 2073/76/2255 2074/78/2256
f 2027/79/2201 2074/78/2256 2075/80/2257
f 2027/81/2201 2075/80/2257 2076/82/2258
f 2027/83/2201 2076/82/2258 2077/84/2259
f 2027/85/2201 2077/84/2259 2078/86/2260
f 2027/87/2201 2078/86/2260 2079/88/2261
f 2027/89/2201 2079/88/2261 2080/90/2262
f 2027/91/2201 2080/90/2262 2081/92/2263
f 2027/93/2201 2081/92/2263 2082/94/2264
f 2027/95/2201 2082/94/2264 2083/3/2202
f 2038/2/2203 2083/3/2202 2128/97/2265 2084/96/2266
f 2039/5/2204 2038/6/2203 2084/99/2266 2085/98/2267
f 2040/8/2205 2039/5/2204 2085/98/2267 2086/100/2268
f 2041/10/2206 2040/8/2205 2086/100/2268 2087/101/2269
f 2042/12/2207 2041/10/2206 2087/101/2269 2088/102/2270
f 2043/14/2210 2042/12/2209 2088/102/2271 2089/103/2272
f 2044/16/2213 2043/14/2212 2089/103/2273 2090/104/2274
f 2045/18/2214 2044/16/2213 2090/104/2274 2091/105/2275
f 2046/20/2215 2045/18/2214 2091/105/2275 2092/106/2276
f 2047/22/2216 2046/20/2215 2092/106/2276 2093/107/2277
f 2048/24/2217 2047/22/2216 2093/107/2277 2094/108/2278
f 2049/26/2218 2048/24/2217 2094/108/2278 2095/109/2279
f 2050/28/2219 2049/26/2218 2095/109/2279 2096/110/2280
f 2051/30/2220 2050/28/2219 2096/110/2280 2097/111/2281
f 2052/32/2221 2051/30/2220 2097/111/2281 2098/112/2282
f 2053/34/2222 2052/32/2221 2098/112/2282 2099/113/2283
f 2054/36/2223 2053/34/2222 2099/113/2283 2100/114/2284
f 2055/38/2224 2054/36/2223 2100/114/2284 2101/115/2285
f 2056/40/2225 2055/38/2224 2101/115/2285 2102/116/2286
f 2057/42/2226 2056/40/2225 2102/116/2286 2103/117/2287
f 2058/44/2230 2057/42/2226 2103/117/2287 2104/118/2288
f 2059/46/2231 2058/44/2230 2104/118/2288 2105/119/2289
f 2060/48/2233 2059/46/2231 2105/119/2289 2106/120/2290
f 2064/56/2238 2063/52/2237 2107/122/2291 2108/121/2292
f 41/58/2240 2064/56/2238 2108/121/2292 2109/123/2293
f 2065/60/2242 41/58/2240 2109/123/2293 2110/124/2294
f 2066/62/2245 2065/60/2242 2110/124/2294 2111/125/2295
f 2067/64/2246 2066/62/2245 2111/125/2295 2112/126/2296
f 2068/66/2249 2067/64/2246 2112/126/2296 2113/127/2297
f 2069/68/2250 2068/66/2249 2113/127/2297 2114/128/2298
f 2070/70/2252 2069/68/2250 2114/128/2298 2115/129/2299
f 2071/72/2253 2070/70/2252 2115/129/2299 2116/130/2300
f 2072/74/2254 2071/72/2253 2116/130/2300 2117/131/2301
f 2073/76/2255 2072/74/2254 2117/131/2301 2118/132/2302
f 2074/78/2256 2073/76/2255 2118/132/2302 2119/133/2303
f 2075/80/2257 2074/78/2256 2119/133/2303 2120/134/2304
f 2076/82/2258 2075/80/2257 2120/134/2304 2121/135/2305
f 2077/84/2259 2076/82/2258 2121/135/2305 2122/136/2306
f 2078/86/2260 2077/84/2259 2122/136/2306 2123/137/2307
f 2079/88/2261 2078/86/2260 2123/137/2307 2124/138/2308
f 2080/90/2262 2079/88/2261 2124/138/2308 2125/139/2309
f 2081/92/2263 2080/90/2262 2125/139/2309 2126/140/2310
f 2082/94/2264 2081/92/2263 2126/140/2310 2127/141/2311
f 2083/3/2202 2082/94/2264 2127/141/2311 2128/97/2265
f 2084/96/2266 2128/97/2265 2173/143/2312 2129/142/2313
f 2085/98/2267 2084/99/2266 2129/145/2313 2130/144/2314
f 2086/100/2268 2085/98/2267 2130/144/2314 2131/146/2315
f 2087/101/2269 2086/100/2268 2131/146/2315 2132/147/2316
f 2088/102/2270 2087/101/2269 2132/147/2316 2133/148/2317
f 2089/103/2272 2088/102/2271 2133/148/2318 2134/149/2319
f 2090/104/2274 2089/103/2273 2134/149/2320 2135/150/2321
f 2091/105/2275 2090/104/2274 2135/150/2321 2136/151/2322
f 2092/106/2276 2091/105/2275 2136/151/2322 2137/152/2323
f 2093/107/2277 2092/106/2276 2137/152/2323 2138/153/2324
f 2094/108/2278 2093/107/2277 2138/153/2324 2139/154/2325
f 2095/109/2279 2094/108/2278 2139/154/2325 2140/155/2326
f 2096/110/2280 2095/109/2279 2140/155/2326 2141/156/2327
f 2097/111/2281 2096/110/2280 2141/156/2327 2142/157/2328
f 2098/112/2282 2097/111/2281 2142/157/2328 2143/158/2329
f 2099/113/2283 2098/112/2282 2143/158/2329 2144/159/2330
f 2100/114/2284 2099/113/2283 2144/159/2330 2145/160/2331
f 2101/115/2285 2100/114/2284 2145/160/2331 2146/161/2332
f 2102/116/2286 2101/115/2285 2146/161/2332 2147/162/2333
f 2103/117/2287 2102/116/2286 2147/162/2333 2148/163/2334
f 2104/118/2288 2103/117/2287 2148/163/2334 2149/164/2335
f 2105/119/2289 2104/118/2288 2149/164/2335 2150/165/2336
f 2106/120/2290 2105/119/2289 2150/165/2336 2151/166/2337
f 2108/121/2292 2107/122/2291 2152/168/2338 2153/167/2339
f 2109/123/2293 2108/121/2292 2153/167/2339 2154/169/2340
f 2110/124/2294 2109/123/2293 2154/169/2340 2155/170/2341
f 2111/125/2295 2110/124/2294 2155/170/2341 2156/171/2342
f 2112/126/2296 2111/125/2295 2156/171/2342 2157/172/2343
f 2113/127/2297 2112/126/2296 2157/172/2343 2158/173/2344
f 2114/128/2298 2113/127/2297 2158/173/2344 2159/174/2345
f 2115/129/2299 2114/128/2298 2159/174/2345 2160/175/2346
f 2116/130/2300 2115/129/2299 2160/175/2346 2161/176/2347
f 2117/131/2301 2116/130/2300 2161/176/2347 2162/177/2348
f 2118/132/2302 2117/131/2301 2162/177/2348 2163/178/2349
f 2119/133/2303 2118/132/2302 2163/178/2349 2164/179/2350
f 2120/134/2304 2119/133/2303 2164/179/2350 2165/180/2351
f 2121/135/2305 2120/134/2304 2165/180/2351 2166/181/2352
f 2122/136/2306 2121/135/2305 2166/181/2352 2167/182/2353
f 2123/137/2307 2122/136/2306 2167/182/2353 2168/183/2354
f 2124/138/2308 2123/137/2307 2168/183/2354 2169/184/2355
f 2125/139/2309 2124/138/2308 2169/184/2355 2170/185/2356
f 2126/140/2310 2125/139/2309 2170/185/2356 2171/186/2357
f 2127/141/2311 2126/140/2310 2171/186/2357 2172/187/2358
f 2128/97/2265 2127/141/2311 2172/187/2358 2173/143/2312
f 2129/142/2313 2173/143/2312 2217/189/2359 2174/188/2360
f 2130/144/2314 2129/145/2313 2174/191/2360 2175/190/2361
f 2131/146/2315 2130/144/2314 2175/190/2361 2176/192/2362
f 2132/147/2316 2131/146/2315 2176/192/2362 2177/193/2363
f 2133/148/2317 2132/147/2316 2177/193/2363 2178/194/2364
f 2134/149/2319 2133/148/2318 2178/194/2365 2179/195/2366
f 2135/150/2321 2134/149/2320 2179/195/2367 2180/196/2368
f 2136/151/2322 2135/150/2321 2180/196/2368 2181/197/2369
f 2137/152/2323 2136/151/2322 2181/197/2369 2182/198/2370
f 2138/153/2324 2137/152/2323 2182/198/2370 2183/199/2371
f 2139/154/2325 2138/153/2324 2183/199/2371 2184/200/2372
f 2140/155/2326 2139/154/2325 2184/200/2372 2185/201/2373
f 2141/156/2327 2140/155/2326 2185/201/2373 2186/202/2374
f 2142/157/2328 2141/156/2327 2186/202/2374 2187/203/2375
f 2143/158/2329 2142/157/2328 2187/203/2375 2188/204/2376
f 2144/159/2330 2143/158/2329 2188/204/2376 2189/205/2377
f 2145/160/2331 2144/159/2330 2189/205/2377 2190/206/2378
f 2146/161/2332 2145/160/2331 2190/206/2378 2191/207/2379
f 2147/162/2333 2146/161/2332 2191/207/2379 2192/208/2380
f 2148/163/2334 2147/162/2333 2192/208/2380 2193/209/2381
f 2149/164/2335 2148/163/2334 2193/209/2381 2194/210/2382
f 2150/165/2336 2149/164/2335 2194/210/2382 2195/211/2383
f 2151/166/2337 2150/165/2336 2195/211/2383 2196/212/2384
f 2154/169/2340 2153/167/2339 2197/214/2385 2198/213/2386
f 2155/170/2341 2154/169/2340 2198/213/2386 2199/215/2387
f 2156/171/2342 2155/170/2341 2199/215/2387 2200/216/2388
f 2157/172/2343 2156/171/2342 2200/216/2388 2201/217/2389
f 2158/173/2344 2157/172/2343 2201/217/2389 2202/218/2390
f 2159/174/2345 2158/173/2344 2202/218/2390 2203/219/2391
f 2160/175/2346 2159/174/2345 2203/219/2391 2204/220/2392
f 2161/176/2347 2160/175/2346 2204/220/2392 2205/221/2393
f 2162/177/2348 2161/176/2347 2205/221/2393 2206/222/2394
f 2163/178/2349 2162/177/2348 2206/222/2394 2207/223/2395
f 2164/179/2350 2163/178/2349 2207/223/2395 2208/224/2396
f 2165/180/2351 2164/179/2350 2208/224/2396 2209/225/2397
f 2166/181/2352 2165/180/2351 2209/225/2397 2210/226/2398
f 2167/182/2353 2166/181/2352 2210/226/2398 2211/227/2399
f 2168/183/2354 2167/182/2353 2211/227/2399 2212/228/2400
f 2169/184/2355 2168/183/2354 2212/228/2400 2213/229/2401
f 2170/185/2356 2169/184/2355 2213/229/2401 2214/230/2402
f 2171/186/2357 2170/185/2356 2214/230/2402 2215/231/2403
f 2172/187/2358 2171/186/2357 2215/231/2403 2216/232/2404
f 2173/143/2312 2172/187/2358 2216/232/2404 2217/189/2359
f 2174/188/2360 2217/189/2359 2261/234/2405 2218/233/2406
f 2175/190/2361 2174/191/2360 2218/236/2406 2219/235/2407
f 2176/192/2362 2175/190/2361 2219/235/2407 2220/237/2408
f 2177/193/2363 2176/192/2362 2220/237/2408 2221/238/2409
f 2178/194/2364 2177/193/2363 2221/238/2409 2222/239/2410
f 2179/195/2366 2178/194/2365 2222/239/2411 2223/240/2412
f 2180/196/2368 2179/195/2367 2223/240/2413 2224/241/2414
f 2181/197/2369 2180/196/2368 2224/241/2414 2225/242/2415
f 2182/198/2370 2181/197/2369 2225/242/2415 2226/243/2416
f 2183/199/2371 2182/198/2370 2226/243/2416 2227/244/2417
f 2228/245/218 2014/245/218 2013/244/218 2227/244/218
f 2185/201/2373 2184/200/2372 2228/245/2418 2229/246/2419
f 2186/202/2374 2185/201/2373 2229/246/2419 2230/247/2420
f 2187/203/2375 2186/202/2374 2230/247/2420 2231/248/2421
f 2188/204/2376 2187/203/2375 2231/248/2421 2232/249/2422
f 2189/205/2377 2188/204/2376 2232/249/2422 2233/250/2423
f 2190/206/2378 2189/205/2377 2233/250/2423 2234/251/2424
f 2191/207/2379 2190/206/2378 2234/251/2424 2235/252/2425
f 2192/208/2380 2191/207/2379 2235/252/2425 2236/253/2426
f 2193/209/2381 2192/208/2380 2236/253/2426 2237/254/2427
f 2194/210/2382 2193/209/2381 2237/254/2427 2238/255/2428
f 2195/211/2383 2194/210/2382 2238/255/2428 2239/256/2429
f 2196/212/2384 2195/211/2383 2239/256/2429 2240/257/2430
f 2198/213/2386 2197/214/2385 2241/259/2431 2242/258/2432
f 2199/215/2387 2198/213/2386 2242/258/2432 2243/260/2433
f 2200/216/2388 2199/215/2387 2243/260/2433 2244/261/2434
f 2201/217/2389 2200/216/2388 2244/261/2434 2245/262/2435
f 2202/218/2390 2201/217/2389 2245/262/2435 2246/263/2436
f 2203/219/2391 2202/218/2390 2246/263/2436 2247/264/2437
f 2204/220/2392 2203/219/2391 2247/264/2437 2248/265/2438
f 2205/221/2393 2204/220/2392 2248/265/2438 2249/266/2439
f 2206/222/2394 2205/221/2393 2249/266/2439 2250/267/2440
f 2207/223/2395 2206/222/2394 2250/267/2440 2251/268/2441
f 2208/224/2396 2207/223/2395 2251/268/2441 2252/269/2442
f 2209/225/2397 2208/224/2396 2252/269/2442 2253/270/2443
f 2210/226/2398 2209/225/2397 2253/270/2443 2254/271/2444
f 2211/227/2399 2210/226/2398 2254/271/2444 2255/272/2445
f 2212/228/2400 2211/227/2399 2255/272/2445 2256/273/2446
f 2213/229/2401 2212/228/2400 2256/273/2446 2257/274/2447
f 2214/230/2402 2213/229/2401 2257/274/2447 2258/275/2448
f 2215/231/2403 2214/230/2402 2258/275/2448 2259/276/2449
f 2216/232/2404 2215/231/2403 2259/276/2449 2260/277/2450
f 2217/189/2359 2216/232/2404 2260/277/2450 2261/234/2405
f 2218/233/2406 2261/234/2405 2304/279/2451 2262/278/2452
f 2219/235/2407 2218/236/2406 2262/281/2452 2263/280/2453
f 2220/237/2408 2219/235/2407 2263/280/2453 2264/282/2454
f 2221/238/2409 2220/237/2408 2264/282/2454 2265/283/2455
f 2222/239/2410 2221/238/2409 2265/283/2455 2266/284/2456
f 2223/240/2412 2222/239/2411 2266/284/2457 2267/285/2458
f 2224/241/2414 2223/240/2413 2267/285/2459 2268/286/2460
f 2225/242/2415 2224/241/2414 2268/286/2460 2269/287/2461
f 2226/243/2416 2225/242/2415 2269/287/2461 2270/288/2462
f 2227/244/2417 2226/243/2416 2270/288/2462 2271/289/2463
f 2228/245/2418 2227/244/2417 2271/289/2463 2272/290/2464
f 2229/246/2419 2228/245/2418 2272/290/2464 2273/291/2465
f 2230/247/2420 2229/246/2419 2273/291/2465 2274/292/2466
f 2231/248/2421 2230/247/2420 2274/292/2466 2275/293/2467
f 2232/249/2422 2231/248/2421 2275/293/2467 2276/294/2468
f 2233/250/2423 2232/249/2422 2276/294/2468 2277/295/2469
f 2234/251/2424 2233/250/2423 2277/295/2469 2278/296/2470
f 2235/252/2425 2234/251/2424 2278/296/2470 2279/297/2471
f 2236/253/2426 2235/252/2425 2279/297/2471 2280/298/2472
f 2237/254/2427 2236/253/2426 2280/298/2472 2281/299/2473
f 2238/255/2428 2237/254/2427 2281/299/2473 2282/300/2474
f 2239/256/2429 2238/255/2428 2282/300/2474 2283/301/2475
f 2242/258/2432 2241/259/2431 2284/303/2476 2285/302/2477
f 2243/260/2433 2242/258/2432 2285/302/2477 2286/304/2478
f 2244/261/2434 2243/260/2433 2286/304/2478 2287/305/2479
f 2245/262/2435 2244/261/2434 2287/305/2479 2288/306/2480
f 2246/263/2436 2245/262/2435 2288/306/2480 2289/307/2481
f 2247/264/2437 2246/263/2436 2289/307/2481 2290/308/2482
f 2248/265/2438 2247/264/2437 2290/308/2482 2291/309/2483
f 2249/266/2439 2248/265/2438 2291/309/2483 2292/310/2484
f 2250/267/2440 2249/266/2439 2292/310/2484 2293/311/2485
f 2251/268/2441 2250/267/2440 2293/311/2485 2294/312/2486
f 2252/269/2442 2251/268/2441 2294/312/2486 2295/313/2487
f 2253/270/2443 2252/269/2442 2295/313/2487 2296/314/2488
f 2254/271/2444 2253/270/2443 2296/314/2488 2297/315/2489
f 2255/272/2445 2254/271/2444 2297/315/2489 2298/316/2490
f 2256/273/2446 2255/272/2445 2298/316/2490 2299/317/2491
f 2257/274/2447 2256/273/2446 2299/317/2491 2300/318/2492
f 2258/275/2448 2257/274/2447 2300/318/2492 2301/319/2493
f 2259/276/2449 2258/275/2448 2301/319/2493 2302/320/2494
f 2260/277/2450 2259/276/2449 2302/320/2494 2303/321/2495
f 2261/234/2405 2260/277/2450 2303/321/2495 2304/279/2451
f 2262/278/2452 2304/279/2451 2347/323/2496 2305/322/2497
f 2263/280/2453 2262/281/2452 2305/325/2497 2306/324/2498
f 2264/282/2454 2263/280/2453 2306/324/2498 2307/326/2499
f 2265/283/2455 2264/282/2454 2307/326/2499 2308/327/2500
f 2266/284/2456 2265/283/2455 2308/327/2500 2309/328/2501
f 2267/285/2458 2266/284/2457 2309/328/2502 2310/329/2503
f 2268/286/2460 2267/285/2459 2310/329/2504 2311/330/2505
f 2269/287/2461 2268/286/2460 2311/330/2505 2312/331/2506
f 2270/288/2462 2269/287/2461 2312/331/2506 2313/332/2507
f 2271/289/2463 2270/288/2462 2313/332/2507 2314/333/2508
f 2272/290/2464 2271/289/2463 2314/333/2508 2315/334/2509
f 2273/291/2465 2272/290/2464 2315/334/2509 2316/335/2510
f 2274/292/2466 2273/291/2465 2316/335/2510 2317/336/2511
f 2275/293/2467 2274/292/2466 2317/336/2511 2318/337/2512
f 2276/294/2468 2275/293/2467 2318/337/2512 2319/338/2513
f 2277/295/2469 2276/294/2468 2319/338/2513 2320/339/2514
f 2278/296/2470 2277/295/2469 2320/339/2514 2321/340/2515
f 2279/297/2471 2278/296/2470 2321/340/2515 2322/341/2516
f 2280/298/2472 2279/297/2471 2322/341/2516 2323/342/2517
f 2281/299/2473 2280/298/2472 2323/342/2517 2324/343/2518
f 2282/300/2474 2281/299/2473 2324/343/2518 2325/344/2519
f 2283/301/2475 2282/300/2474 2325/344/2519 2326/345/2520
f 2285/302/2477 2284/303/2476 2327/347/2521 2328/346/2522
f 2286/304/2478 2285/302/2477 2328/346/2522 2329/348/2523
f 2287/305/2479 2286/304/2478 2329/348/2523 2330/349/2524
f 2288/306/2480 2287/305/2479 2330/349/2524 2331/350/2525
f 2289/307/2481 2288/306/2480 2331/350/2525 2332/351/2526
f 2290/308/2482 2289/307/2481 2332/351/2526 2333/352/2527
f 2291/309/2483 2290/308/2482 2333/352/2527 2334/353/2528
f 2292/310/2484 2291/309/2483 2334/353/2528 2335/354/2529
f 2293/311/2485 2292/310/2484 2335/354/2529 2336/355/2530
f 2294/312/2486 2293/311/2485 2336/355/2530 2337/356/2531
f 2295/313/2487 2294/312/2486 2337/356/2531 2338/357/2532
f 2296/314/2488 2295/313/2487 2338/357/2532 2339/358/2533
f 2297/315/2489 2296/314/2488 2339/358/2533 2340/359/2534
f 2298/316/2490 2297/315/2489 2340/359/2534 2341/360/2535
f 2299/317/2491 2298/316/2490 2341/360/2535 2342/361/2536
f 2300/318/2492 2299/317/2491 2342/361/2536 2343/362/2537
f 2301/319/2493 2300/318/2492 2343/362/2537 2344/363/2538
f 2302/320/2494 2301/319/2493 2344/363/2538 2345/364/2539
f 2303/321/2495 2302/320/2494 2345/364/2539 2346/365/2540
f 2304/279/2451 2303/321/2495 2346/365/2540 2347/323/2496
f 2305/322/2497 2347/323/2496 2390/367/2541 2348/366/2542
f 2306/324/2498 2305/325/2497 2348/369/2542 2349/368/2543
f 2307/326/2499 2306/324/2498 2349/368/2543 2350/370/2544
f 2308/327/2500 2307/326/2499 2350/370/2544 2351/371/2545
f 2309/328/2501 2308/327/2500 2351/371/2545 2352/372/2546
f 2310/329/2503 2309/328/2502 2352/372/2547 2353/373/2548
f 2311/330/2505 2310/329/2504 2353/373/2549 2354/374/2550
f 2312/331/2506 2311/330/2505 2354/374/2550 2355/375/2551
f 2313/332/2507 2312/331/2506 2355/375/2551 2356/376/2552
f 2314/333/2508 2313/332/2507 2356/376/2552 2357/377/2553
f 2315/334/2509 2314/333/2508 2357/377/2553 2358/378/2554
f 2316/335/2510 2315/334/2509 2358/378/2554 2359/379/2555
f 2317/336/2511 2316/335/2510 2359/379/2555 2360/380/2556
f 2318/337/2512 2317/336/2511 2360/380/2556 2361/381/2557
f 2319/338/2513 2318/337/2512 2361/381/2557 2362/382/2558
f 2320/339/2514 2319/338/2513 2362/382/2558 2363/383/2559
f 2321/340/2515 2320/339/2514 2363/383/2559 2364/384/2560
f 2322/341/2516 2321/340/2515 2364/384/2560 2365/385/2561
f 2323/342/2517 2322/341/2516 2365/385/2561 2366/386/2562
f 2324/343/2518 2323/342/2517 2366/386/2562 2367/387/2563
f 2325/344/2519 2324/343/2518 2367/387/2563 2368/388/2564
f 2326/345/2520 2325/344/2519 2368/388/2564 2369/389/2565
f 2328/346/2522 2327/347/2521 2370/391/2566 2371/390/2567
f 2329/348/2523 2328/346/2522 2371/390/2567 2372/392/2568
f 2330/349/2524 2329/348/2523 2372/392/2568 2373/393/2569
f 2331/350/2525 2330/349/2524 2373/393/2569 2374/394/2570
f 2332/351/2526 2331/350/2525 2374/394/2570 2375/395/2571
f 2333/352/2527 2332/351/2526 2375/395/2571 2376/396/2572
f 2334/353/2528 2333/352/2527 2376/396/2572 2377/397/2573
f 2335/354/2529 2334/353/2528 2377/397/2573 2378/398/2574
f 2336/355/2530 2335/354/2529 2378/398/2574 2379/399/2575
f 2337/356/2531 2336/355/2530 2379/399/2575 2380/400/2576
f 2338/357/2532 2337/356/2531 2380/400/2576 2381/401/2577
f 2339/358/2533 2338/357/2532 2381/401/2577 2382/402/2578
f 2340/359/2534 2339/358/2533 2382/402/2578 2383/403/2579
f 2341/360/2535 2340/359/2534 2383/403/2579 2384/404/2580
f 2342/361/2536 2341/360/2535 2384/404/2580 2385/405/2581
f 2343/362/2537 2342/361/2536 2385/405/2581 2386/406/2582
f 2344/363/2538 2343/362/2537 2386/406/2582 2387/407/2583
f 2345/364/2539 2344/363/2538 2387/407/2583 2388/408/2584
f 2346/365/2540 2345/364/2539 2388/408/2584 2389/409/2585
f 2347/323/2496 2346/365/2540 2389/409/2585 2390/367/2541
f 2348/366/2542 2390/367/2541 2433/411/2586 2391/410/2587
f 2349/368/2543 2348/369/2542 2391/413/2587 2392/412/2588
f 2350/370/2544 2349/368/2543 2392/412/2588 2393/414/2589
f 2351/371/2545 2350/370/2544 2393/414/2589 2394/415/2590
f 2352/372/2546 2351/371/2545 2394/415/2590 2395/416/2591
f 2353/373/2548 2352/372/2547 2395/416/2592 2396/417/2593
f 2354/374/2550 2353/373/2549 2396/417/2594 2397/418/2595
f 2355/375/2551 2354/374/2550 2397/418/2595 2398/419/2596
f 2356/376/2552 2355/375/2551 2398/419/2596 2399/420/2597
f 2357/377/2553 2356/376/2552 2399/420/2597 2400/421/2598
f 2444/422/218 2010/422/218 2009/423/218 2443/423/218
f 2359/379/2555 2358/378/2554 2401/425/2599 2402/424/2600
f 2360/380/2556 2359/379/2555 2402/424/2600 2403/426/2601
f 2361/381/2557 2360/380/2556 2403/426/2601 2404/427/2602
f 2362/382/2558 2361/381/2557 2404/427/2602 2405/428/2603
f 2363/383/2559 2362/382/2558 2405/428/2603 2406/429/2604
f 2364/384/2560 2363/383/2559 2406/429/2604 2407/430/2605
f 2365/385/2561 2364/384/2560 2407/430/2605 2408/431/2606
f 2366/386/2562 2365/385/2561 2408/431/2606 2409/432/2607
f 2367/387/2563 2366/386/2562 2409/432/2607 2410/433/2608
f 2368/388/2564 2367/387/2563 2410/433/2608 2411/434/2609
f 2369/389/2565 2368/388/2564 2411/434/2609 2412/435/2610
f 2371/390/2567 2370/391/2566 2413/437/2611 2414/436/2612
f 2372/392/2568 2371/390/2567 2414/436/2612 2415/438/2613
f 2373/393/2569 2372/392/2568 2415/438/2613 2416/439/2614
f 2374/394/2570 2373/393/2569 2416/439/2614 2417/440/2615
f 2375/395/2571 2374/394/2570 2417/440/2615 2418/441/2616
f 2376/396/2572 2375/395/2571 2418/441/2616 2419/442/2617
f 2377/397/2573 2376/396/2572 2419/442/2617 2420/443/2618
f 2378/398/2574 2377/397/2573 2420/443/2618 2421/444/2619
f 2379/399/2575 2378/398/2574 2421/444/2619 2422/445/2620
f 2380/400/2576 2379/399/2575 2422/445/2620 2423/446/2621
f 2381/401/2577 2380/400/2576 2423/446/2621 2424/447/2622
f 2382/402/2578 2381/401/2577 2424/447/2622 2425/448/2623
f 2383/403/2579 2382/402/2578 2425/448/2623 2426/449/2624
f 2384/404/2580 2383/403/2579 2426/449/2624 2427/450/2625
f 2385/405/2581 2384/404/2580 2427/450/2625 2428/451/2626
f 2386/406/2582 2385/405/2581 2428/451/2626 2429/452/2627
f 2387/407/2583 2386/406/2582 2429/452/2627 2430/453/2628
f 2388/408/2584 2387/407/2583 2430/453/2628 2431/454/2629
f 2389/409/2585 2388/408/2584 2431/454/2629 2432/455/2630
f 2390/367/2541 2389/409/2585 2432/455/2630 2433/411/2586
f 2391/410/2587 2433/411/2586 2476/457/2631 2434/456/2632
f 2392/412/2588 2391/413/2587 2434/459/2632 2435/458/2633
f 2393/414/2589 2392/412/2588 2435/458/2633 2436/460/2634
f 2394/415/2590 2393/414/2589 2436/460/2634 2437/461/2635
f 2395/416/2591 2394/415/2590 2437/461/2635 2438/462/2636
f 2396/417/2593 2395/416/2592 2438/462/2637 2439/463/2638
f 2397/418/2595 2396/417/2594 2439/463/2639 2440/464/2640
f 2398/419/2596 2397/418/2595 2440/464/2640 2441/465/2641
f 2399/420/2597 2398/419/2596 2441/465/2641 2442/466/2642
f 2400/421/2598 2399/420/2597 2442/466/2642 2443/423/2643
f 2358/378/445 2006/378/445 2008/425/447 2401/425/446
f 2402/424/2600 2401/425/2599 2444/422/2644 2445/467/2645
f 2403/426/2601 2402/424/2600 2445/467/2645 2446/468/2646
f 2404/427/2602 2403/426/2601 2446/468/2646 2447/469/2647
f 2405/428/2603 2404/427/2602 2447/469/2647 2448/470/2648
f 2406/429/2604 2405/428/2603 2448/470/2648 2449/471/2649
f 2407/430/2605 2406/429/2604 2449/471/2649 2450/472/2650
f 2408/431/2606 2407/430/2605 2450/472/2650 2451/473/2651
f 2409/432/2607 2408/431/2606 2451/473/2651 2452/474/2652
f 2410/433/2608 2409/432/2607 2452/474/2652 2453/475/2653
f 2411/434/2609 2410/433/2608 2453/475/2653 2454/476/2654
f 2412/435/2610 2411/434/2609 2454/476/2654 2455/477/2655
f 2414/436/2612 2413/437/2611 2456/479/2656 2457/478/2657
f 2415/438/2613 2414/436/2612 2457/478/2657 2458/480/2658
f 2416/439/2614 2415/438/2613 2458/480/2658 2459/481/2659
f 2417/440/2615 2416/439/2614 2459/481/2659 2460/482/2660
f 2418/441/2616 2417/440/2615 2460/482/2660 2461/483/2661
f 2419/442/2617 2418/441/2616 2461/483/2661 2462/484/2662
f 2420/443/2618 2419/442/2617 2462/484/2662 2463/485/2663
f 2421/444/2619 2420/443/2618 2463/485/2663 2464/486/2664
f 2422/445/2620 2421/444/2619 2464/486/2664 2465/487/2665
f 2423/446/2621 2422/445/2620 2465/487/2665 2466/488/2666
f 2424/447/2622 2423/446/2621 2466/488/2666 2467/489/2667
f 2425/448/2623 2424/447/2622 2467/489/2667 2468/490/2668
f 2426/449/2624 2425/448/2623 2468/490/2668 2469/491/2669
f 2427/450/2625 2426/449/2624 2469/491/2669 2470/492/2670
f 2428/451/2626 2427/450/2625 2470/492/2670 2471/493/2671
f 2429/452/2627 2428/451/2626 2471/493/2671 2472/494/2672
f 2430/453/2628 2429/452/2627 2472/494/2672 2473/495/2673
f 2431/454/2629 2430/453/2628 2473/495/2673 2474/496/2674
f 2432/455/2630 2431/454/2629 2474/496/2674 2475/497/2675
f 2433/411/2586 2432/455/2630 2475/497/2675 2476/457/2631
f 2434/456/2632 2476/457/2631 2519/499/2676 2477/498/2677
f 2435/458/2633 2434/459/2632 2477/501/2677 2478/500/2678
f 2436/460/2634 2435/458/2633 2478/500/2678 2479/502/2679
f 2437/461/2635 2436/460/2634 2479/502/2679 2480/503/2680
f 2438/462/2636 2437/461/2635 2480/503/2680 2481/504/2681
f 2439/463/2638 2438/462/2637 2481/504/2682 2482/505/2683
f 2440/464/2640 2439/463/2639 2482/505/2684 2483/506/2685
f 2441/465/2641 2440/464/2640 2483/506/2685 2484/507/2686
f 2442/466/2642 2441/465/2641 2484/507/2686 2485/508/2687
f 2443/423/2643 2442/466/2642 2485/508/2687 2486/509/2688
f 2444/422/2644 2443/423/2643 2486/509/2688 2487/510/2689
f 2445/467/2645 2444/422/2644 2487/510/2689 2488/511/2690
f 2446/468/2646 2445/467/2645 2488/511/2690 2489/512/2691
f 2447/469/2647 2446/468/2646 2489/512/2691 2490/513/2692
f 2448/470/2648 2447/469/2647 2490/513/2692 2491/514/2693
f 2449/471/2649 2448/470/2648 2491/514/2693 2492/515/2694
f 2450/472/2650 2449/471/2649 2492/515/2694 2493/516/2695
f 2451/473/2651 2450/472/2650 2493/516/2695 2494/517/2696
f 2452/474/2652 2451/473/2651 2494/517/2696 2495/518/2697
f 2453/475/2653 2452/474/2652 2495/518/2697 2496/519/2698
f 2454/476/2654 2453/475/2653 2496/519/2698 2497/520/2699
f 2455/477/2655 2454/476/2654 2497/520/2699 2498/521/2700
f 2457/478/2657 2456/479/2656 2499/523/2701 2500/522/2702
f 2458/480/2658 2457/478/2657 2500/522/2702 2501/524/2703
f 2459/481/2659 2458/480/2658 2501/524/2703 2502/525/2704
f 2460/482/2660 2459/481/2659 2502/525/2704 2503/526/2705
f 2461/483/2661 2460/482/2660 2503/526/2705 2504/527/2706
f 2462/484/2662 2461/483/2661 2504/527/2706 2505/528/2707
f 2463/485/2663 2462/484/2662 2505/528/2707 2506/529/2708
f 2464/486/2664 2463/485/2663 2506/529/2708 2507/530/2709
f 2465/487/2665 2464/486/2664 2507/530/2709 2508/531/2710
f 2466/488/2666 2465/487/2665 2508/531/2710 2509/532/2711
f 2467/489/2667 2466/488/2666 2509/532/2711 2510/533/2712
f 2468/490/2668 2467/489/2667 2510/533/2712 2511/534/2713
f 2469/491/2669 2468/490/2668 2511/534/2713 2512/535/2714
f 2470/492/2670 2469/491/2669 2512/535/2714 2513/536/2715
f 2471/493/2671 2470/492/2670 2513/536/2715 2514/537/2716
f 2472/494/2672 2471/493/2671 2514/537/2716 2515/538/2717
f 2473/495/2673 2472/494/2672 2515/538/2717 2516/539/2718
f 2474/496/2674 2473/495/2673 2516/539/2718 2517/540/2719
f 2475/497/2675 2474/496/2674 2517/540/2719 2518/541/2720
f 2476/457/2631 2475/497/2675 2518/541/2720 2519/499/2676
f 2477/498/2677 2519/499/2676 2562/543/2721 2520/542/2722
f 2478/500/2678 2477/501/2677 2520/545/2722 2521/544/2723
f 2479/502/2679 2478/500/2678 2521/544/2723 2522/546/2724
f 2480/503/2680 2479/502/2679 2522/546/2724 2523/547/2725
f 2481/504/2681 2480/503/2680 2523/547/2725 2524/548/2726
f 2482/505/2683 2481/504/2682 2524/548/2727 2525/549/2728
f 2483/506/2685 2482/505/2684 2525/549/2729 2526/550/2730
f 2484/507/2686 2483/506/2685 2526/550/2730 2527/551/2731
f 2485/508/2687 2484/507/2686 2527/551/2731 2528/552/2732
f 2486/509/2688 2485/508/2687 2528/552/2732 2529/553/2733
f 2487/510/2689 2486/509/2688 2529/553/2733 2530/554/2734
f 2488/511/2690 2487/510/2689 2530/554/2734 2531/555/2735
f 2489/512/2691 2488/511/2690 2531/555/2735 2532/556/2736
f 2490/513/2692 2489/512/2691 2532/556/2736 2533/557/2737
f 2491/514/2693 2490/513/2692 2533/557/2737 2534/558/2738
f 2492/515/2694 2491/514/2693 2534/558/2738 2535/559/2739
f 2493/516/2695 2492/515/2694 2535/559/2739 2536/560/2740
f 2494/517/2696 2493/516/2695 2536/560/2740 2537/561/2741
f 2495/518/2697 2494/517/2696 2537/561/2741 2538/562/2742
f 2496/519/2698 2495/518/2697 2538/562/2742 2539/563/2743
f 2497/520/2699 2496/519/2698 2539/563/2743 2540/564/2744
f 2498/521/2700 2497/520/2699 2540/564/2744 2541/565/2745
f 2500/522/2702 2499/523/2701 2542/567/2746 2543/566/2747
f 2501/524/2703 2500/522/2702 2543/566/2747 2544/568/2748
f 2502/525/2704 2501/524/2703 2544/568/2748 2545/569/2749
f 2503/526/2705 2502/525/2704 2545/569/2749 2546/570/2750
f 2504/527/2706 2503/526/2705 2546/570/2750 2547/571/2751
f 2505/528/2707 2504/527/2706 2547/571/2751 2548/572/2752
f 2506/529/2708 2505/528/2707 2548/572/2752 2549/573/2753
f 2507/530/2709 2506/529/2708 2549/573/2753 2550/574/2754
f 2508/531/2710 2507/530/2709 2550/574/2754 2551/575/2755
f 2509/532/2711 2508/531/2710 2551/575/2755 2552/576/2756
f 2510/533/2712 2509/532/2711 2552/576/2756 2553/577/2757
f 2511/534/2713 2510/533/2712 2553/577/2757 2554/578/2758
f 2512/535/2714 2511/534/2713 2554/578/2758 2555/579/2759
f 2513/536/2715 2512/535/2714 2555/579/2759 2556/580/2760
f 2514/537/2716 2513/536/2715 2556/580/2760 2557/581/2761
f 2515/538/2717 2514/537/2716 2557/581/2761 2558/582/2762
f 2516/539/2718 2515/538/2717 2558/582/2762 2559/583/2763
f 2517/540/2719 2516/539/2718 2559/583/2763 2560/584/2764
f 2518/541/2720 2517/540/2719 2560/584/2764 2561/585/2765
f 2519/499/2676 2518/541/2720 2561/585/2765 2562/543/2721
f 2520/542/2722 2562/543/2721 2605/587/2766 2563/586/2767
f 2521/544/2723 2520/545/2722 2563/589/2767 2564/588/2768
f 2522/546/2724 2521/544/2723 2564/588/2768 2565/590/2769
f 2523/547/2725 2522/546/2724 2565/590/2769 2566/591/2770
f 2524/548/2726 2523/547/2725 2566/591/2770 2567/592/2771
f 2525/549/2728 2524/548/2727 2567/592/2772 2568/593/2773
f 2526/550/2730 2525/549/2729 2568/593/2774 2569/594/2775
f 2527/551/2731 2526/550/2730 2569/594/2775 2570/595/2776
f 2528/552/2732 2527/551/2731 2570/595/2776 2571/596/2777
f 2529/553/2733 2528/552/2732 2571/596/2777 2572/597/2778
f 2530/554/2734 2529/553/2733 2572/597/2778 2573/598/2779
f 2531/555/2735 2530/554/2734 2573/598/2779 2574/599/2780
f 2532/556/2736 2531/555/2735 2574/599/2780 2575/600/2781
f 2533/557/2737 2532/556/2736 2575/600/2781 2576/601/2782
f 2534/558/2738 2533/557/2737 2576/601/2782 2577/602/2783
f 2535/559/2739 2534/558/2738 2577/602/2783 2578/603/2784
f 2536/560/2740 2535/559/2739 2578/603/2784 2579/604/2785
f 2537/561/2741 2536/560/2740 2579/604/2785 2580/605/2786
f 2538/562/2742 2537/561/2741 2580/605/2786 2581/606/2787
f 2539/563/2743 2538/562/2742 2581/606/2787 2582/607/2788
f 2540/564/2744 2539/563/2743 2582/607/2788 2583/608/2789
f 2541/565/2745 2540/564/2744 2583/608/2789 2584/609/2790
f 2543/566/2747 2542/567/2746 2585/611/2791 2586/610/2792
f 2544/568/2748 2543/566/2747 2586/610/2792 2587/612/2793
f 2545/569/2749 2544/568/2748 2587/612/2793 2588/613/2794
f 2546/570/2750 2545/569/2749 2588/613/2794 2589/614/2795
f 2547/571/2751 2546/570/2750 2589/614/2795 2590/615/2796
f 2548/572/2752 2547/571/2751 2590/615/2796 2591/616/2797
f 2549/573/2753 2548/572/2752 2591/616/2797 2592/617/2798
f 2550/574/2754 2549/573/2753 2592/617/2798 2593/618/2799
f 2551/575/2755 2550/574/2754 2593/618/2799 2594/619/2800
f 2552/576/2756 2551/575/2755 2594/619/2800 2595/620/2801
f 2553/577/2757 2552/576/2756 2595/620/2801 2596/621/2802
f 2554/578/2758 2553/577/2757 2596/621/2802 2597/622/2803
f 2555/579/2759 2554/578/2758 2597/622/2803 2598/623/2804
f 2556/580/2760 2555/579/2759 2598/623/2804 2599/624/2805
f 2557/581/2761 2556/580/2760 2599/624/2805 2600/625/2806
f 2558/582/2762 2557/581/2761 2600/625/2806 2601/626/2807
f 2559/583/2763 2558/582/2762 2601/626/2807 2602/627/2808
f 2560/584/2764 2559/583/2763 2602/627/2808 2603/628/2809
f 2561/585/2765 2560/584/2764 2603/628/2809 2604/629/2810
f 2562/543/2721 2561/585/2765 2604/629/2810 2605/587/2766
f 2563/586/2767 2605/587/2766 2648/631/2811 2606/630/2812
f 2564/588/2768 2563/589/2767 2606/633/2812 2607/632/2813
f 2565/590/2769 2564/588/2768 2607/632/2813 2608/634/2814
f 2566/591/2770 2565/590/2769 2608/634/2814 2609/635/2815
f 2567/592/2771 2566/591/2770 2609/635/2815 2610/636/2816
f 2568/593/2773 2567/592/2772 2610/636/2817 2611/637/2818
f 2569/594/2775 2568/593/2774 2611/637/2819 2612/638/2820
f 2570/595/2776 2569/594/2775 2612/638/2820 2613/639/2821
f 2571/596/2777 2570/595/2776 2613/639/2821 2614/640/2822
f 2572/597/2778 2571/596/2777 2614/640/2822 2615/641/2823
f 2573/598/2779 2572/597/2778 2615/641/2823 2616/642/2824
f 2574/599/2780 2573/598/2779 2616/642/2824 2617/643/2825
f 2575/600/2781 2574/599/2780 2617/643/2825 2618/644/2826
f 2576/601/2782 2575/600/2781 2618/644/2826 2619/645/2827
f 2577/602/2783 2576/601/2782 2619/645/2827 2620/646/2828
f 2578/603/2784 2577/602/2783 2620/646/2828 2621/647/2829
f 2579/604/2785 2578/603/2784 2621/647/2829 2622/648/2830
f 2580/605/2786 2579/604/2785 2622/648/2830 2623/649/2831
f 2581/606/2787 2580/605/2786 2623/649/2831 2624/650/2832
f 2582/607/2788 2581/606/2787 2624/650/2832 2625/651/2833
f 2583/608/2789 2582/607/2788 2625/651/2833 2626/652/2834
f 2584/609/2790 2583/608/2789 2626/652/2834 2627/653/2835
f 2586/610/2792 2585/611/2791 2628/655/2836 2629/654/2837
f 2587/612/2793 2586/610/2792 2629/654/2837 2630/656/2838
f 2588/613/2794 2587/612/2793 2630/656/2838 2631/657/2839
f 2589/614/2795 2588/613/2794 2631/657/2839 2632/658/2840
f 2590/615/2796 2589/614/2795 2632/658/2840 2633/659/2841
f 2591/616/2797 2590/615/2796 2633/659/2841 2634/660/2842
f 2592/617/2798 2591/616/2797 2634/660/2842 2635/661/2843
f 2593/618/2799 2592/617/2798 2635/661/2843 2636/662/2844
f 2594/619/2800 2593/618/2799 2636/662/2844 2637/663/2845
f 2595/620/2801 2594/619/2800 2637/663/2845 2638/664/2846
f 2596/621/2802 2595/620/2801 2638/664/2846 2639/665/2847
f 2597/622/2803 2596/621/2802 2639/665/2847 2640/666/2848
f 2598/623/2804 2597/622/2803 2640/666/2848 2641/667/2849
f 2599/624/2805 2598/623/2804 2641/667/2849 2642/668/2850
f 2600/625/2806 2599/624/2805 2642/668/2850 2643/669/2851
f 2601/626/2807 2600/625/2806 2643/669/2851 2644/670/2852
f 2602/627/2808 2601/626/2807 2644/670/2852 2645/671/2853
f 2603/628/2809 2602/627/2808 2645/671/2853 2646/672/2854
f 2604/629/2810 2603/628/2809 2646/672/2854 2647/673/2855
f 2605/587/2766 2604/629/2810 2647/673/2855 2648/631/2811
f 2606/630/2812 2648/631/2811 2691/675/2856 2649/674/2857
f 2607/632/2813 2606/633/2812 2649/677/2857 2650/676/2858
f 2608/634/2814 2607/632/2813 2650/676/2858 2651/678/2859
f 2609/635/2815 2608/634/2814 2651/678/2859 2652/679/2860
f 2610/636/2816 2609/635/2815 2652/679/2860 2653/680/2861
f 2611/637/2818 2610/636/2817 2653/680/2862 2654/681/2863
f 2612/638/2820 2611/637/2819 2654/681/2864 2655/682/2865
f 2613/639/2821 2612/638/2820 2655/682/2865 2656/683/2866
f 2614/640/2822 2613/639/2821 2656/683/2866 2657/684/2867
f 2615/641/2823 2614/640/2822 2657/684/2867 2658/685/2868
f 2701/686/673 2019/686/673 2017/685/675 2658/685/674
f 2617/643/2825 2616/642/2824 2659/688/2869 2660/687/2870
f 2618/644/2826 2617/643/2825 2660/687/2870 2661/689/2871
f 2619/645/2827 2618/644/2826 2661/689/2871 2662/690/2872
f 2620/646/2828 2619/645/2827 2662/690/2872 2663/691/2873
f 2621/647/2829 2620/646/2828 2663/691/2873 2664/692/2874
f 2622/648/2830 2621/647/2829 2664/692/2874 2665/693/2875
f 2623/649/2831 2622/648/2830 2665/693/2875 2666/694/2876
f 2624/650/2832 2623/649/2831 2666/694/2876 2667/695/2877
f 2625/651/2833 2624/650/2832 2667/695/2877 2668/696/2878
f 2626/652/2834 2625/651/2833 2668/696/2878 2669/697/2879
f 2627/653/2835 2626/652/2834 2669/697/2879 2670/698/2880
f 2629/654/2837 2628/655/2836 2671/700/2881 2672/699/2882
f 2630/656/2838 2629/654/2837 2672/699/2882 2673/701/2883
f 2631/657/2839 2630/656/2838 2673/701/2883 2674/702/2884
f 2632/658/2840 2631/657/2839 2674/702/2884 2675/703/2885
f 2633/659/2841 2632/658/2840 2675/703/2885 2676/704/2886
f 2634/660/2842 2633/659/2841 2676/704/2886 2677/705/2887
f 2635/661/2843 2634/660/2842 2677/705/2887 2678/706/2888
f 2636/662/2844 2635/661/2843 2678/706/2888 2679/707/2889
f 2637/663/2845 2636/662/2844 2679/707/2889 2680/708/2890
f 2638/664/2846 2637/663/2845 2680/708/2890 2681/709/2891
f 2639/665/2847 2638/664/2846 2681/709/2891 2682/710/2892
f 2640/666/2848 2639/665/2847 2682/710/2892 2683/711/2893
f 2641/667/2849 2640/666/2848 2683/711/2893 2684/712/2894
f 2642/668/2850 2641/667/2849 2684/712/2894 2685/713/2895
f 2643/669/2851 2642/668/2850 2685/713/2895 2686/714/2896
f 2644/670/2852 2643/669/2851 2686/714/2896 2687/715/2897
f 2645/671/2853 2644/670/2852 2687/715/2897 2688/716/2898
f 2646/672/2854 2645/671/2853 2688/716/2898 2689/717/2899
f 2647/673/2855 2646/672/2854 2689/717/2899 2690/718/2900
f 2648/631/2811 2647/673/2855 2690/718/2900 2691/675/2856
f 2649/674/2857 2691/675/2856 2734/720/2901 2692/719/2902
f 2650/676/2858 2649/677/2857 2692/722/2902 2693/721/2903
f 2651/678/2859 2650/676/2858 2693/721/2903 2694/723/2904
f 2652/679/2860 2651/678/2859 2694/723/2904 2695/724/2905
f 2653/680/2861 2652/679/2860 2695/724/2905 2696/725/2906
f 2654/681/2863 2653/680/2862 2696/725/2907 2697/726/2908
f 2655/682/2865 2654/681/2864 2697/726/2909 2698/727/2910
f 2656/683/2866 2655/682/2865 2698/727/2910 2699/728/2911
f 2657/684/2867 2656/683/2866 2699/728/2911 2700/729/2912
f 2658/685/2868 2657/684/2867 2700/729/2912 2701/686/2913
f 2659/688/721 2018/688/723 2020/730/722 2702/730/722
f 2660/687/2870 2659/688/2869 2702/730/2914 2703/731/2915
f 2661/689/2871 2660/687/2870 2703/731/2915 2704/732/2916
f 2662/690/2872 2661/689/2871 2704/732/2916 2705/733/2917
f 2663/691/2873 2662/690/2872 2705/733/2917 2706/734/2918
f 2664/692/2874 2663/691/2873 2706/734/2918 2707/735/2919
f 2665/693/2875 2664/692/2874 2707/735/2919 2708/736/2920
f 2666/694/2876 2665/693/2875 2708/736/2920 2709/737/2921
f 2667/695/2877 2666/694/2876 2709/737/2921 2710/738/2922
f 2668/696/2878 2667/695/2877 2710/738/2922 2711/739/2923
f 2669/697/2879 2668/696/2878 2711/739/2923 2712/740/2924
f 2670/698/2880 2669/697/2879 2712/740/2924 2713/741/2925
f 2672/699/2882 2671/700/2881 2714/743/2926 2715/742/2927
f 2673/701/2883 2672/699/2882 2715/742/2927 2716/744/2928
f 2674/702/2884 2673/701/2883 2716/744/2928 2717/745/2929
f 2675/703/2885 2674/702/2884 2717/745/2929 2718/746/2930
f 2676/704/2886 2675/703/2885 2718/746/2930 2719/747/2931
f 2677/705/2887 2676/704/2886 2719/747/2931 2720/748/2932
f 2678/706/2888 2677/705/2887 2720/748/2932 2721/749/2933
f 2679/707/2889 2678/706/2888 2721/749/2933 2722/750/2934
f 2680/708/2890 2679/707/2889 2722/750/2934 2723/751/2935
f 2681/709/2891 2680/708/2890 2723/751/2935 2724/752/2936
f 2682/710/2892 2681/709/2891 2724/752/2936 2725/753/2937
f 2683/711/2893 2682/710/2892 2725/753/2937 2726/754/2938
f 2684/712/2894 2683/711/2893 2726/754/2938 2727/755/2939
f 2685/713/2895 2684/712/2894 2727/755/2939 2728/756/2940
f 2686/714/2896 2685/713/2895 2728/756/2940 2729/757/2941
f 2687/715/2897 2686/714/2896 2729/757/2941 2730/758/2942
f 2688/716/2898 2687/715/2897 2730/758/2942 2731/759/2943
f 2689/717/2899 2688/716/2898 2731/759/2943 2732/760/2944
f 2690/718/2900 2689/717/2899 2732/760/2944 2733/761/2945
f 2691/675/2856 2690/718/2900 2733/761/2945 2734/720/2901
f 2692/719/2902 2734/720/2901 2777/763/2946 2735/762/2947
f 2693/721/2903 2692/722/2902 2735/765/2947 2736/764/2948
f 2694/723/2904 2693/721/2903 2736/764/2948 2737/766/2949
f 2695/724/2905 2694/723/2904 2737/766/2949 2738/767/2950
f 2696/725/2906 2695/724/2905 2738/767/2950 2739/768/2951
f 2697/726/2908 2696/725/2907 2739/768/2952 2740/769/2953
f 2698/727/2910 2697/726/2909 2740/769/2954 2741/770/2955
f 2699/728/2911 2698/727/2910 2741/770/2955 2742/771/2956
f 2700/729/2912 2699/728/2911 2742/771/2956 2743/772/2957
f 2701/686/2913 2700/729/2912 2743/772/2957 2744/773/2958
f 2702/730/2914 2701/686/2913 2744/773/2958 2745/774/2959
f 2703/731/2915 2702/730/2914 2745/774/2959 2746/775/2960
f 2704/732/2916 2703/731/2915 2746/775/2960 2747/776/2961
f 2705/733/2917 2704/732/2916 2747/776/2961 2748/777/2962
f 2706/734/2918 2705/733/2917 2748/777/2962 2749/778/2963
f 2707/735/2919 2706/734/2918 2749/778/2963 2750/779/2964
f 2708/736/2920 2707/735/2919 2750/779/2964 2751/780/2965
f 2709/737/2921 2708/736/2920 2751/780/2965 2752/781/2966
f 2710/738/2922 2709/737/2921 2752/781/2966 2753/782/2967
f 2711/739/2923 2710/738/2922 2753/782/2967 2754/783/2968
f 2712/740/2924 2711/739/2923 2754/783/2968 2755/784/2969
f 2713/741/2925 2712/740/2924 2755/784/2969 2756/785/2970
f 2715/742/2927 2714/743/2926 2757/787/2971 2758/786/2972
f 2716/744/2928 2715/742/2927 2758/786/2972 2759/788/2973
f 2717/745/2929 2716/744/2928 2759/788/2973 2760/789/2974
f 2718/746/2930 2717/745/2929 2760/789/2974 2761/790/2975
f 2719/747/2931 2718/746/2930 2761/790/2975 2762/791/2976
f 2720/748/2932 2719/747/2931 2762/791/2976 2763/792/2977
f 2721/749/2933 2720/748/2932 2763/792/2977 2764/793/2978
f 2722/750/2934 2721/749/2933 2764/793/2978 2765/794/2979
f 2723/751/2935 2722/750/2934 2765/794/2979 2766/795/2980
f 2724/752/2936 2723/751/2935 2766/795/2980 2767/796/2981
f 2725/753/2937 2724/752/2936 2767/796/2981 2768/797/2982
f 2726/754/2938 2725/753/2937 2768/797/2982 2769/798/2983
f 2727/755/2939 2726/754/2938 2769/798/2983 2770/799/2984
f 2728/756/2940 2727/755/2939 2770/799/2984 2771/800/2985
f 2729/757/2941 2728/756/2940 2771/800/2985 2772/801/2986
f 2730/758/2942 2729/757/2941 2772/801/2986 2773/802/2987
f 2731/759/2943 2730/758/2942 2773/802/2987 2774/803/2988
f 2732/760/2944 2731/759/2943 2774/803/2988 2775/804/2989
f 2733/761/2945 2732/760/2944 2775/804/2989 2776/805/2990
f 2734/720/2901 2733/761/2945 2776/805/2990 2777/763/2946
f 2735/762/2947 2777/763/2946 2820/807/2991 2778/806/2992
f 2736/764/2948 2735/765/2947 2778/809/2992 2779/808/2993
f 2737/766/2949 2736/764/2948 2779/808/2993 2780/810/2994
f 2738/767/2950 2737/766/2949 2780/810/2994 2781/811/2995
f 2739/768/2951 2738/767/2950 2781/811/2995 2782/812/2996
f 2740/769/2953 2739/768/2952 2782/812/2997 2783/813/2998
f 2741/770/2955 2740/769/2954 2783/813/2999 2784/814/3000
f 2742/771/2956 2741/770/2955 2784/814/3000 2785/815/3001
f 2743/772/2957 2742/771/2956 2785/815/3001 2786/816/3002
f 2744/773/2958 2743/772/2957 2786/816/3002 2787/817/3003
f 2745/774/2959 2744/773/2958 2787/817/3003 2788/818/3004
f 2746/775/2960 2745/774/2959 2788/818/3004 2789/819/3005
f 2747/776/2961 2746/775/2960 2789/819/3005 2790/820/3006
f 2748/777/2962 2747/776/2961 2790/820/3006 2791/821/3007
f 2749/778/2963 2748/777/2962 2791/821/3007 2792/822/3008
f 2750/779/2964 2749/778/2963 2792/822/3008 2793/823/3009
f 2751/780/2965 2750/779/2964 2793/823/3009 2794/824/3010
f 2752/781/2966 2751/780/2965 2794/824/3010 2795/825/3011
f 2753/782/2967 2752/781/2966 2795/825/3011 2796/826/3012
f 2754/783/2968 2753/782/2967 2796/826/3012 2797/827/3013
f 2755/784/2969 2754/783/2968 2797/827/3013 2798/828/3014
f 2756/785/2970 2755/784/2969 2798/828/3014 2799/829/3015
f 2758/786/2972 2757/787/2971 2800/831/3016 2801/830/3017
f 2759/788/2973 2758/786/2972 2801/830/3017 2802/832/3018
f 2760/789/2974 2759/788/2973 2802/832/3018 2803/833/3019
f 2761/790/2975 2760/789/2974 2803/833/3019 2804/834/3020
f 2762/791/2976 2761/790/2975 2804/834/3020 2805/835/3021
f 2763/792/2977 2762/791/2976 2805/835/3021 2806/836/3022
f 2764/793/2978 2763/792/2977 2806/836/3022 2807/837/3023
f 2765/794/2979 2764/793/2978 2807/837/3023 2808/838/3024
f 2766/795/2980 2765/794/2979 2808/838/3024 2809/839/3025
f 2767/796/2981 2766/795/2980 2809/839/3025 2810/840/3026
f 2768/797/2982 2767/796/2981 2810/840/3026 2811/841/3027
f 2769/798/2983 2768/797/2982 2811/841/3027 2812/842/3028
f 2770/799/2984 2769/798/2983 2812/842/3028 2813/843/3029
f 2771/800/2985 2770/799/2984 2813/843/3029 2814/844/3030
f 2772/801/2986 2771/800/2985 2814/844/3030 2815/845/3031
f 2773/802/2987 2772/801/2986 2815/845/3031 2816/846/3032
f 2774/803/2988 2773/802/2987 2816/846/3032 2817/847/3033
f 2775/804/2989 2774/803/2988 2817/847/3033 2818/848/3034
f 2776/805/2990 2775/804/2989 2818/848/3034 2819/849/3035
f 2777/763/2946 2776/805/2990 2819/849/3035 2820/807/2991
f 2778/806/2992 2820/807/2991 2863/851/3036 2821/850/3037
f 2779/808/2993 2778/809/2992 2821/853/3037 2822/852/3038
f 2780/810/2994 2779/808/2993 2822/852/3038 2823/854/3039
f 2781/811/2995 2780/810/2994 2823/854/3039 2824/855/3040
f 2782/812/2996 2781/811/2995 2824/855/3040 2825/856/3041
f 2783/813/2998 2782/812/2997 2825/856/3042 2826/857/3043
f 2784/814/3000 2783/813/2999 2826/857/3044 2827/858/3045
f 2785/815/3001 2784/814/3000 2827/858/3045 2828/859/3046
f 2786/816/3002 2785/815/3001 2828/859/3046 2829/860/3047
f 2787/817/3003 2786/816/3002 2829/860/3047 2830/861/3048
f 2788/818/3004 2787/817/3003 2830/861/3048 2831/862/3049
f 2789/819/3005 2788/818/3004 2831/862/3049 2832/863/3050
f 2790/820/3006 2789/819/3005 2832/863/3050 2833/864/3051
f 2791/821/3007 2790/820/3006 2833/864/3051 2834/865/3052
f 2792/822/3008 2791/821/3007 2834/865/3052 2835/866/3053
f 2793/823/3009 2792/822/3008 2835/866/3053 2836/867/3054
f 2794/824/3010 2793/823/3009 2836/867/3054 2837/868/3055
f 2795/825/3011 2794/824/3010 2837/868/3055 2838/869/3056
f 2796/826/3012 2795/825/3011 2838/869/3056 2839/870/3057
f 2797/827/3013 2796/826/3012 2839/870/3057 2840/871/3058
f 2798/828/3014 2797/827/3013 2840/871/3058 2841/872/3059
f 2799/829/3015 2798/828/3014 2841/872/3059 2842/873/3060
f 2801/830/3017 2800/831/3016 2843/875/3061 2844/874/3062
f 2802/832/3018 2801/830/3017 2844/874/3062 2845/876/3063
f 2803/833/3019 2802/832/3018 2845/876/3063 2846/877/3064
f 2804/834/3020 2803/833/3019 2846/877/3064 2847/878/3065
f 2805/835/3021 2804/834/3020 2847/878/3065 2848/879/3066
f 2806/836/3022 2805/835/3021 2848/879/3066 2849/880/3067
f 2807/837/3023 2806/836/3022 2849/880/3067 2850/881/3068
f 2808/838/3024 2807/837/3023 2850/881/3068 2851/882/3069
f 2809/839/3025 2808/838/3024 2851/882/3069 2852/883/3070
f 2810/840/3026 2809/839/3025 2852/883/3070 2853/884/3071
f 2811/841/3027 2810/840/3026 2853/884/3071 2854/885/3072
f 2812/842/3028 2811/841/3027 2854/885/3072 2855/886/3073
f 2813/843/3029 2812/842/3028 2855/886/3073 2856/887/3074
f 2814/844/3030 2813/843/3029 2856/887/3074 2857/888/3075
f 2815/845/3031 2814/844/3030 2857/888/3075 2858/889/3076
f 2816/846/3032 2815/845/3031 2858/889/3076 2859/890/3077
f 2817/847/3033 2816/846/3032 2859/890/3077 2860/891/3078
f 2818/848/3034 2817/847/3033 2860/891/3078 2861/892/3079
f 2819/849/3035 2818/848/3034 2861/892/3079 2862/893/3080
f 2820/807/2991 2819/849/3035 2862/893/3080 2863/851/3036
f 2821/850/3037 2863/851/3036 2907/895/3081 2864/894/3082
f 2822/852/3038 2821/853/3037 2864/897/3082 2865/896/3083
f 2823/854/3039 2822/852/3038 2865/896/3083 2866/898/3084
f 2824/855/3040 2823/854/3039 2866/898/3084 2867/899/3085
f 2825/856/3041 2824/855/3040 2867/899/3085 2868/900/3086
f 2826/857/3043 2825/856/3042 2868/900/3087 2869/901/3088
f 2827/858/3045 2826/857/3044 2869/901/3089 2870/902/3090
f 2828/859/3046 2827/858/3045 2870/902/3090 2871/903/3091
f 2829/860/3047 2828/859/3046 2871/903/3091 2872/904/3092
f 2830/861/3048 2829/860/3047 2872/904/3092 2873/905/3093
f 2831/862/3049 2830/861/3048 2873/905/3093 2874/906/3094
f 2832/863/3050 2831/862/3049 2874/906/3094 2875/907/3095
f 2833/864/3051 2832/863/3050 2875/907/3095 2876/908/3096
f 2834/865/3052 2833/864/3051 2876/908/3096 2877/909/3097
f 2835/866/3053 2834/865/3052 2877/909/3097 2878/910/3098
f 2836/867/3054 2835/866/3053 2878/910/3098 2879/911/3099
f 2837/868/3055 2836/867/3054 2879/911/3099 2880/912/3100
f 2838/869/3056 2837/868/3055 2880/912/3100 2881/913/3101
f 2839/870/3057 2838/869/3056 2881/913/3101 2882/914/3102
f 2840/871/3058 2839/870/3057 2882/914/3102 2883/915/3103
f 2841/872/3059 2840/871/3058 2883/915/3103 2884/916/3104
f 2842/873/3060 2841/872/3059 2884/916/3104 2885/917/3105
f 2844/874/3062 2843/875/3061 2887/919/3106 2888/918/3107
f 2845/876/3063 2844/874/3062 2888/918/3107 2889/920/3108
f 2846/877/3064 2845/876/3063 2889/920/3108 2890/921/3109
f 2847/878/3065 2846/877/3064 2890/921/3109 2891/922/3110
f 2848/879/3066 2847/878/3065 2891/922/3110 2892/923/3111
f 2849/880/3067 2848/879/3066 2892/923/3111 2893/924/3112
f 2850/881/3068 2849/880/3067 2893/924/3112 2894/925/3113
f 2851/882/3069 2850/881/3068 2894/925/3113 2895/926/3114
f 2852/883/3070 2851/882/3069 2895/926/3114 2896/927/3115
f 2853/884/3071 2852/883/3070 2896/927/3115 2897/928/3116
f 2854/885/3072 2853/884/3071 2897/928/3116 2898/929/3117
f 2855/886/3073 2854/885/3072 2898/929/3117 2899/930/3118
f 2856/887/3074 2855/886/3073 2899/930/3118 2900/931/3119
f 2857/888/3075 2856/887/3074 2900/931/3119 2901/932/3120
f 2858/889/3076 2857/888/3075 2901/932/3120 2902/933/3121
f 2859/890/3077 2858/889/3076 2902/933/3121 2903/934/3122
f 2860/891/3078 2859/890/3077 2903/934/3122 2904/935/3123
f 2861/892/3079 2860/891/3078 2904/935/3123 2905/936/3124
f 2862/893/3080 2861/892/3079 2905/936/3124 2906/937/3125
f 2863/851/3036 2862/893/3080 2906/937/3125 2907/895/3081
f 2864/894/3082 2907/895/3081 2951/939/3126 2908/938/3127
f 2865/896/3083 2864/897/3082 2908/941/3127 2909/940/3128
f 2866/898/3084 2865/896/3083 2909/940/3128 2910/942/3129
f 2867/899/3085 2866/898/3084 2910/942/3129 2911/943/3130
f 2868/900/3086 2867/899/3085 2911/943/3130 2912/944/3131
f 2869/901/3088 2868/900/3087 2912/944/3132 2913/945/3133
f 2870/902/3090 2869/901/3089 2913/945/3134 2914/946/3135
f 2871/903/3091 2870/902/3090 2914/946/3135 2915/947/3136
f 2872/904/3092 2871/903/3091 2915/947/3136 2916/948/3137
f 2873/905/3093 2872/904/3092 2916/948/3137 2917/949/3138
f 2874/906/949 2022/906/949 2024/950/951 2918/950/950
f 2875/907/3095 2874/906/3094 2918/950/3139 2919/951/3140
f 2876/908/3096 2875/907/3095 2919/951/3140 2920/952/3141
f 2877/909/3097 2876/908/3096 2920/952/3141 2921/953/3142
f 2878/910/3098 2877/909/3097 2921/953/3142 2922/954/3143
f 2879/911/3099 2878/910/3098 2922/954/3143 2923/955/3144
f 2880/912/3100 2879/911/3099 2923/955/3144 2924/956/3145
f 2881/913/3101 2880/912/3100 2924/956/3145 2925/957/3146
f 2882/914/3102 2881/913/3101 2925/957/3146 2926/958/3147
f 2883/915/3103 2882/914/3102 2926/958/3147 2927/959/3148
f 2884/916/3104 2883/915/3103 2927/959/3148 2928/960/3149
f 2885/917/3105 2884/916/3104 2928/960/3149 2929/961/3150
f 2886/962/3151 2885/917/3105 2929/961/3150 2930/963/3152
f 2888/918/3107 2887/919/3106 2931/965/3153 2932/964/3154
f 2889/920/3108 2888/918/3107 2932/964/3154 2933/966/3155
f 2890/921/3109 2889/920/3108 2933/966/3155 2934/967/3156
f 2891/922/3110 2890/921/3109 2934/967/3156 2935/968/3157
f 2892/923/3111 2891/922/3110 2935/968/3157 2936/969/3158
f 2893/924/3112 2892/923/3111 2936/969/3158 2937/970/3159
f 2894/925/3113 2893/924/3112 2937/970/3159 2938/971/3160
f 2895/926/3114 2894/925/3113 2938/971/3160 2939/972/3161
f 2896/927/3115 2895/926/3114 2939/972/3161 2940/973/3162
f 2897/928/3116 2896/927/3115 2940/973/3162 2941/974/3163
f 2898/929/3117 2897/928/3116 2941/974/3163 2942/975/3164
f 2899/930/3118 2898/929/3117 2942/975/3164 2943/976/3165
f 2900/931/3119 2899/930/3118 2943/976/3165 2944/977/3166
f 2901/932/3120 2900/931/3119 2944/977/3166 2945/978/3167
f 2902/933/3121 2901/932/3120 2945/978/3167 2946/979/3168
f 2903/934/3122 2902/933/3121 2946/979/3168 2947/980/3169
f 2904/935/3123 2903/934/3122 2947/980/3169 2948/981/3170
f 2905/936/3124 2904/935/3123 2948/981/3170 2949/982/3171
f 2906/937/3125 2905/936/3124 2949/982/3171 2950/983/3172
f 2907/895/3081 2906/937/3125 2950/983/3172 2951/939/3126
f 2908/938/3127 2951/939/3126 2995/985/3173 2952/984/3174
f 2909/940/3128 2908/941/3127 2952/987/3174 2953/986/3175
f 2910/942/3129 2909/940/3128 2953/986/3175 2954/988/3176
f 2911/943/3130 2910/942/3129 2954/988/3176 2955/989/3177
f 2912/944/3131 2911/943/3130 2955/989/3177 2956/990/3178
f 2913/945/3133 2912/944/3132 2956/990/3179 2957/991/3180
f 2914/946/3135 2913/945/3134 2957/991/3181 2958/992/3182
f 2915/947/3136 2914/946/3135 2958/992/3182 2959/993/3183
f 2916/948/3137 2915/947/3136 2959/993/3183 2960/994/3184
f 2917/949/3138 2916/948/3137 2960/994/3184 2961/995/3185
f 2962/996/218 2026/996/218 2025/995/218 2961/995/218
f 2919/951/3140 2918/950/3139 2962/996/3186 2963/997/3187
f 2920/952/3141 2919/951/3140 2963/997/3187 2964/998/3188
f 2921/953/3142 2920/952/3141 2964/998/3188 2965/999/3189
f 2922/954/3143 2921/953/3142 2965/999/3189 2966/1000/3190
f 2923/955/3144 2922/954/3143 2966/1000/3190 2967/1001/3191
f 2924/956/3145 2923/955/3144 2967/1001/3191 2968/1002/3192
f 2925/957/3146 2924/956/3145 2968/1002/3192 2969/1003/3193
f 2926/958/3147 2925/957/3146 2969/1003/3193 2970/1004/3194
f 2927/959/3148 2926/958/3147 2970/1004/3194 2971/1005/3195
f 2928/960/3149 2927/959/3148 2971/1005/3195 2972/1006/3196
f 2929/961/3150 2928/960/3149 2972/1006/3196 2973/1007/3197
f 2930/963/3152 2929/961/3150 2973/1007/3197 2974/1008/3198
f 2932/964/3154 2931/965/3153 2975/1010/3199 2976/1009/3200
f 2933/966/3155 2932/964/3154 2976/1009/3200 2977/1011/3201
f 2934/967/3156 2933/966/3155 2977/1011/3201 2978/1012/3202
f 2935/968/3157 2934/967/3156 2978/1012/3202 2979/1013/3203
f 2936/969/3158 2935/968/3157 2979/1013/3203 2980/1014/3204
f 2937/970/3159 2936/969/3158 2980/1014/3204 2981/1015/3205
f 2938/971/3160 2937/970/3159 2981/1015/3205 2982/1016/3206
f 2939/972/3161 2938/971/3160 2982/1016/3206 2983/1017/3207
f 2940/973/3162 2939/972/3161 2983/1017/3207 2984/1018/3208
f 2941/974/3163 2940/973/3162 2984/1018/3208 2985/1019/3209
f 2942/975/3164 2941/974/3163 2985/1019/3209 2986/1020/3210
f 2943/976/3165 2942/975/3164 2986/1020/3210 2987/1021/3211
f 2944/977/3166 2943/976/3165 2987/1021/3211 2988/1022/3212
f 2945/978/3167 2944/977/3166 2988/1022/3212 2989/1023/3213
f 2946/979/3168 2945/978/3167 2989/1023/3213 2990/1024/3214
f 2947/980/3169 2946/979/3168 2990/1024/3214 2991/1025/3215
f 2948/981/3170 2947/980/3169 2991/1025/3215 2992/1026/3216
f 2949/982/3171 2948/981/3170 2992/1026/3216 2993/1027/3217
f 2950/983/3172 2949/982/3171 2993/1027/3217 2994/1028/3218
f 2951/939/3126 2950/983/3172 2994/1028/3218 2995/985/3173
f 2952/984/3174 2995/985/3173 3039/1030/3219 2996/1029/3220
f 2953/986/3175 2952/987/3174 2996/1032/3220 2997/1031/3221
f 2954/988/3176 2953/986/3175 2997/1031/3221 2998/1033/3222
f 2955/989/3177 2954/988/3176 2998/1033/3222 2999/1034/3223
f 2956/990/3178 2955/989/3177 2999/1034/3223 3000/1035/3224
f 2957/991/3180 2956/990/3179 3000/1035/3225 3001/1036/3225
f 2958/992/3182 2957/991/3181 3001/1036/3226 3002/1037/3227
f 2959/993/3183 2958/992/3182 3002/1037/3227 3003/1038/3228
f 2960/994/3184 2959/993/3183 3003/1038/3228 3004/1039/3229
f 2961/995/3185 2960/994/3184 3004/1039/3229 3005/1040/3230
f 2962/996/3186 2961/995/3185 3005/1040/3230 3006/1041/3231
f 2963/997/3187 2962/996/3186 3006/1041/3231 3007/1042/3232
f 2964/998/3188 2963/997/3187 3007/1042/3232 3008/1043/3233
f 2965/999/3189 2964/998/3188 3008/1043/3233 3009/1044/3234
f 2966/1000/3190 2965/999/3189 3009/1044/3234 3010/1045/3235
f 2967/1001/3191 2966/1000/3190 3010/1045/3235 3011/1046/3236
f 2968/1002/3192 2967/1001/3191 3011/1046/3236 3012/1047/3237
f 2969/1003/3193 2968/1002/3192 3012/1047/3237 3013/1048/3238
f 2970/1004/3194 2969/1003/3193 3013/1048/3238 3014/1049/3239
f 2971/1005/3195 2970/1004/3194 3014/1049/3239 3015/1050/3240
f 2972/1006/3196 2971/1005/3195 3015/1050/3240 3016/1051/3241
f 2973/1007/3197 2972/1006/3196 3016/1051/3241 3017/1052/3242
f 2974/1008/3198 2973/1007/3197 3017/1052/3242 3018/1053/3243
f 2976/1009/3200 2975/1010/3199 3019/1055/3244 3020/1054/3245
f 2977/1011/3201 2976/1009/3200 3020/1054/3245 3021/1056/3246
f 2978/1012/3202 2977/1011/3201 3021/1056/3246 3022/1057/3247
f 2979/1013/3203 2978/1012/3202 3022/1057/3247 3023/1058/3248
f 2980/1014/3204 2979/1013/3203 3023/1058/3248 3024/1059/3249
f 2981/1015/3205 2980/1014/3204 3024/1059/3249 3025/1060/3250
f 2982/1016/3206 2981/1015/3205 3025/1060/3250 3026/1061/3251
f 2983/1017/3207 2982/1016/3206 3026/1061/3251 3027/1062/3252
f 2984/1018/3208 2983/1017/3207 3027/1062/3252 3028/1063/3253
f 2985/1019/3209 2984/1018/3208 3028/1063/3253 3029/1064/3254
f 2986/1020/3210 2985/1019/3209 3029/1064/3254 3030/1065/3255
f 2987/1021/3211 2986/1020/3210 3030/1065/3255 3031/1066/3256
f 2988/1022/3212 2987/1021/3211 3031/1066/3256 3032/1067/3257
f 2989/1023/3213 2988/1022/3212 3032/1067/3257 3033/1068/3258
f 2990/1024/3214 2989/1023/3213 3033/1068/3258 3034/1069/3259
f 2991/1025/3215 2990/1024/3214 3034/1069/3259 3035/1070/3260
f 2992/1026/3216 2991/1025/3215 3035/1070/3260 3036/1071/3261
f 2993/1027/3217 2992/1026/3216 3036/1071/3261 3037/1072/3262
f 2994/1028/3218 2993/1027/3217 3037/1072/3262 3038/1073/3263
f 2995/985/3173 2994/1028/3218 3038/1073/3263 3039/1030/3219
f 2996/1029/3220 3039/1030/3219 3083/1075/3264 3040/1074/3265
f 2997/1031/3221 2996/1032/3220 3040/1077/3265 3041/1076/3266
f 2998/1033/3222 2997/1031/3221 3041/1076/3266 3042/1078/3267
f 2999/1034/3223 2998/1033/3222 3042/1078/3267 3043/1079/3268
f 3000/1035/3224 2999/1034/3223 3043/1079/3268 3044/1080/3269
f 3001/1036/3225 3000/1035/3225 3044/1080/3270 3045/1081/3270
f 3002/1037/3227 3001/1036/3226 3045/1081/3271 3046/1082/3272
f 3003/1038/3228 3002/1037/3227 3046/1082/3272 3047/1083/3273
f 3004/1039/3229 3003/1038/3228 3047/1083/3273 3048/1084/3274
f 3005/1040/3230 3004/1039/3229 3048/1084/3274 3049/1085/3275
f 3006/1041/3231 3005/1040/3230 3049/1085/3275 3050/1086/3276
f 3007/1042/3232 3006/1041/3231 3050/1086/3276 3051/1087/3277
f 3008/1043/3233 3007/1042/3232 3051/1087/3277 3052/1088/3278
f 3009/1044/3234 3008/1043/3233 3052/1088/3278 3053/1089/3279
f 3010/1045/3235 3009/1044/3234 3053/1089/3279 3054/1090/3280
f 3011/1046/3236 3010/1045/3235 3054/1090/3280 3055/1091/3281
f 3012/1047/3237 3011/1046/3236 3055/1091/3281 3056/1092/3282
f 3013/1048/3238 3012/1047/3237 3056/1092/3282 3057/1093/3283
f 3014/1049/3239 3013/1048/3238 3057/1093/3283 3058/1094/3284
f 3015/1050/3240 3014/1049/3239 3058/1094/3284 3059/1095/3285
f 3016/1051/3241 3015/1050/3240 3059/1095/3285 3060/1096/3286
f 3017/1052/3242 3016/1051/3241 3060/1096/3286 3061/1097/3287
f 3018/1053/3243 3017/1052/3242 3061/1097/3287 3062/1098/3288
f 3020/1054/3245 3019/1055/3244 3063/1100/3289 3064/1099/3290
f 3021/1056/3246 3020/1054/3245 3064/1099/3290 3065/1101/3291
f 3022/1057/3247 3021/1056/3246 3065/1101/3291 3066/1102/3292
f 3023/1058/3248 3022/1057/3247 3066/1102/3292 3067/1103/3293
f 3024/1059/3249 3023/1058/3248 3067/1103/3293 3068/1104/3294
f 3025/1060/3250 3024/1059/3249 3068/1104/3294 3069/1105/3295
f 3026/1061/3251 3025/1060/3250 3069/1105/3295 3070/1106/3296
f 3027/1062/3252 3026/1061/3251 3070/1106/3296 3071/1107/3297
f 3028/1063/3253 3027/1062/3252 3071/1107/3297 3072/1108/3298
f 3029/1064/3254 3028/1063/3253 3072/1108/3298 3073/1109/3299
f 3030/1065/3255 3029/1064/3254 3073/1109/3299 3074/1110/3300
f 3031/1066/3256 3030/1065/3255 3074/1110/3300 3075/1111/3301
f 3032/1067/3257 3031/1066/3256 3075/1111/3301 3076/1112/3302
f 3033/1068/3258 3032/1067/3257 3076/1112/3302 3077/1113/3303
f 3034/1069/3259 3033/1068/3258 3077/1113/3303 3078/1114/3304
f 3035/1070/3260 3034/1069/3259 3078/1114/3304 3079/1115/3305
f 3036/1071/3261 3035/1070/3260 3079/1115/3305 3080/1116/3306
f 3037/1072/3262 3036/1071/3261 3080/1116/3306 3081/1117/3307
f 3038/1073/3263 3037/1072/3262 3081/1117/3307 3082/1118/3308
f 3039/1030/3219 3038/1073/3263 3082/1118/3308 3083/1075/3264
f 3040/1074/3265 3083/1075/3264 3127/1120/3264 3084/1119/3265
f 3041/1076/3266 3040/1077/3265 3084/1122/3265 3085/1121/3266
f 3042/1078/3267 3041/1076/3266 3085/1121/3266 3086/1123/3267
f 3043/1079/3268 3042/1078/3267 3086/1123/3267 3087/1124/3268
f 3044/1080/3269 3043/1079/3268 3087/1124/3268 3088/1125/3269
f 3045/1081/3270 3044/1080/3270 3088/1125/3270 3089/1126/3270
f 3046/1082/3272 3045/1081/3271 3089/1126/3271 3090/1127/3272
f 3047/1083/3273 3046/1082/3272 3090/1127/3272 3091/1128/3273
f 3048/1084/3274 3047/1083/3273 3091/1128/3273 3092/1129/3274
f 3049/1085/3275 3048/1084/3274 3092/1129/3274 3093/1130/3275
f 3050/1086/3276 3049/1085/3275 3093/1130/3275 3094/1131/3276
f 3051/1087/3277 3050/1086/3276 3094/1131/3276 3095/1132/3277
f 3052/1088/3278 3051/1087/3277 3095/1132/3277 3096/1133/3278
f 3053/1089/3279 3052/1088/3278 3096/1133/3278 3097/1134/3279
f 3054/1090/3280 3053/1089/3279 3097/1134/3279 3098/1135/3280
f 3055/1091/3281 3054/1090/3280 3098/1135/3280 3099/1136/3281
f 3056/1092/3282 3055/1091/3281 3099/1136/3281 3100/1137/3282
f 3057/1093/3283 3056/1092/3282 3100/1137/3282 3101/1138/3309
f 3058/1094/3284 3057/1093/3283 3101/1138/3309 3102/1139/3284
f 3059/1095/3285 3058/1094/3284 3102/1139/3284 3103/1140/3285
f 3060/1096/3286 3059/1095/3285 3103/1140/3285 3104/1141/3286
f 3061/1097/3287 3060/1096/3286 3104/1141/3286 3105/1142/3287
f 3062/1098/3288 3061/1097/3287 3105/1142/3287 3106/1143/3288
f 3064/1099/3290 3063/1100/3289 3107/1145/3289 3108/1144/3290
f 3065/1101/3291 3064/1099/3290 3108/1144/3290 3109/1146/3291
f 3066/1102/3292 3065/1101/3291 3109/1146/3291 3110/1147/3292
f 3067/1103/3293 3066/1102/3292 3110/1147/3292 3111/1148/3293
f 3068/1104/3294 3067/1103/3293 3111/1148/3293 3112/1149/3294
f 3069/1105/3295 3068/1104/3294 3112/1149/3294 3113/1150/3295
f 3070/1106/3296 3069/1105/3295 3113/1150/3295 3114/1151/3296
f 3071/1107/3297 3070/1106/3296 3114/1151/3296 3115/1152/3297
f 3072/1108/3298 3071/1107/3297 3115/1152/3297 3116/1153/3298
f 3073/1109/3299 3072/1108/3298 3116/1153/3298 3117/1154/3299
f 3074/1110/3300 3073/1109/3299 3117/1154/3299 3118/1155/3300
f 3075/1111/3301 3074/1110/3300 3118/1155/3300 3119/1156/3301
f 3076/1112/3302 3075/1111/3301 3119/1156/3301 3120/1157/3302
f 3077/1113/3303 3076/1112/3302 3120/1157/3302 3121/1158/3303
f 3078/1114/3304 3077/1113/3303 3121/1158/3303 3122/1159/3304
f 3079/1115/3305 3078/1114/3304 3122/1159/3304 3123/1160/3305
f 3080/1116/3306 3079/1115/3305 3123/1160/3305 3124/1161/3306
f 3081/1117/3307 3080/1116/3306 3124/1161/3306 3125/1162/3307
f 3082/1118/3308 3081/1117/3307 3125/1162/3307 3126/1163/3310
f 3083/1075/3264 3082/1118/3308 3126/1163/3310 3127/1120/3264
f 3084/1119/3265 3127/1120/3264 3171/1165/3264 3128/1164/3265
f 3085/1121/3266 3084/1122/3265 3128/1167/3265 3129/1166/3266
f 3086/1123/3267 3085/1121/3266 3129/1166/3266 3130/1168/3267
f 3087/1124/3268 3086/1123/3267 3130/1168/3267 3131/1169/3268
f 3088/1125/3269 3087/1124/3268 3131/1169/3268 3132/1170/3269
f 3089/1126/3270 3088/1125/3270 3132/1170/3270 3133/1171/3270
f 3090/1127/3272 3089/1126/3271 3133/1171/3271 3134/1172/3272
f 3091/1128/3273 3090/1127/3272 3134/1172/3272 3135/1173/3273
f 3092/1129/3274 3091/1128/3273 3135/1173/3273 3136/1174/3274
f 3093/1130/3275 3092/1129/3274 3136/1174/3274 3137/1175/3275
f 3094/1131/3276 3093/1130/3275 3137/1175/3275 3138/1176/3276
f 3095/1132/3277 3094/1131/3276 3138/1176/3276 3139/1177/3277
f 3096/1133/3278 3095/1132/3277 3139/1177/3277 3140/1178/3278
f 3097/1134/3279 3096/1133/3278 3140/1178/3278 3141/1179/3279
f 3098/1135/3280 3097/1134/3279 3141/1179/3279 3142/1180/3280
f 3099/1136/3281 3098/1135/3280 3142/1180/3280 3143/1181/3281
f 3100/1137/3282 3099/1136/3281 3143/1181/3281 3144/1182/3282
f 3101/1138/3309 3100/1137/3282 3144/1182/3282 3145/1183/3309
f 3102/1139/3284 3101/1138/3309 3145/1183/3309 3146/1184/3284
f 3103/1140/3285 3102/1139/3284 3146/1184/3284 3147/1185/3285
f 3104/1141/3286 3103/1140/3285 3147/1185/3285 3148/1186/3286
f 3105/1142/3287 3104/1141/3286 3148/1186/3286 3149/1187/3287
f 3106/1143/3288 3105/1142/3287 3149/1187/3287 3150/1188/3288
f 3108/1144/3290 3107/1145/3289 3151/1190/3289 3152/1189/3290
f 3109/1146/3291 3108/1144/3290 3152/1189/3290 3153/1191/3291
f 3110/1147/3292 3109/1146/3291 3153/1191/3291 3154/1192/3292
f 3111/1148/3293 3110/1147/3292 3154/1192/3292 3155/1193/3293
f 3112/1149/3294 3111/1148/3293 3155/1193/3293 3156/1194/3294
f 3113/1150/3295 3112/1149/3294 3156/1194/3294 3157/1195/3295
f 3114/1151/3296 3113/1150/3295 3157/1195/3295 3158/1196/3296
f 3115/1152/3297 3114/1151/3296 3158/1196/3296 3159/1197/3297
f 3116/1153/3298 3115/1152/3297 3159/1197/3297 3160/1198/3298
f 3117/1154/3299 3116/1153/3298 3160/1198/3298 3161/1199/3299
f 3118/1155/3300 3117/1154/3299 3161/1199/3299 3162/1200/3300
f 3119/1156/3301 3118/1155/3300 3162/1200/3300 3163/1201/3301
f 3120/1157/3302 3119/1156/3301 3163/1201/3301 3164/1202/3302
f 3121/1158/3303 3120/1157/3302 3164/1202/3302 3165/1203/3303
f 3122/1159/3304 3121/1158/3303 3165/1203/3303 3166/1204/3304
f 3123/1160/3305 3122/1159/3304 3166/1204/3304 3167/1205/3305
f 3124/1161/3306 3123/1160/3305 3167/1205/3305 3168/1206/3306
f 3125/1162/3307 3124/1161/3306 3168/1206/3306 3169/1207/3307
f 3126/1163/3310 3125/1162/3307 3169/1207/3307 3170/1208/3310
f 3127/1120/3264 3126/1163/3310 3170/1208/3310 3171/1165/3264
f 3128/1164/3265 3171/1165/3264 3216/1210/3264 3172/1209/3265
f 3129/1166/3266 3128/1167/3265 3172/1212/3265 3173/1211/3266
f 3130/1168/3267 3129/1166/3266 3173/1211/3266 3174/1213/3267
f 3131/1169/3268 3130/1168/3267 3174/1213/3267 3175/1214/3268
f 3132/1170/3269 3131/1169/3268 3175/1214/3268 3176/1215/3269
f 3133/1171/3270 3132/1170/3270 3176/1215/3270 3177/1216/3270
f 3134/1172/3272 3133/1171/3271 3177/1216/3271 3178/1217/3272
f 3135/1173/3273 3134/1172/3272 3178/1217/3272 3179/1218/3273
f 3136/1174/3274 3135/1173/3273 3179/1218/3273 3180/1219/3274
f 3137/1175/3275 3136/1174/3274 3180/1219/3274 3181/1220/3275
f 3138/1176/3276 3137/1175/3275 3181/1220/3275 3182/1221/3276
f 3139/1177/3277 3138/1176/3276 3182/1221/3276 3183/1222/3277
f 3140/1178/3278 3139/1177/3277 3183/1222/3277 3184/1223/3278
f 3141/1179/3279 3140/1178/3278 3184/1223/3278 3185/1224/3279
f 3142/1180/3280 3141/1179/3279 3185/1224/3279 3186/1225/3280
f 3143/1181/3281 3142/1180/3280 3186/1225/3280 3187/1226/3281
f 3144/1182/3282 3143/1181/3281 3187/1226/3281 3188/1227/3282
f 3145/1183/3309 3144/1182/3282 3188/1227/3282 3189/1228/3283
f 3146/1184/3284 3145/1183/3309 3189/1228/3283 3190/1229/3284
f 3147/1185/3285 3146/1184/3284 3190/1229/3284 3191/1230/3285
f 3148/1186/3286 3147/1185/3285 3191/1230/3285 3192/1231/3286
f 3149/1187/3287 3148/1186/3286 3192/1231/3286 3193/1232/3287
f 3150/1188/3288 3149/1187/3287 3193/1232/3287 3194/1233/3288
f 3152/1189/3290 3151/1190/3289 3196/1235/3311 3197/1234/3290
f 3153/1191/3291 3152/1189/3290 3197/1234/3290 3198/1236/3291
f 3154/1192/3292 3153/1191/3291 3198/1236/3291 3199/1237/3292
f 3155/1193/3293 3154/1192/3292 3199/1237/3292 3200/1238/3293
f 3156/1194/3294 3155/1193/3293 3200/1238/3293 3201/1239/3294
f 3157/1195/3295 3156/1194/3294 3201/1239/3294 3202/1240/3295
f 3158/1196/3296 3157/1195/3295 3202/1240/3295 3203/1241/3296
f 3159/1197/3297 3158/1196/3296 3203/1241/3296 3204/1242/3312
f 3160/1198/3298 3159/1197/3297 3204/1242/3312 3205/1243/3298
f 3161/1199/3299 3160/1198/3298 3205/1243/3298 3206/1244/3299
f 3162/1200/3300 3161/1199/3299 3206/1244/3299 3207/1245/3313
f 3163/1201/3301 3162/1200/3300 3207/1245/3313 3208/1246/3301
f 3164/1202/3302 3163/1201/3301 3208/1246/3301 3209/1247/3302
f 3165/1203/3303 3164/1202/3302 3209/1247/3302 3210/1248/3303
f 3166/1204/3304 3165/1203/3303 3210/1248/3303 3211/1249/3304
f 3167/1205/3305 3166/1204/3304 3211/1249/3304 3212/1250/3305
f 3168/1206/3306 3167/1205/3305 3212/1250/3305 3213/1251/3306
f 3169/1207/3307 3168/1206/3306 3213/1251/3306 3214/1252/3307
f 3170/1208/3310 3169/1207/3307 3214/1252/3307 3215/1253/3310
f 3171/1165/3264 3170/1208/3310 3215/1253/3310 3216/1210/3264
f 3172/1209/3265 3216/1210/3264 3261/1255/3264 3217/1254/3265
f 3173/1211/3266 3172/1212/3265 3217/1257/3265 3218/1256/3266
f 3174/1213/3267 3173/1211/3266 3218/1256/3266 3219/1258/3267
f 3175/1214/3268 3174/1213/3267 3219/1258/3267 3220/1259/3268
f 3176/1215/3269 3175/1214/3268 3220/1259/3268 3221/1260/3269
f 3177/1216/3270 3176/1215/3270 3221/1260/3270 3222/1261/3314
f 3178/1217/3272 3177/1216/3271 3222/1261/3271 3223/1262/3272
f 3179/1218/3273 3178/1217/3272 3223/1262/3272 3224/1263/3273
f 3180/1219/3274 3179/1218/3273 3224/1263/3273 3225/1264/3274
f 3181/1220/3275 3180/1219/3274 3225/1264/3274 3226/1265/3275
f 3182/1221/3276 3181/1220/3275 3226/1265/3275 3227/1266/3276
f 3183/1222/3277 3182/1221/3276 3227/1266/3276 3228/1267/3277
f 3184/1223/3278 3183/1222/3277 3228/1267/3277 3229/1268/3278
f 3185/1224/3279 3184/1223/3278 3229/1268/3278 3230/1269/3279
f 3186/1225/3280 3185/1224/3279 3230/1269/3279 3231/1270/3280
f 3187/1226/3281 3186/1225/3280 3231/1270/3280 3232/1271/3281
f 3188/1227/3282 3187/1226/3281 3232/1271/3281 3233/1272/3282
f 3189/1228/3283 3188/1227/3282 3233/1272/3282 3234/1273/3283
f 3190/1229/3284 3189/1228/3283 3234/1273/3283 3235/1274/3284
f 3191/1230/3285 3190/1229/3284 3235/1274/3284 3236/1275/3285
f 3192/1231/3286 3191/1230/3285 3236/1275/3285 3237/1276/3286
f 3193/1232/3287 3192/1231/3286 3237/1276/3286 3238/1277/3287
f 3194/1233/3288 3193/1232/3287 3238/1277/3287 3239/1278/3315
f 3196/1235/3311 3195/1281/3316 3240/1280/3316 3241/1279/3317
f 3197/1234/3290 3196/1235/3311 3241/1279/3317 3242/1282/3290
f 3198/1236/3291 3197/1234/3290 3242/1282/3290 3243/1283/3291
f 3199/1237/3292 3198/1236/3291 3243/1283/3291 3244/1284/3292
f 3200/1238/3293 3199/1237/3292 3244/1284/3292 3245/1285/3293
f 3201/1239/3294 3200/1238/3293 3245/1285/3293 3246/1286/3294
f 3202/1240/3295 3201/1239/3294 3246/1286/3294 3247/1287/3295
f 3203/1241/3296 3202/1240/3295 3247/1287/3295 3248/1288/3296
f 3204/1242/3312 3203/1241/3296 3248/1288/3296 3249/1289/3312
f 3205/1243/3298 3204/1242/3312 3249/1289/3312 3250/1290/3298
f 3206/1244/3299 3205/1243/3298 3250/1290/3298 3251/1291/3299
f 3207/1245/3313 3206/1244/3299 3251/1291/3299 3252/1292/3300
f 3208/1246/3301 3207/1245/3313 3252/1292/3300 3253/1293/3301
f 3209/1247/3302 3208/1246/3301 3253/1293/3301 3254/1294/3302
f 3210/1248/3303 3209/1247/3302 3254/1294/3302 3255/1295/3303
f 3211/1249/3304 3210/1248/3303 3255/1295/3303 3256/1296/3304
f 3212/1250/3305 3211/1249/3304 3256/1296/3304 3257/1297/3305
f 3213/1251/3306 3212/1250/3305 3257/1297/3305 3258/1298/3306
f 3214/1252/3307 3213/1251/3306 3258/1298/3306 3259/1299/3307
f 3215/1253/3310 3214/1252/3307 3259/1299/3307 3260/1300/3310
f 3216/1210/3264 3215/1253/3310 3260/1300/3310 3261/1255/3264
f 3217/1254/3265 3261/1255/3264 3306/1302/3264 3262/1301/3265
f 3218/1256/3266 3217/1257/3265 3262/1304/3265 3263/1303/3266
f 3219/1258/3267 3218/1256/3266 3263/1303/3266 3264/1305/3267
f 3220/1259/3268 3219/1258/3267 3264/1305/3267 3265/1306/3268
f 3221/1260/3269 3220/1259/3268 3265/1306/3268 3266/1307/3269
f 3222/1261/3314 3221/1260/3270 3266/1307/3314 3267/1308/3270
f 3223/1262/3272 3222/1261/3271 3267/1308/3271 3268/1309/3272
f 3224/1263/3273 3223/1262/3272 3268/1309/3272 3269/1310/3273
f 3225/1264/3274 3224/1263/3273 3269/1310/3273 3270/1311/3274
f 3226/1265/3275 3225/1264/3274 3270/1311/3274 3271/1312/3275
f 3227/1266/3276 3226/1265/3275 3271/1312/3275 3272/1313/3276
f 3228/1267/3277 3227/1266/3276 3272/1313/3276 3273/1314/3277
f 3229/1268/3278 3228/1267/3277 3273/1314/3277 3274/1315/3278
f 3230/1269/3279 3229/1268/3278 3274/1315/3278 3275/1316/3279
f 3231/1270/3280 3230/1269/3279 3275/1316/3279 3276/1317/3280
f 3232/1271/3281 3231/1270/3280 3276/1317/3280 3277/1318/3281
f 3233/1272/3282 3232/1271/3281 3277/1318/3281 3278/1319/3282
f 3234/1273/3283 3233/1272/3282 3278/1319/3282 3279/1320/3283
f 3235/1274/3284 3234/1273/3283 3279/1320/3283 3280/1321/3318
f 3236/1275/3285 3235/1274/3284 3280/1321/3318 3281/1322/3285
f 3237/1276/3286 3236/1275/3285 3281/1322/3285 3282/1323/3286
f 3238/1277/3287 3237/1276/3286 3282/1323/3286 3283/1324/3287
f 3239/1278/3315 3238/1277/3287 3283/1324/3287 3284/1325/3288
f 3241/1279/3317 3240/1280/3316 3285/1327/3319 3286/1326/3317
f 3242/1282/3290 3241/1279/3317 3286/1326/3317 3287/1328/3290
f 3243/1283/3291 3242/1282/3290 3287/1328/3290 3288/1329/3291
f 3244/1284/3292 3243/1283/3291 3288/1329/3291 3289/1330/3292
f 3245/1285/3293 3244/1284/3292 3289/1330/3292 3290/1331/3293
f 3246/1286/3294 3245/1285/3293 3290/1331/3293 3291/1332/3294
f 3247/1287/3295 3246/1286/3294 3291/1332/3294 3292/1333/3295
f 3248/1288/3296 3247/1287/3295 3292/1333/3295 3293/1334/3296
f 3249/1289/3312 3248/1288/3296 3293/1334/3296 3294/1335/3312
f 3250/1290/3298 3249/1289/3312 3294/1335/3312 3295/1336/3298
f 3251/1291/3299 3250/1290/3298 3295/1336/3298 3296/1337/3299
f 3252/1292/3300 3251/1291/3299 3296/1337/3299 3297/1338/3300
f 3253/1293/3301 3252/1292/3300 3297/1338/3300 3298/1339/3301
f 3254/1294/3302 3253/1293/3301 3298/1339/3301 3299/1340/3302
f 3255/1295/3303 3254/1294/3302 3299/1340/3302 3300/1341/3303
f 3256/1296/3304 3255/1295/3303 3300/1341/3303 3301/1342/3304
f 3257/1297/3305 3256/1296/3304 3301/1342/3304 3302/1343/3305
f 3258/1298/3306 3257/1297/3305 3302/1343/3305 3303/1344/3306
f 3259/1299/3307 3258/1298/3306 3303/1344/3306 3304/1345/3307
f 3260/1300/3310 3259/1299/3307 3304/1345/3307 3305/1346/3308
f 3261/1255/3264 3260/1300/3310 3305/1346/3308 3306/1302/3264
f 3262/1301/3265 3306/1302/3264 3351/1348/3264 3307/1347/3265
f 3263/1303/3266 3262/1304/3265 3307/1350/3265 3308/1349/3320
f 3264/1305/3267 3263/1303/3266 3308/1349/3320 3309/1351/3267
f 3265/1306/3268 3264/1305/3267 3309/1351/3267 3310/1352/3268
f 3266/1307/3269 3265/1306/3268 3310/1352/3268 3311/1353/3269
f 3267/1308/3270 3266/1307/3314 3311/1353/3321 3312/1354/3321
f 3268/1309/3272 3267/1308/3271 3312/1354/3322 3313/1355/3323
f 3269/1310/3273 3268/1309/3272 3313/1355/3323 3314/1356/3273
f 3270/1311/3274 3269/1310/3273 3314/1356/3273 3315/1357/3324
f 3271/1312/3275 3270/1311/3274 3315/1357/3324 3316/1358/3275
f 3272/1313/3276 3271/1312/3275 3316/1358/3275 3317/1359/3276
f 3273/1314/3277 3272/1313/3276 3317/1359/3276 3318/1360/3325
f 3274/1315/3278 3273/1314/3277 3318/1360/3325 3319/1361/3278
f 3275/1316/3279 3274/1315/3278 3319/1361/3278 3320/1362/3326
f 3276/1317/3280 3275/1316/3279 3320/1362/3326 3321/1363/3327
f 3277/1318/3281 3276/1317/3280 3321/1363/3327 3322/1364/3328
f 3278/1319/3282 3277/1318/3281 3322/1364/3328 3323/1365/3329
f 3279/1320/3283 3278/1319/3282 3323/1365/3329 3324/1366/3283
f 3280/1321/3318 3279/1320/3283 3324/1366/3283 3325/1367/3330
f 3281/1322/3285 3280/1321/3318 3325/1367/3330 3326/1368/3331
f 3282/1323/3286 3281/1322/3285 3326/1368/3331 3327/1369/3286
f 3283/1324/3287 3282/1323/3286 3327/1369/3286 3328/1370/3287
f 3284/1325/3288 3283/1324/3287 3328/1370/3287 3329/1371/3288
f 3286/1326/3317 3285/1327/3319 3330/1373/3316 3331/1372/3317
f 3287/1328/3290 3286/1326/3317 3331/1372/3317 3332/1374/3290
f 3288/1329/3291 3287/1328/3290 3332/1374/3290 3333/1375/3291
f 3289/1330/3292 3288/1329/3291 3333/1375/3291 3334/1376/3292
f 3290/1331/3293 3289/1330/3292 3334/1376/3292 3335/1377/3293
f 3291/1332/3294 3290/1331/3293 3335/1377/3293 3336/1378/3294
f 3292/1333/3295 3291/1332/3294 3336/1378/3294 3337/1379/3295
f 3293/1334/3296 3292/1333/3295 3337/1379/3295 3338/1380/3332
f 3294/1335/3312 3293/1334/3296 3338/1380/3332 3339/1381/3333
f 3295/1336/3298 3294/1335/3312 3339/1381/3333 3340/1382/3298
f 3296/1337/3299 3295/1336/3298 3340/1382/3298 3341/1383/3334
f 3297/1338/3300 3296/1337/3299 3341/1383/3334 3342/1384/3335
f 3298/1339/3301 3297/1338/3300 3342/1384/3335 3343/1385/3301
f 3299/1340/3302 3298/1339/3301 3343/1385/3301 3344/1386/3302
f 3300/1341/3303 3299/1340/3302 3344/1386/3302 3345/1387/3303
f 3301/1342/3304 3300/1341/3303 3345/1387/3303 3346/1388/3336
f 3302/1343/3305 3301/1342/3304 3346/1388/3336 3347/1389/3305
f 3303/1344/3306 3302/1343/3305 3347/1389/3305 3348/1390/3337
f 3304/1345/3307 3303/1344/3306 3348/1390/3337 3349/1391/3307
f 3305/1346/3308 3304/1345/3307 3349/1391/3307 3350/1392/3310
f 3306/1302/3264 3305/1346/3308 3350/1392/3310 3351/1348/3264
f 3307/1347/3265 3351/1348/3264 3396/1394/3338 3352/1393/3339
f 3308/1349/3320 3307/1350/3265 3352/1396/3339 3353/1395/3340
f 3309/1351/3267 3308/1349/3320 3353/1395/3340 3354/1397/3341
f 3310/1352/3268 3309/1351/3267 3354/1397/3341 3355/1398/3342
f 3311/1353/3269 3310/1352/3268 3355/1398/3342 3356/1399/3269
f 3312/1354/3321 3311/1353/3321 3356/1399/3343 3357/1400/3343
f 3313/1355/3323 3312/1354/3322 3357/1400/3344 3358/1401/3345
f 3314/1356/3273 3313/1355/3323 3358/1401/3345 3359/1402/3346
f 3315/1357/3324 3314/1356/3273 3359/1402/3346 3360/1403/3347
f 3316/1358/3275 3315/1357/3324 3360/1403/3347 3361/1404/3348
f 3317/1359/3276 3316/1358/3275 3361/1404/3348 3362/1405/3349
f 3318/1360/3325 3317/1359/3276 3362/1405/3349 3363/1406/3350
f 3319/1361/3278 3318/1360/3325 3363/1406/3350 3364/1407/3351
f 3320/1362/3326 3319/1361/3278 3364/1407/3351 3365/1408/3352
f 3321/1363/3327 3320/1362/3326 3365/1408/3352 3366/1409/3353
f 3322/1364/3328 3321/1363/3327 3366/1409/3353 3367/1410/3354
f 3323/1365/3329 3322/1364/3328 3367/1410/3354 3368/1411/3355
f 3324/1366/3283 3323/1365/3329 3368/1411/3355 3369/1412/3356
f 3325/1367/3330 3324/1366/3283 3369/1412/3356 3370/1413/3357
f 3326/1368/3331 3325/1367/3330 3370/1413/3357 3371/1414/3358
f 3327/1369/3286 3326/1368/3331 3371/1414/3358 3372/1415/3359
f 3328/1370/3287 3327/1369/3286 3372/1415/3359 3373/1416/3360
f 3329/1371/3288 3328/1370/3287 3373/1416/3360 3374/1417/3288
f 3331/1372/3317 3330/1373/3316 3375/1419/3316 3376/1418/3361
f 3332/1374/3290 3331/1372/3317 3376/1418/3361 3377/1420/3362
f 3333/1375/3291 3332/1374/3290 3377/1420/3362 3378/1421/3363
f 3334/1376/3292 3333/1375/3291 3378/1421/3363 3379/1422/3364
f 3335/1377/3293 3334/1376/3292 3379/1422/3364 3380/1423/3365
f 3336/1378/3294 3335/1377/3293 3380/1423/3365 3381/1424/3366
f 3337/1379/3295 3336/1378/3294 3381/1424/3366 3382/1425/3367
f 3338/1380/3332 3337/1379/3295 3382/1425/3367 3383/1426/3368
f 3339/1381/3333 3338/1380/3332 3383/1426/3368 3384/1427/3369
f 3340/1382/3298 3339/1381/3333 3384/1427/3369 3385/1428/3370
f 3341/1383/3334 3340/1382/3298 3385/1428/3370 3386/1429/3371
f 3342/1384/3335 3341/1383/3334 3386/1429/3371 3387/1430/3372
f 3343/1385/3301 3342/1384/3335 3387/1430/3372 3388/1431/3373
f 3344/1386/3302 3343/1385/3301 3388/1431/3373 3389/1432/3374
f 3345/1387/3303 3344/1386/3302 3389/1432/3374 3390/1433/3375
f 3346/1388/3336 3345/1387/3303 3390/1433/3375 3391/1434/3376
f 3347/1389/3305 3346/1388/3336 3391/1434/3376 3392/1435/3377
f 3348/1390/3337 3347/1389/3305 3392/1435/3377 3393/1436/3378
f 3349/1391/3307 3348/1390/3337 3393/1436/3378 3394/1437/3379
f 3350/1392/3310 3349/1391/3307 3394/1437/3379 3395/1438/3380
f 3351/1348/3264 3350/1392/3310 3395/1438/3380 3396/1394/3338
f 3352/1393/3381 3396/1394/3382 3441/1440/3383 3397/1439/3381
f 3353/1395/3340 3352/1396/3339 3397/1442/3384 3398/1441/3385
f 3354/1397/3341 3353/1395/3340 3398/1441/3385 3399/1443/3386
f 3355/1398/3342 3354/1397/3341 3399/1443/3386 3400/1444/3387
f 3356/1399/1202 3355/1398/1202 3400/1444/1202 3401/1445/1202
f 3357/1400/3388 3356/1399/3388 3401/1445/3388 3402/1446/3388
f 3358/1401/1268 3357/1400/1268 3402/1446/1268 3403/1447/1268
f 3359/1402/3346 3358/1401/3345 3403/1447/3389 3404/1448/3390
f 3360/1403/3391 3359/1402/3346 3404/1448/3390 3405/1449/3391
f 3361/1404/1202 3360/1403/1202 3405/1449/3392 3406/1450/3393
f 3362/1405/218 3361/1404/1202 3406/1450/1202 3407/1451/1202
f 3363/1406/218 3362/1405/218 3407/1451/1202 3408/1452/218
f 3364/1407/3351 3363/1406/3394 3408/1452/3394 3409/1453/3395
f 3365/1408/3352 3364/1407/3351 3409/1453/3395 3410/1454/3396
f 3366/1409/1202 3365/1408/1202 3410/1454/1202 3411/1455/1202
f 3367/1410/3397 3366/1409/3397 3411/1455/3397 3412/1456/3397
f 3368/1411/3355 3367/1410/3354 3412/1456/1268 3413/1457/3398
f 3369/1412/3356 3368/1411/3355 3413/1457/3398 3414/1458/3399
f 3370/1413/3400 3369/1412/3401 3414/1458/3401 3415/1459/3402
f 3371/1414/3403 3370/1413/3400 3415/1459/3402 3416/1460/3403
f 3372/1415/3359 3371/1414/3358 3416/1460/3404 3417/1461/3405
f 3373/1416/3360 3372/1415/3359 3417/1461/3405 3418/1462/3406
f 3374/1417/3407 3373/1416/3407 3418/1462/3407 3419/1463/3407
f 3376/1418/1202 3375/1419/1202 3420/1465/1202 3421/1464/1202
f 3377/1420/3408 3376/1418/3409 3421/1464/3409 3422/1466/3410
f 3378/1421/3411 3377/1420/3408 3422/1466/3410 3423/1467/3411
f 3379/1422/3412 3378/1421/3413 3423/1467/3413 3424/1468/3414
f 3380/1423/3415 3379/1422/3412 3424/1468/3414 3425/1469/3416
f 3381/1424/3417 3380/1423/3415 3425/1469/3416 3426/1470/3417
f 3382/1425/1202 3381/1424/1202 3426/1470/1202 3427/1471/1202
f 3383/1426/3368 3382/1425/3418 3427/1471/3418 3428/1472/3419
f 3384/1427/3369 3383/1426/3368 3428/1472/3419 3429/1473/3420
f 3385/1428/3370 3384/1427/3369 3429/1473/3420 3430/1474/3421
f 3386/1429/3422 3385/1428/3423 3430/1474/3423 3431/1475/3424
f 3387/1430/1268 3386/1429/3422 3431/1475/3424 3432/1476/1268
f 3388/1431/1202 3387/1430/1202 3432/1476/1202 3433/1477/1202
f 3389/1432/3425 3388/1431/1250 3433/1477/1250 3434/1478/3426
f 3390/1433/218 3389/1432/3425 3434/1478/3426 3435/1479/1202
f 3391/1434/218 3390/1433/218 3435/1479/1202 3436/1480/1202
f 3392/1435/3427 3391/1434/218 3436/1480/1202 3437/1481/3428
f 3393/1436/1440 3392/1435/3427 3437/1481/3428 3438/1482/1440
f 3394/1437/3379 3393/1436/3378 3438/1482/3429 3439/1483/3430
f 3395/1438/1250 3394/1437/1250 3439/1483/1250 3440/1484/1250
f 3396/1394/3382 3395/1438/1268 3440/1484/1268 3441/1440/3383
f 3397/1439/218 3441/1440/218 3486/1486/218 3442/1485/218
f 3398/1441/3431 3397/1442/3432 3442/1488/3432 3443/1487/3433
f 3399/1443/3434 3398/1441/3431 3443/1487/3433 3444/1489/3435
f 3400/1444/1268 3399/1443/3434 3444/1489/3435 3445/1490/1268
f 3401/1445/1260 3400/1444/1260 3445/1490/1260 3446/1491/1260
f 3402/1446/1202 3401/1445/1202 3446/1491/1202 3447/1492/1202
f 3403/1447/3436 3402/1446/3437 3447/1492/3437 3448/1493/3438
f 3404/1448/3439 3403/1447/3436 3448/1493/3438 3449/1494/3440
f 3405/1449/3441 3404/1448/3439 3449/1494/3440 3450/1495/3441
f 3406/1450/3393 3405/1449/3392 3450/1495/3442 3451/1496/3442
f 3407/1451/3443 3406/1450/3443 3451/1496/3443 3452/1497/3443
f 3408/1452/3444 3407/1451/3445 3452/1497/3445 3453/1498/3446
f 3409/1453/3447 3408/1452/3444 3453/1498/3446 3454/1499/3447
f 3410/1454/1202 3409/1453/1202 3454/1499/1202 3455/1500/1202
f 3411/1455/1268 3410/1454/1268 3455/1500/1268 3456/1501/1268
f 3412/1456/1202 3411/1455/1202 3456/1501/1202 3457/1502/1202
f 3413/1457/3448 3412/1456/3448 3457/1502/3448 3458/1503/3448
f 3414/1458/3399 3413/1457/3398 3458/1503/3449 3459/1504/3450
f 3415/1459/3451 3414/1458/3399 3459/1504/3450 3460/1505/3451
f 3416/1460/3452 3415/1459/3453 3460/1505/3454 3461/1506/3455
f 3417/1461/3456 3416/1460/3452 3461/1506/3455 3462/1507/3457
f 3418/1462/3458 3417/1461/3456 3462/1507/3457 3463/1508/3458
f 3419/1463/218 3418/1462/218 3463/1508/218 3464/1509/218
f 3421/1464/3459 3420/1465/3459 3465/1511/3459 3466/1510/3459
f 3422/1466/3460 3421/1464/3461 3466/1510/3461 3467/1512/3462
f 3423/1467/1202 3422/1466/3460 3467/1512/3462 3468/1513/1202
f 3424/1468/3463 3423/1467/3464 3468/1513/3464 3469/1514/3465
f 3425/1469/3466 3424/1468/3463 3469/1514/3465 3470/1515/3467
f 3426/1470/3468 3425/1469/3466 3470/1515/3467 3471/1516/3469
f 3427/1471/3470 3426/1470/3471 3471/1516/3471 3472/1517/3472
f 3428/1472/3473 3427/1471/3470 3472/1517/3472 3473/1518/3473
f 3429/1473/3474 3428/1472/3475 3473/1518/3475 3474/1519/3476
f 3430/1474/1268 3429/1473/3474 3474/1519/3476 3475/1520/3477
f 3431/1475/218 3430/1474/218 3475/1520/218 3476/1521/218
f 3432/1476/1202 3431/1475/1202 3476/1521/1202 3477/1522/1202
f 3433/1477/1268 3432/1476/1268 3477/1522/1268 3478/1523/1268
f 3434/1478/3478 3433/1477/1440 3478/1523/1440 3479/1524/3479
f 3435/1479/3480 3434/1478/3478 3479/1524/3479 3480/1525/3480
f 3436/1480/3481 3435/1479/3482 3480/1525/3482 3481/1526/3483
f 3437/1481/3484 3436/1480/3481 3481/1526/3483 3482/1527/3484
f 3438/1482/1250 3437/1481/1250 3482/1527/1250 3483/1528/1250
f 3439/1483/3430 3438/1482/3429 3483/1528/1260 3484/1529/3485
f 3440/1484/3486 3439/1483/3430 3484/1529/3485 3485/1530/3486
f 3441/1440/3383 3440/1484/1268 3485/1530/1268 3486/1486/1268
f 3442/1485/1195 3486/1486/3487 3531/1532/3488 3487/1531/1195
f 3443/1487/3489 3442/1488/3490 3487/1534/3490 3488/1533/3491
f 3444/1489/3492 3443/1487/3489 3488/1533/3491 3489/1535/3492
f 3445/1490/3493 3444/1489/3493 3489/1535/3493 3490/1536/3493
f 3446/1491/3494 3445/1490/3494 3490/1536/3494 3491/1537/3494
f 3447/1492/3495 3446/1491/3495 3491/1537/3495 3492/1538/3495
f 3448/1493/3496 3447/1492/3496 3492/1538/3496 3493/1539/3496
f 3449/1494/1268 3448/1493/1268 3493/1539/1268 3494/1540/1268
f 3450/1495/3497 3449/1494/3497 3494/1540/3497 3495/1541/3497
f 3451/1496/3498 3450/1495/3498 3495/1541/3498 3496/1542/3498
f 3452/1497/3442 3451/1496/3442 3496/1542/3442 3497/1543/3442
f 3453/1498/218 3452/1497/218 3497/1543/218 3498/1544/218
f 3454/1499/218 3453/1498/218 3498/1544/218 3499/1545/218
f 3455/1500/3499 3454/1499/3500 3499/1545/3500 3500/1546/3501
f 3456/1501/1260 3455/1500/3499 3500/1546/3501 3501/1547/1260
f 3457/1502/1352 3456/1501/1352 3501/1547/1352 3502/1548/1352
f 3458/1503/3502 3457/1502/3502 3502/1548/3502 3503/1549/3502
f 3459/1504/218 3458/1503/218 3503/1549/218 3504/1550/218
f 3460/1505/3454 3459/1504/3503 3504/1550/3503 3505/1551/3504
f 3461/1506/3455 3460/1505/3454 3505/1551/3504 3506/1552/3505
f 3462/1507/3506 3461/1506/3506 3506/1552/3506 3507/1553/3506
f 3463/1508/1202 3462/1507/1202 3507/1553/1202 3508/1554/1202
f 3464/1509/3507 3463/1508/3507 3508/1554/3507 3509/1555/3507
f 3466/1510/3508 3465/1511/3509 3510/1557/3509 3511/1556/3510
f 3467/1512/3511 3466/1510/3508 3511/1556/3510 3512/1558/3512
f 3468/1513/3513 3467/1512/3511 3512/1558/3512 3513/1559/3514
f 3469/1514/3515 3468/1513/3513 3513/1559/3514 3514/1560/3515
f 3470/1515/218 3469/1514/218 3514/1560/218 3515/1561/218
f 3471/1516/3469 3470/1515/3467 3515/1561/3516 3516/1562/3517
f 3472/1517/3518 3471/1516/3469 3516/1562/3517 3517/1563/3518
f 3473/1518/3519 3472/1517/3518 3517/1563/3518 3518/1564/3519
f 3474/1519/3476 3473/1518/3520 3518/1564/3521 3519/1565/3522
f 3475/1520/3477 3474/1519/3476 3519/1565/3522 3520/1566/3523
f 3476/1521/3524 3475/1520/3524 3520/1566/3524 3521/1567/3524
f 3477/1522/3525 3476/1521/1260 3521/1567/1260 3522/1568/3526
f 3478/1523/3527 3477/1522/3525 3522/1568/3526 3523/1569/3527
f 3479/1524/3480 3478/1523/3480 3523/1569/3480 3524/1570/3480
f 3480/1525/3528 3479/1524/3529 3524/1570/3529 3525/1571/3530
f 3481/1526/3531 3480/1525/3528 3525/1571/3530 3526/1572/3532
f 3482/1527/3533 3481/1526/3531 3526/1572/3532 3527/1573/3533
f 3483/1528/1440 3482/1527/1440 3527/1573/1440 3528/1574/1440
f 3484/1529/3534 3483/1528/3535 3528/1574/3535 3529/1575/3536
f 3485/1530/3537 3484/1529/3534 3529/1575/3536 3530/1576/3537
f 3486/1486/3487 3485/1530/1260 3530/1576/1260 3531/1532/3488
f 3487/1531/1268 3531/1532/1268 3576/1578/1268 3532/1577/1268
f 3488/1533/3538 3487/1534/3432 3532/1580/3432 3533/1579/3539
f 3489/1535/1268 3488/1533/3538 3533/1579/3539 3534/1581/1268
f 3490/1536/3540 3489/1535/3540 3534/1581/3540 3535/1582/3540
f 3491/1537/3541 3490/1536/3541 3535/1582/3541 3536/1583/3541
f 3492/1538/3542 3491/1537/3542 3536/1583/3542 3537/1584/3542
f 3493/1539/1260 3492/1538/1260 3537/1584/1260 3538/1585/1260
f 3494/1540/218 3493/1539/218 3538/1585/218 3539/1586/218
f 3495/1541/1268 3494/1540/1268 3539/1586/1268 3540/1587/1268
f 3496/1542/1202 3495/1541/1202 3540/1587/1202 3541/1588/1202
f 3497/1543/3543 3496/1542/3544 3541/1588/3544 3542/1589/3545
f 3498/1544/3546 3497/1543/3543 3542/1589/3545 3543/1590/3546
f 3499/1545/1202 3498/1544/1202 3543/1590/1202 3544/1591/1202
f 3500/1546/1202 3499/1545/1202 3544/1591/1202 3545/1592/1202
f 3501/1547/1260 3500/1546/3501 3545/1592/1260 3546/1593/1260
f 3502/1548/3547 3501/1547/3547 3546/1593/3547 3547/1594/3547
f 3503/1549/3548 3502/1548/3549 3547/1594/3549 3548/1595/3550
f 3504/1550/3551 3503/1549/3548 3548/1595/3550 3549/1596/3552
f 3505/1551/3553 3504/1550/3554 3549/1596/3554 3550/1597/3555
f 3506/1552/3556 3505/1551/3553 3550/1597/3555 3551/1598/3556
f 3507/1553/3557 3506/1552/3557 3551/1598/3557 3552/1599/3557
f 3508/1554/3558 3507/1553/3558 3552/1599/3559 3553/1600/3560
f 3509/1555/1202 3508/1554/1202 3553/1600/1202 3554/1601/1202
f 3511/1556/3561 3510/1557/3562 3555/1603/3562 3556/1602/3563
f 3512/1558/3564 3511/1556/3561 3556/1602/3563 3557/1604/3565
f 3513/1559/3566 3512/1558/3564 3557/1604/3565 3558/1605/3567
f 3514/1560/3568 3513/1559/3566 3558/1605/3567 3559/1606/3569
f 3515/1561/3570 3514/1560/3568 3559/1606/3569 3560/1607/3571
f 3516/1562/1202 3515/1561/1202 3560/1607/3572 3561/1608/3573
f 3517/1563/1202 3516/1562/1202 3561/1608/3573 3562/1609/1202
f 3518/1564/218 3517/1563/218 3562/1609/218 3563/1610/218
f 3519/1565/3522 3518/1564/3521 3563/1610/3574 3564/1611/3575
f 3520/1566/3523 3519/1565/3522 3564/1611/3575 3565/1612/3576
f 3521/1567/3577 3520/1566/3523 3565/1612/3576 3566/1613/3578
f 3522/1568/3579 3521/1567/3577 3566/1613/3578 3567/1614/3580
f 3523/1569/3581 3522/1568/3579 3567/1614/3580 3568/1615/3582
f 3524/1570/3583 3523/1569/1260 3568/1615/1260 3569/1616/3584
f 3525/1571/3585 3524/1570/3583 3569/1616/3584 3570/1617/3586
f 3526/1572/1260 3525/1571/3585 3570/1617/3586 3571/1618/3587
f 3527/1573/1202 3526/1572/1202 3571/1618/1202 3572/1619/1202
f 3528/1574/3588 3527/1573/3588 3572/1619/3588 3573/1620/3588
f 3529/1575/1202 3528/1574/1202 3573/1620/1202 3574/1621/1202
f 3530/1576/3589 3529/1575/3589 3574/1621/3589 3575/1622/3589
f 3531/1532/1202 3530/1576/1202 3575/1622/1202 3576/1578/1202
f 3532/1577/1202 3576/1578/1202 3621/1624/1202 3577/1623/1202
f 3533/1579/1202 3532/1580/1202 3577/1626/1202 3578/1625/1202
f 3534/1581/3590 3533/1579/3591 3578/1625/3591 3579/1627/3592
f 3535/1582/1260 3534/1581/3590 3579/1627/3592 3580/1628/1260
f 3536/1583/3593 3535/1582/3593 3580/1628/3594 3581/1629/3595
f 3537/1584/1268 3536/1583/1268 3581/1629/3596 3582/1630/3597
f 3538/1585/3598 3537/1584/3599 3582/1630/3599 3583/1631/3600
f 3539/1586/3601 3538/1585/3598 3583/1631/3600 3584/1632/3601
f 3540/1587/1260 3539/1586/1260 3584/1632/1260 3585/1633/1260
f 3541/1588/3602 3540/1587/3602 3585/1633/3602 3586/1634/3602
f 3542/1589/3603 3541/1588/218 3586/1634/218 3587/1635/3603
f 3543/1590/1268 3542/1589/3603 3587/1635/3603 3588/1636/1268
f 3544/1591/3604 3543/1590/3605 3588/1636/3605 3589/1637/3606
f 3545/1592/3607 3544/1591/3604 3589/1637/3606 3590/1638/3607
f 3546/1593/3608 3545/1592/3608 3590/1638/3609 3591/1639/3610
f 3547/1594/3611 3546/1593/218 3591/1639/218 3592/1640/3612
f 3548/1595/3613 3547/1594/3611 3592/1640/3612 3593/1641/3613
f 3549/1596/3552 3548/1595/3550 3593/1641/3614 3594/1642/3615
f 3550/1597/3616 3549/1596/3552 3594/1642/3615 3595/1643/3617
f 3551/1598/3618 3550/1597/3616 3595/1643/3617 3596/1644/3619
f 3552/1599/3559 3551/1598/3618 3596/1644/3619 3597/1645/3620
f 3553/1600/3560 3552/1599/3559 3597/1645/3620 3598/1646/3621
f 3554/1601/3622 3553/1600/3560 3598/1646/3621 3599/1647/3622
f 3556/1602/3623 3555/1603/3624 3600/1649/3624 3601/1648/3625
f 3557/1604/3626 3556/1602/3623 3601/1648/3625 3602/1650/3626
f 3558/1605/1202 3557/1604/1202 3602/1650/1202 3603/1651/1202
f 3559/1606/3569 3558/1605/3567 3603/1651/3627 3604/1652/3628
f 3560/1607/3571 3559/1606/3569 3604/1652/3628 3605/1653/3629
f 3561/1608/3573 3560/1607/3572 3605/1653/3630 3606/1654/3631
f 3562/1609/1202 3561/1608/3573 3606/1654/3631 3607/1655/1202
f 3563/1610/3632 3562/1609/3632 3607/1655/3632 3608/1656/3632
f 3564/1611/3633 3563/1610/3634 3608/1656/3635 3609/1657/3636
f 3565/1612/3637 3564/1611/3633 3609/1657/3636 3610/1658/3638
f 3566/1613/3639 3565/1612/3637 3610/1658/3638 3611/1659/3639
f 3567/1614/3640 3566/1613/3640 3611/1659/3640 3612/1660/3640
f 3568/1615/3582 3567/1614/3580 3612/1660/3641 3613/1661/3642
f 3569/1616/3643 3568/1615/3582 3613/1661/3642 3614/1662/3644
f 3570/1617/3645 3569/1616/3643 3614/1662/3644 3615/1663/3645
f 3571/1618/3587 3570/1617/3586 3615/1663/3646 3616/1664/3647
f 3572/1619/3484 3571/1618/3587 3616/1664/3647 3617/1665/3484
f 3573/1620/3648 3572/1619/3648 3617/1665/3648 3618/1666/3648
f 3574/1621/3649 3573/1620/3649 3618/1666/3649 3619/1667/3649
f 3575/1622/3650 3574/1621/3651 3619/1667/3651 3620/1668/3652
f 3576/1578/1268 3575/1622/3650 3620/1668/3652 3621/1624/1268
f 3577/1623/1202 3621/1624/218 3666/1670/1202 3622/1669/218
f 3578/1625/1202 3577/1626/1202 3622/1672/218 3623/1671/1202
f 3579/1627/3653 3578/1625/1268 3623/1671/1268 3624/1673/3654
f 3580/1628/3594 3579/1627/3653 3624/1673/3654 3625/1674/3655
f 3581/1629/3595 3580/1628/3594 3625/1674/3655 3626/1675/1268
f 3582/1630/3597 3581/1629/3596 3626/1675/3656 3627/1676/3656
f 3583/1631/3657 3582/1630/3658 3627/1676/3659 3628/1677/3660
f 3584/1632/3661 3583/1631/3657 3628/1677/3660 3629/1678/3662
f 3585/1633/3663 3584/1632/3661 3629/1678/3662 3630/1679/3663
f 3586/1634/1250 3585/1633/1250 3630/1679/1250 3631/1680/1250
f 3587/1635/3664 3586/1634/3665 3631/1680/3665 3632/1681/3666
f 3588/1636/3667 3587/1635/3664 3632/1681/3666 3633/1682/3667
f 3589/1637/1268 3588/1636/1268 3633/1682/1268 3634/1683/1268
f 3590/1638/3609 3589/1637/1268 3634/1683/1268 3635/1684/3668
f 3591/1639/3610 3590/1638/3609 3635/1684/3668 3636/1685/3669
f 3592/1640/3670 3591/1639/3610 3636/1685/3669 3637/1686/3670
f 3593/1641/1202 3592/1640/1202 3637/1686/1202 3638/1687/1202
f 3594/1642/3615 3593/1641/3671 3638/1687/3671 3639/1688/3672
f 3595/1643/3617 3594/1642/3615 3639/1688/3672 3640/1689/3673
f 3596/1644/3674 3595/1643/3675 3640/1689/3675 3641/1690/3676
f 3597/1645/3677 3596/1644/3674 3641/1690/3676 3642/1691/3678
f 3598/1646/3679 3597/1645/3677 3642/1691/3678 3643/1692/3680
f 3599/1647/3681 3598/1646/3679 3643/1692/3680 3644/1693/3681
f 3601/1648/3682 3600/1649/3682 3645/1695/3682 3646/1694/3682
f 3602/1650/3683 3601/1648/3683 3646/1694/3683 3647/1696/3683
f 3603/1651/3684 3602/1650/1268 3647/1696/1268 3648/1697/3685
f 3604/1652/3686 3603/1651/3684 3648/1697/3685 3649/1698/3687
f 3605/1653/3688 3604/1652/3686 3649/1698/3687 3650/1699/3689
f 3606/1654/3690 3605/1653/3688 3650/1699/3689 3651/1700/3691
f 3607/1655/3692 3606/1654/3690 3651/1700/3691 3652/1701/3692
f 3608/1656/3635 3607/1655/3693 3652/1701/3694 3653/1702/3695
f 3609/1657/3636 3608/1656/3635 3653/1702/3695 3654/1703/3696
f 3610/1658/3697 3609/1657/3697 3654/1703/3697 3655/1704/3697
f 3611/1659/3698 3610/1658/3699 3655/1704/3699 3656/1705/3700
f 3612/1660/3701 3611/1659/3698 3656/1705/3700 3657/1706/3702
f 3613/1661/3703 3612/1660/3701 3657/1706/3702 3658/1707/3704
f 3614/1662/3705 3613/1661/3703 3658/1707/3704 3659/1708/3705
f 3615/1663/1250 3614/1662/1250 3659/1708/3706 3660/1709/3707
f 3616/1664/3708 3615/1663/3709 3660/1709/3709 3661/1710/3710
f 3617/1665/3711 3616/1664/3708 3661/1710/3710 3662/1711/3712
f 3618/1666/3713 3617/1665/3711 3662/1711/3712 3663/1712/3713
f 3619/1667/3714 3618/1666/3714 3663/1712/3714 3664/1713/3714
f 3620/1668/1202 3619/1667/1202 3664/1713/1202 3665/1714/1202
f 3621/1624/218 3620/1668/1202 3665/1714/1202 3666/1670/1202
f 3622/1669/3381 3666/1670/3381 3711/1716/3381 3667/1715/3381
f 3623/1671/1202 3622/1672/1202 3667/1718/1202 3668/1717/1202
f 3624/1673/3715 3623/1671/1260 3668/1717/1260 3669/1719/3716
f 3625/1674/3717 3624/1673/3715 3669/1719/3716 3670/1720/3718
f 3626/1675/3719 3625/1674/3717 3670/1720/3718 3671/1721/3719
f 3627/1676/3720 3626/1675/3720 3671/1721/3720 3672/1722/3720
f 3628/1677/3660 3627/1676/3659 3672/1722/3721 3673/1723/3721
f 3629/1678/1260 3628/1677/1260 3673/1723/1260 3674/1724/1260
f 3630/1679/3722 3629/1678/3723 3674/1724/3723 3675/1725/3724
f 3631/1680/3725 3630/1679/3722 3675/1725/3724 3676/1726/3726
f 3632/1681/3727 3631/1680/3728 3676/1726/3728 3677/1727/3729
f 3633/1682/1268 3632/1681/3727 3677/1727/3729 3678/1728/3730
f 3634/1683/1202 3633/1682/218 3678/1728/218 3679/1729/218
f 3635/1684/1202 3634/1683/1202 3679/1729/218 3680/1730/1202
f 3636/1685/3731 3635/1684/3732 3680/1730/3733 3681/1731/3734
f 3637/1686/3735 3636/1685/3731 3681/1731/3734 3682/1732/3736
f 3638/1687/3737 3637/1686/3735 3682/1732/3736 3683/1733/3737
f 3639/1688/3738 3638/1687/3738 3683/1733/3738 3684/1734/3738
f 3640/1689/1202 3639/1688/1202 3684/1734/1202 3685/1735/1202
f 3641/1690/3739 3640/1689/3740 3685/1735/3741 3686/1736/3742
f 3642/1691/3743 3641/1690/3739 3686/1736/3742 3687/1737/3744
f 3643/1692/3745 3642/1691/3743 3687/1737/3744 3688/1738/3745
f 3644/1693/3746 3643/1692/3746 3688/1738/3746 3689/1739/3746
f 3646/1694/3747 3645/1695/3747 3690/1741/3747 3691/1740/3747
f 3647/1696/3748 3646/1694/3748 3691/1740/3748 3692/1742/3748
f 3648/1697/3749 3647/1696/3749 3692/1742/3749 3693/1743/3749
f 3649/1698/218 3648/1697/218 3693/1743/218 3694/1744/218
f 3650/1699/1250 3649/1698/1250 3694/1744/1647 3695/1745/3750
f 3651/1700/3751 3650/1699/3752 3695/1745/3752 3696/1746/3753
f 3652/1701/3694 3651/1700/3751 3696/1746/3753 3697/1747/3754
f 3653/1702/3695 3652/1701/3694 3697/1747/3754 3698/1748/1260
f 3654/1703/3696 3653/1702/3695 3698/1748/3755 3699/1749/3755
f 3655/1704/218 3654/1703/218 3699/1749/218 3700/1750/218
f 3656/1705/218 3655/1704/218 3700/1750/218 3701/1751/218
f 3657/1706/3756 3656/1705/3756 3701/1751/3756 3702/1752/3756
f 3658/1707/3757 3657/1706/3758 3702/1752/3758 3703/1753/3759
f 3659/1708/3760 3658/1707/3757 3703/1753/3759 3704/1754/3760
f 3660/1709/3707 3659/1708/3706 3704/1754/1202 3705/1755/1202
f 3661/1710/1202 3660/1709/3707 3705/1755/1202 3706/1756/1202
f 3662/1711/1260 3661/1710/1260 3706/1756/3761 3707/1757/3762
f 3663/1712/1202 3662/1711/1202 3707/1757/3763 3708/1758/3764
f 3664/1713/3765 3663/1712/3765 3708/1758/3765 3709/1759/3765
f 3665/1714/1260 3664/1713/1260 3709/1759/1260 3710/1760/1260
f 3666/1670/1260 3665/1714/1260 3710/1760/1268 3711/1716/1268
f 3667/1715/1260 3711/1716/1260 3756/1762/1260 3712/1761/3766
f 3668/1717/1202 3667/1718/1202 3712/1764/1202 3713/1763/1202
f 3669/1719/1202 3668/1717/1202 3713/1763/1202 3714/1765/1202
f 3670/1720/3767 3669/1719/3768 3714/1765/3768 3715/1766/3769
f 3671/1721/3770 3670/1720/3767 3715/1766/3769 3716/1767/3770
f 3672/1722/218 3671/1721/218 3716/1767/218 3717/1768/218
f 3673/1723/3771 3672/1722/3772 3717/1768/3772 3718/1769/3773
f 3674/1724/3774 3673/1723/3771 3718/1769/3773 3719/1770/3775
f 3675/1725/3724 3674/1724/3774 3719/1770/3775 3720/1771/3776
f 3676/1726/3726 3675/1725/3724 3720/1771/3776 3721/1772/3777
f 3677/1727/1202 3676/1726/1202 3721/1772/1202 3722/1773/1202
f 3678/1728/3730 3677/1727/3729 3722/1773/3778 3723/1774/3779
f 3679/1729/1268 3678/1728/1268 3723/1774/1268 3724/1775/1268
f 3680/1730/3733 3679/1729/1260 3724/1775/1260 3725/1776/3780
f 3681/1731/3734 3680/1730/3733 3725/1776/3780 3726/1777/3781
f 3682/1732/3736 3681/1731/3734 3726/1777/3781 3727/1778/3782
f 3683/1733/3783 3682/1732/3783 3727/1778/3783 3728/1779/3783
f 3684/1734/3784 3683/1733/3784 3728/1779/3784 3729/1780/3784
f 3685/1735/3741 3684/1734/3785 3729/1780/3785 3730/1781/3786
f 3686/1736/3742 3685/1735/3741 3730/1781/3786 3731/1782/3787
f 3687/1737/1202 3686/1736/1202 3731/1782/1202 3732/1783/1202
f 3688/1738/1202 3687/1737/1202 3732/1783/1202 3733/1784/1202
f 3689/1739/3788 3688/1738/3788 3733/1784/3788 3734/1785/3788
f 3691/1740/3789 3690/1741/3789 3735/1787/3789 3736/1786/3789
f 3692/1742/3790 3691/1740/3791 3736/1786/3791 3737/1788/3792
f 3693/1743/3793 3692/1742/3790 3737/1788/3792 3738/1789/3794
f 3694/1744/3795 3693/1743/3793 3738/1789/3794 3739/1790/3795
f 3695/1745/3750 3694/1744/1647 3739/1790/1202 3740/1791/1202
f 3696/1746/1202 3695/1745/3750 3740/1791/1202 3741/1792/1202
f 3697/1747/3796 3696/1746/3797 3741/1792/3797 3742/1793/3798
f 3698/1748/3799 3697/1747/3796 3742/1793/3798 3743/1794/3800
f 3699/1749/3801 3698/1748/3799 3743/1794/3800 3744/1795/3802
f 3700/1750/3803 3699/1749/3804 3744/1795/3804 3745/1796/3805
f 3701/1751/3806 3700/1750/3803 3745/1796/3805 3746/1797/3807
f 3702/1752/3808 3701/1751/3806 3746/1797/3807 3747/1798/3809
f 3703/1753/3810 3702/1752/3808 3747/1798/3809 3748/1799/3811
f 3704/1754/3812 3703/1753/3810 3748/1799/3811 3749/1800/3813
f 3705/1755/3814 3704/1754/3812 3749/1800/3813 3750/1801/3815
f 3706/1756/3761 3705/1755/3814 3750/1801/3815 3751/1802/3816
f 3707/1757/3762 3706/1756/3761 3751/1802/3816 3752/1803/3817
f 3708/1758/3764 3707/1757/3763 3752/1803/1268 3753/1804/1268
f 3709/1759/218 3708/1758/218 3753/1804/218 3754/1805/218
f 3710/1760/3818 3709/1759/3818 3754/1805/3818 3755/1806/3818
f 3711/1716/1268 3710/1760/1268 3755/1806/1268 3756/1762/1268
f 3712/1761/3766 3756/1762/1260 3801/1808/1260 3757/1807/3819
f 3713/1763/3820 3712/1764/3766 3757/1810/3819 3758/1809/3820
f 3714/1765/1202 3713/1763/1202 3758/1809/1202 3759/1811/1202
f 3715/1766/3821 3714/1765/3821 3759/1811/3821 3760/1812/3821
f 3716/1767/3822 3715/1766/3822 3760/1812/3822 3761/1813/3822
f 3717/1768/1260 3716/1767/1260 3761/1813/1260 3762/1814/1260
f 3718/1769/3823 3717/1768/3823 3762/1814/3823 3763/1815/3823
f 3719/1770/3824 3718/1769/3825 3763/1815/3825 3764/1816/3826
f 3720/1771/3827 3719/1770/3824 3764/1816/3826 3765/1817/3828
f 3721/1772/3829 3720/1771/3827 3765/1817/3828 3766/1818/3830
f 3722/1773/3831 3721/1772/3829 3766/1818/3830 3767/1819/3831
f 3723/1774/3779 3722/1773/3778 3767/1819/3832 3768/1820/3833
f 3724/1775/3834 3723/1774/3779 3768/1820/3833 3769/1821/3835
f 3725/1776/3836 3724/1775/3834 3769/1821/3835 3770/1822/3837
f 3726/1777/3838 3725/1776/3836 3770/1822/3837 3771/1823/3839
f 3727/1778/3840 3726/1777/3838 3771/1823/3839 3772/1824/3840
f 3728/1779/3841 3727/1778/3842 3772/1824/3842 3773/1825/3841
f 3729/1780/3843 3728/1779/3841 3773/1825/3841 3774/1826/3843
f 3730/1781/3844 3729/1780/3845 3774/1826/3845 3775/1827/3846
f 3731/1782/3847 3730/1781/3844 3775/1827/3846 3776/1828/3848
f 3732/1783/3849 3731/1782/3850 3776/1828/3850 3777/1829/3851
f 3733/1784/3852 3732/1783/3849 3777/1829/3851 3778/1830/3852
f 3734/1785/3853 3733/1784/3853 3778/1830/3854 3779/1831/3855
f 3736/1786/3682 3735/1787/3682 3780/1833/3682 3781/1832/3682
f 3737/1788/3856 3736/1786/3857 3781/1832/3857 3782/1834/3858
f 3738/1789/3859 3737/1788/3856 3782/1834/3858 3783/1835/3859
f 3739/1790/1202 3738/1789/1202 3783/1835/1202 3784/1836/1202
f 3740/1791/1202 3739/1790/1202 3784/1836/1202 3785/1837/1202
f 3741/1792/3860 3740/1791/3860 3785/1837/3860 3786/1838/3860
f 3742/1793/3861 3741/1792/3861 3786/1838/3862 3787/1839/3863
f 3743/1794/1202 3742/1793/1202 3787/1839/1202 3788/1840/1202
f 3744/1795/3802 3743/1794/3800 3788/1840/3864 3789/1841/3865
f 3745/1796/3866 3744/1795/3802 3789/1841/3865 3790/1842/3867
f 3746/1797/3868 3745/1796/3866 3790/1842/3867 3791/1843/3869
f 3747/1798/3870 3746/1797/3868 3791/1843/3869 3792/1844/3871
f 3748/1799/3872 3747/1798/3870 3792/1844/3871 3793/1845/3873
f 3749/1800/3874 3748/1799/3872 3793/1845/3873 3794/1846/3875
f 3750/1801/3876 3749/1800/3874 3794/1846/3875 3795/1847/3877
f 3751/1802/3878 3750/1801/3876 3795/1847/3877 3796/1848/3879
f 3752/1803/1268 3751/1802/3878 3796/1848/3879 3797/1849/1268
f 3753/1804/1260 3752/1803/1260 3797/1849/3880 3798/1850/3881
f 3754/1805/3882 3753/1804/1260 3798/1850/3881 3799/1851/3883
f 3755/1806/3884 3754/1805/3882 3799/1851/3883 3800/1852/3885
f 3756/1762/1260 3755/1806/3884 3800/1852/3885 3801/1808/1260
f 3757/1807/1268 3801/1808/1268 3846/1854/1268 3802/1853/1268
f 3758/1809/3886 3757/1810/3886 3802/1856/3886 3803/1855/3886
f 3759/1811/3887 3758/1809/3887 3803/1855/3887 3804/1857/3887
f 3760/1812/1260 3759/1811/1260 3804/1857/1260 3805/1858/1260
f 3761/1813/3888 3760/1812/3888 3805/1858/3888 3806/1859/3888
f 3762/1814/3889 3761/1813/3889 3806/1859/3889 3807/1860/3889
f 3763/1815/3890 3762/1814/3890 3807/1860/3890 3808/1861/3890
f 3764/1816/3493 3763/1815/3493 3808/1861/3493 3809/1862/3493
f 3765/1817/3891 3764/1816/3891 3809/1862/3891 3810/1863/3891
f 3766/1818/3892 3765/1817/3892 3810/1863/3892 3811/1864/3892
f 3767/1819/1250 3766/1818/1250 3811/1864/1440 3812/1865/3893
f 3768/1820/3894 3767/1819/3895 3812/1865/3895 3813/1866/3896
f 3769/1821/3897 3768/1820/3894 3813/1866/3896 3814/1867/3898
f 3770/1822/3837 3769/1821/3835 3814/1867/3899 3815/1868/3900
f 3771/1823/3839 3770/1822/3837 3815/1868/3900 3816/1869/3901
f 3772/1824/218 3771/1823/218 3816/1869/218 3817/1870/218
f 3773/1825/3902 3772/1824/3903 3817/1870/3903 3818/1871/3904
f 3774/1826/3905 3773/1825/3902 3818/1871/3904 3819/1872/3905
f 3775/1827/218 3774/1826/218 3819/1872/3906 3820/1873/218
f 3776/1828/3848 3775/1827/3846 3820/1873/3907 3821/1874/3908
f 3777/1829/3909 3776/1828/3848 3821/1874/3908 3822/1875/3910
f 3778/1830/3854 3777/1829/3909 3822/1875/3910 3823/1876/3911
f 3779/1831/3855 3778/1830/3854 3823/1876/3911 3824/1877/3912
f 3781/1832/3913 3780/1833/3913 3825/1879/3913 3826/1878/3913
f 3782/1834/3914 3781/1832/3915 3826/1878/3915 3827/1880/3916
f 3783/1835/3917 3782/1834/3914 3827/1880/3916 3828/1881/3917
f 3784/1836/3918 3783/1835/3917 3828/1881/3917 3829/1882/3919
f 3785/1837/3920 3784/1836/3918 3829/1882/3919 3830/1883/3921
f 3786/1838/3862 3785/1837/3920 3830/1883/3921 3831/1884/3922
f 3787/1839/3863 3786/1838/3862 3831/1884/3922 3832/1885/3923
f 3788/1840/3924 3787/1839/3863 3832/1885/3923 3833/1886/3925
f 3789/1841/3926 3788/1840/3924 3833/1886/3925 3834/1887/3927
f 3790/1842/3928 3789/1841/3926 3834/1887/3927 3835/1888/3929
f 3791/1843/3930 3790/1842/3928 3835/1888/3929 3836/1889/3931
f 3792/1844/3932 3791/1843/3930 3836/1889/3931 3837/1890/3933
f 3793/1845/3934 3792/1844/3932 3837/1890/3933 3838/1891/3935
f 3794/1846/3875 3793/1845/3873 3838/1891/3936 3839/1892/3937
f 3795/1847/3877 3794/1846/3875 3839/1892/3937 3840/1893/3938
f 3796/1848/3482 3795/1847/3482 3840/1893/3939 3841/1894/3940
f 3797/1849/3880 3796/1848/1260 3841/1894/1260 3842/1895/3941
f 3798/1850/3881 3797/1849/3880 3842/1895/3941 3843/1896/3942
f 3799/1851/3883 3798/1850/3881 3843/1896/3942 3844/1897/1260
f 3800/1852/1268 3799/1851/1268 3844/1897/1268 3845/1898/1268
f 3801/1808/1268 3800/1852/1268 3845/1898/1268 3846/1854/1268
f 3802/1853/1202 3846/1854/1202 3891/1900/1202 3847/1899/1202
f 3803/1855/3943 3802/1856/3944 3847/1902/3944 3848/1901/3945
f 3804/1857/3946 3803/1855/3943 3848/1901/3945 3849/1903/3946
f 3805/1858/3947 3804/1857/3947 3849/1903/3947 3850/1904/3947
f 3806/1859/3948 3805/1858/3948 3850/1904/3948 3851/1905/3948
f 3807/1860/3949 3806/1859/3949 3851/1905/3949 3852/1906/3949
f 3808/1861/3950 3807/1860/3950 3852/1906/3950 3853/1907/3950
f 3809/1862/1202 3808/1861/1202 3853/1907/1202 3854/1908/1202
f 3810/1863/3951 3809/1862/3952 3854/1908/3952 3855/1909/3951
f 3811/1864/3953 3810/1863/3951 3855/1909/3951 3856/1910/3953
f 3812/1865/3893 3811/1864/1440 3856/1910/1440 3857/1911/3954
f 3813/1866/1202 3812/1865/3893 3857/1911/3954 3858/1912/1202
f 3814/1867/3898 3813/1866/3896 3858/1912/3955 3859/1913/3956
f 3815/1868/1260 3814/1867/3898 3859/1913/3956 3860/1914/1260
f 3816/1869/3957 3815/1868/1260 3860/1914/1260 3861/1915/3958
f 3817/1870/3959 3816/1869/3957 3861/1915/3958 3862/1916/3960
f 3818/1871/3961 3817/1870/3959 3862/1916/3960 3863/1917/3961
f 3819/1872/3906 3818/1871/3962 3863/1917/3962 3864/1918/3963
f 3820/1873/218 3819/1872/3906 3864/1918/3963 3865/1919/218
f 3821/1874/3964 3820/1873/3965 3865/1919/3965 3866/1920/3966
f 3822/1875/3967 3821/1874/3964 3866/1920/3966 3867/1921/3968
f 3823/1876/3969 3822/1875/3967 3867/1921/3968 3868/1922/3970
f 3824/1877/3971 3823/1876/3969 3868/1922/3970 3869/1923/3971
f 3826/1878/3972 3825/1879/3972 3870/1925/3972 3871/1924/3972
f 3827/1880/3973 3826/1878/3974 3871/1924/3975 3872/1926/3976
f 3828/1881/3977 3827/1880/3973 3872/1926/3976 3873/1927/3977
f 3829/1882/3978 3828/1881/3978 3873/1927/3978 3874/1928/3978
f 3830/1883/3979 3829/1882/3979 3874/1928/3980 3875/1929/3981
f 3831/1884/3922 3830/1883/3921 3875/1929/3982 3876/1930/3982
f 3832/1885/1202 3831/1884/1202 3876/1930/1202 3877/1931/1202
f 3833/1886/1202 3832/1885/1202 3877/1931/1202 3878/1932/1202
f 3834/1887/3983 3833/1886/3984 3878/1932/3984 3879/1933/3985
f 3835/1888/3986 3834/1887/3983 3879/1933/3985 3880/1934/3987
f 3836/1889/3931 3835/1888/3988 3880/1934/3988 3881/1935/3989
f 3837/1890/3933 3836/1889/3931 3881/1935/3989 3882/1936/3990
f 3838/1891/3935 3837/1890/3933 3882/1936/3990 3883/1937/3991
f 3839/1892/3992 3838/1891/3935 3883/1937/3991 3884/1938/3993
f 3840/1893/3939 3839/1892/3992 3884/1938/3993 3885/1939/3994
f 3841/1894/3940 3840/1893/3939 3885/1939/3994 3886/1940/3995
f 3842/1895/1250 3841/1894/1250 3886/1940/1440 3887/1941/1440
f 3843/1896/3996 3842/1895/3997 3887/1941/3997 3888/1942/3998
f 3844/1897/1268 3843/1896/3996 3888/1942/3998 3889/1943/1739
f 3845/1898/3999 3844/1897/1260 3889/1943/1260 3890/1944/4000
f 3846/1854/1202 3845/1898/3999 3890/1944/4000 3891/1900/1202
f 3847/1899/218 3891/1900/218 3936/1946/1202 3892/1945/218
f 3848/1901/4001 3847/1902/4002 3892/1948/4002 3893/1947/4003
f 3849/1903/4004 3848/1901/4001 3893/1947/4003 3894/1949/4005
f 3850/1904/4006 3849/1903/4004 3894/1949/4005 3895/1950/4007
f 3851/1905/4008 3850/1904/4006 3895/1950/4007 3896/1951/4008
f 3852/1906/4009 3851/1905/4009 3896/1951/4009 3897/1952/4009
f 3853/1907/1202 3852/1906/1202 3897/1952/1202 3898/1953/1202
f 3854/1908/1202 3853/1907/1202 3898/1953/1202 3899/1954/1202
f 3855/1909/4010 3854/1908/4011 3899/1954/4011 3900/1955/4012
f 3856/1910/4013 3855/1909/4010 3900/1955/4012 3901/1956/4014
f 3857/1911/4015 3856/1910/1202 3901/1956/1202 3902/1957/4016
f 3858/1912/3649 3857/1911/4015 3902/1957/4016 3903/1958/4017
f 3859/1913/4018 3858/1912/4019 3903/1958/4019 3904/1959/4020
f 3860/1914/1268 3859/1913/4018 3904/1959/4020 3905/1960/1268
f 3861/1915/218 3860/1914/218 3905/1960/218 3906/1961/218
f 3862/1916/4021 3861/1915/4022 3906/1961/4022 3907/1962/4023
f 3863/1917/1268 3862/1916/4021 3907/1962/4023 3908/1963/1268
f 3864/1918/4024 3863/1917/4024 3908/1963/4024 3909/1964/4024
f 3865/1919/4025 3864/1918/4026 3909/1964/4026 3910/1965/4027
f 3866/1920/4028 3865/1919/4025 3910/1965/4027 3911/1966/4028
f 3867/1921/3968 3866/1920/3966 3911/1966/4029 3912/1967/4030
f 3868/1922/4031 3867/1921/4032 3912/1967/4032 3913/1968/4033
f 3869/1923/4034 3868/1922/4031 3913/1968/4033 3914/1969/4034
f 3871/1924/3975 3870/1925/4035 3915/1971/4035 3916/1970/4036
f 3872/1926/3976 3871/1924/3975 3916/1970/4036 3917/1972/4037
f 3873/1927/2004 3872/1926/1250 3917/1972/1250 3918/1973/2005
f 3874/1928/1202 3873/1927/2004 3918/1973/2005 3919/1974/1202
f 3875/1929/3981 3874/1928/3980 3919/1974/218 3920/1975/218
f 3876/1930/4038 3875/1929/4039 3920/1975/4040 3921/1976/4041
f 3877/1931/4042 3876/1930/4038 3921/1976/4041 3922/1977/4042
f 3878/1932/4043 3877/1931/218 3922/1977/218 3923/1978/4044
f 3879/1933/4045 3878/1932/4043 3923/1978/4044 3924/1979/4045
f 3880/1934/3987 3879/1933/3985 3924/1979/4046 3925/1980/4047
f 3881/1935/4048 3880/1934/3987 3925/1980/4047 3926/1981/4049
f 3882/1936/4050 3881/1935/4048 3926/1981/4049 3927/1982/4051
f 3883/1937/4052 3882/1936/4050 3927/1982/4051 3928/1983/4053
f 3884/1938/4054 3883/1937/4052 3928/1983/4053 3929/1984/4055
f 3885/1939/4056 3884/1938/4054 3929/1984/4055 3930/1985/4057
f 3886/1940/4058 3885/1939/4056 3930/1985/4057 3931/1986/4058
f 3887/1941/1440 3886/1940/1440 3931/1986/1440 3932/1987/1440
f 3888/1942/1268 3887/1941/1268 3932/1987/1268 3933/1988/1268
f 3889/1943/1739 3888/1942/3998 3933/1988/4059 3934/1989/4060
f 3890/1944/4061 3889/1943/1739 3934/1989/4060 3935/1990/4061
f 3891/1900/218 3890/1944/1202 3935/1990/1202 3936/1946/1202
f 3892/1945/4062 3936/1946/4063 3981/1992/4064 3937/1991/4062
f 3893/1947/4065 3892/1948/4066 3937/1994/4066 3938/1993/4067
f 3894/1949/4068 3893/1947/4065 3938/1993/4067 3939/1995/4069
f 3895/1950/1268 3894/1949/4068 3939/1995/4069 3940/1996/1268
f 3896/1951/1260 3895/1950/1260 3940/1996/1260 3941/1997/1260
f 3897/1952/4070 3896/1951/4070 3941/1997/4070 3942/1998/4070
f 3898/1953/4071 3897/1952/4071 3942/1998/4071 3943/1999/4071
f 3899/1954/1202 3898/1953/1202 3943/1999/4072 3944/2000/4073
f 3900/1955/4074 3899/1954/4074 3944/2000/4074 3945/2001/4074
f 3901/1956/4014 3900/1955/4012 3945/2001/1268 3946/2002/4075
f 3902/1957/4076 3901/1956/4014 3946/2002/4075 3947/2003/4076
f 3903/1958/4017 3902/1957/4016 3947/2003/218 3948/2004/218
f 3904/1959/4077 3903/1958/4078 3948/2004/4078 3949/2005/4079
f 3905/1960/3500 3904/1959/4077 3949/2005/4079 3950/2006/3500
f 3906/1961/218 3905/1960/218 3950/2006/4080 3951/2007/4081
f 3907/1962/4082 3906/1961/4083 3951/2007/4083 3952/2008/4084
f 3908/1963/4085 3907/1962/4082 3952/2008/4084 3953/2009/4085
f 3909/1964/4086 3908/1963/4086 3953/2009/4086 3954/2010/4086
f 3910/1965/4087 3909/1964/4088 3954/2010/4088 3955/2011/4089
f 3911/1966/4029 3910/1965/4087 3955/2011/4089 3956/2012/4090
f 3912/1967/4030 3911/1966/4029 3956/2012/4090 3957/2013/4091
f 3913/1968/4092 3912/1967/4030 3957/2013/4091 3958/2014/4092
f 3914/1969/1202 3913/1968/1202 3958/2014/4093 3959/2015/4094
f 3916/1970/4095 3915/1971/4095 3960/2017/4095 3961/2016/4095
f 3917/1972/218 3916/1970/218 3961/2016/4096 3962/2018/4097
f 3918/1973/4098 3917/1972/4099 3962/2018/4099 3963/2019/4100
f 3919/1974/4101 3918/1973/4098 3963/2019/4100 3964/2020/4101
f 3920/1975/4040 3919/1974/4101 3964/2020/4101 3965/2021/4102
f 3921/1976/4041 3920/1975/4040 3965/2021/4102 3966/2022/4103
f 3922/1977/218 3921/1976/218 3966/2022/4104 3967/2023/4105
f 3923/1978/4106 3922/1977/4107 3967/2023/4107 3968/2024/4108
f 3924/1979/4109 3923/1978/4106 3968/2024/4108 3969/2025/4110
f 3925/1980/4111 3924/1979/4109 3969/2025/4110 3970/2026/4111
f 3926/1981/4112 3925/1980/4112 3970/2026/4112 3971/2027/4112
f 3927/1982/4051 3926/1981/4049 3971/2027/4113 3972/2028/4114
f 3928/1983/4053 3927/1982/4051 3972/2028/4114 3973/2029/4115
f 3929/1984/1202 3928/1983/1202 3973/2029/4116 3974/2030/4117
f 3930/1985/4118 3929/1984/4119 3974/2030/4119 3975/2031/4120
f 3931/1986/4121 3930/1985/4118 3975/2031/4120 3976/2032/4121
f 3932/1987/1250 3931/1986/1250 3976/2032/1250 3977/2033/1250
f 3933/1988/4059 3932/1987/4122 3977/2033/4122 3978/2034/4123
f 3934/1989/4060 3933/1988/4059 3978/2034/4123 3979/2035/4124
f 3935/1990/1202 3934/1989/1202 3979/2035/1202 3980/2036/1202
f 3936/1946/4063 3935/1990/1260 3980/2036/1260 3981/1992/4064
f 3937/1991/4125 3981/1992/4126 1959/2037/4127
f 3938/1993/4128 3937/1994/4125 1959/2038/4127
f 3939/1995/4129 3938/1993/4128 1959/2039/4127
f 3940/1996/4130 3939/1995/4129 1959/2040/4127
f 3941/1997/4131 3940/1996/4130 1959/2041/4127
f 3942/1998/4132 3941/1997/4131 1959/2042/4127
f 3943/1999/4072 3942/1998/4133 1959/2043/4134
f 3944/2000/4073 3943/1999/4072 1959/2044/4134
f 3945/2001/4135 3944/2000/4073 1959/2045/4134
f 3946/2002/4136 3945/2001/4135 1959/2046/4134
f 3947/2003/4137 3946/2002/4136 1959/2047/4134
f 3948/2004/4138 3947/2003/4137 1959/2048/4134
f 3949/2005/4139 3948/2004/4138 1959/2049/4134
f 3950/2006/4080 3949/2005/4139 1959/2050/4134
f 3951/2007/4081 3950/2006/4080 1959/2051/4134
f 3952/2008/4140 3951/2007/4081 1959/2052/4134
f 3953/2009/4141 3952/2008/4140 1959/2053/4134
f 3954/2010/4142 3953/2009/4141 1959/2054/4134
f 3955/2011/4143 3954/2010/4142 1959/2055/4134
f 3956/2012/4144 3955/2011/4143 1959/2056/4134
f 3957/2013/4145 3956/2012/4144 1959/2057/4134
f 3958/2014/4093 3957/2013/4145 1959/2058/4134
f 3959/2015/4094 3958/2014/4093 1959/2059/4134
f 3961/2016/4096 3960/2017/4146 1959/2060/4127
f 3962/2018/4097 3961/2016/4096 1959/2061/4127
f 3963/2019/4147 3962/2018/4097 1959/2062/4127
f 3964/2020/4148 3963/2019/4147 1959/2063/4127
f 3965/2021/4149 3964/2020/4148 1959/2064/4127
f 3966/2022/4104 3965/2021/4149 1959/2065/4127
f 3967/2023/4105 3966/2022/4104 1959/2066/4127
f 3968/2024/4150 3967/2023/4105 1959/2067/4127
f 3969/2025/4151 3968/2024/4150 1959/2068/4127
f 3970/2026/4152 3969/2025/4151 1959/2069/4127
f 3971/2027/4153 3970/2026/4152 1959/2070/4127
f 3972/2028/4154 3971/2027/4153 1959/2071/4127
f 3973/2029/4116 3972/2028/4154 1959/2072/4127
f 3974/2030/4117 3973/2029/4116 1959/2073/4127
f 3975/2031/4155 3974/2030/4117 1959/2074/4127
f 3976/2032/4156 3975/2031/4155 1959/2075/4127
f 3977/2033/4157 3976/2032/4156 1959/2076/4127
f 3978/2034/4158 3977/2033/4157 1959/2077/4127
f 3979/2035/4159 3978/2034/4158 1959/2078/4127
f 3980/2036/4160 3979/2035/4159 1959/2079/4127
f 3981/1992/4126 3980/2036/4160 1959/2080/4127
f 1959/2081/4161 4026/2083/4162 3982/2082/4163
f 1959/2039/4161 3982/2085/4163 3983/2084/4164
f 1959/2040/4161 3983/2084/4164 3984/2086/4165
f 1959/2041/4161 3984/2086/4165 3985/2087/4166
f 1959/2042/4161 3985/2087/4166 3986/2088/4167
f 1959/2043/4161 3986/2088/4167 3987/2089/4168
f 1959/2044/4169 3987/2089/4170 3988/2090/4171
f 1959/2045/4169 3988/2090/4171 3989/2091/4172
f 1959/2046/4169 3989/2091/4172 3990/2092/4173
f 1959/2047/4169 3990/2092/4173 3991/2093/4174
f 1959/2048/4169 3991/2093/4174 3992/2094/4175
f 1959/2049/4169 3992/2094/4175 3993/2095/4176
f 1959/2050/4169 3993/2095/4176 3994/2096/4177
f 1959/2051/4169 3994/2096/4177 3995/2097/4178
f 1959/2052/4169 3995/2097/4178 3996/2098/4179
f 1959/2053/4169 3996/2098/4179 3997/2099/4180
f 1959/2054/4169 3997/2099/4180 3998/2100/4181
f 1959/2055/4169 3998/2100/4181 3999/2101/4182
f 1959/2056/4169 3999/2101/4182 4000/2102/4183
f 1959/2057/4169 4000/2102/4183 4001/2103/4184
f 1959/2058/4169 4001/2103/4184 4002/2104/4185
f 1959/2059/4169 4002/2104/4185 4003/2105/2164
f 1959/2106/4169 4003/2105/2164 4004/2107/4186
f 1959/2061/4161 4005/2109/4187 4006/2108/4188
f 1959/2062/4161 4006/2108/4188 4007/2110/4189
f 1959/2063/4161 4007/2110/4189 4008/2111/4190
f 1959/2064/4161 4008/2111/4190 4009/2112/4191
f 1959/2065/4161 4009/2112/4191 4010/2113/4192
f 1959/2066/4161 4010/2113/4192 4011/2114/4193
f 1959/2067/4161 4011/2114/4193 4012/2115/4194
f 1959/2068/4161 4012/2115/4194 4013/2116/4195
f 1959/2069/4161 4013/2116/4195 4014/2117/4196
f 1959/2070/4161 4014/2117/4196 4015/2118/4197
f 1959/2071/4161 4015/2118/4197 4016/2119/4198
f 1959/2072/4161 4016/2119/4198 4017/2120/4199
f 1959/2073/4161 4017/2120/4199 4018/2121/4200
f 1959/2074/4161 4018/2121/4200 4019/2122/4201
f 1959/2075/4161 4019/2122/4201 4020/2123/4202
f 1959/2076/4161 4020/2123/4202 4021/2124/4203
f 1959/2077/4161 4021/2124/4203 4022/2125/4204
f 1959/2078/4161 4022/2125/4204 4023/2126/4205
f 1959/2079/4161 4023/2126/4205 4024/2127/4206
f 1959/2080/4161 4024/2127/4206 4025/2128/4207
f 1959/2037/4161 4025/2128/4207 4026/2083/4162
f 2400/421/2187 2007/421/2189 2005/377/2188 2357/377/2188
f 2401/425/446 2008/425/447 2010/422/2190 2444/422/2190
f 2443/423/2191 2009/423/2191 2007/421/2189 2400/421/2187
f 2357/377/1202 2005/377/1202 2006/378/1202 2358/378/1202
f 2183/199/1202 2011/199/1202 2012/200/1202 2184/200/1202
f 2184/200/2192 2012/200/2192 2014/245/2192 2228/245/2192
f 2227/244/2193 2013/244/2193 2011/199/2193 2183/199/2193
f 2615/641/1202 2015/641/1202 2016/642/1202 2616/642/1202
f 2616/642/2194 2016/642/2194 2018/688/723 2659/688/721
f 2702/730/218 2020/730/218 2019/686/218 2701/686/218
f 2658/685/674 2017/685/675 2015/641/2195 2615/641/2195
f 2917/949/2196 2023/949/2198 2021/905/2197 2873/905/2197
f 2873/905/1202 2021/905/1202 2022/906/1202 2874/906/1202
f 2918/950/950 2024/950/951 2026/996/2199 2962/996/2199
f 2961/995/2200 2025/995/2200 2023/949/2198 2917/949/2196
l 6 7
l 5 1
l 7 1
l 1 8
l 2031 2032
l 2030 2027
l 2032 2027
l 2027 2033
